ISO-10303-21;
HEADER;
FILE_DESCRIPTION (( 'STEP AP214' ),
    '1' );
FILE_NAME ('LED-SMD_4P-L3.5-W2.8-BR-1.STEP',
    '2021-11-08T10:43:12',
    ( '' ),
    ( '' ),
    'SwSTEP 2.0',
    'SolidWorks 2018',
    '' );
FILE_SCHEMA (( 'AUTOMOTIVE_DESIGN' ));
ENDSEC;

DATA;
#1 = CARTESIAN_POINT ( 'NONE',  ( -0.008287657899241539228, 0.1965035088218576864, 0.02999999999999999889 ) ) ;
#2 = VERTEX_POINT ( 'NONE', #3548 ) ;
#3 = STYLED_ITEM ( 'NONE', ( #1877 ), #1618 ) ;
#4 = ORIENTED_EDGE ( 'NONE', *, *, #1485, .F. ) ;
#5 = SURFACE_STYLE_FILL_AREA ( #2264 ) ;
#6 = ORIENTED_EDGE ( 'NONE', *, *, #6293, .F. ) ;
#7 = LINE ( 'NONE', #3559, #4694 ) ;
#8 = VERTEX_POINT ( 'NONE', #109 ) ;
#9 = VECTOR ( 'NONE', #1493, 1000.000000000000000 ) ;
#10 = CARTESIAN_POINT ( 'NONE',  ( 0.3224128001216607364, 0.1226783898601402772, 0.000000000000000000 ) ) ;
#11 = UNCERTAINTY_MEASURE_WITH_UNIT (LENGTH_MEASURE( 1.000000000000000082E-05 ), #2737, 'distance_accuracy_value', 'NONE');
#12 = FILL_AREA_STYLE ('',( #3890 ) ) ;
#13 = CARTESIAN_POINT ( 'NONE',  ( 0.2573058590267100487, 0.01405167196513515925, 0.02999999999999999889 ) ) ;
#14 = CARTESIAN_POINT ( 'NONE',  ( -0.1775555595306678447, 0.06859145452268591847, 0.02999999999999999889 ) ) ;
#15 = CARTESIAN_POINT ( 'NONE',  ( 0.3196961914759959833, 0.1394993746253097022, 0.02999999999999999889 ) ) ;
#16 = EDGE_CURVE ( 'NONE', #496, #6146, #6204, .T. ) ;
#17 = CARTESIAN_POINT ( 'NONE',  ( 1.750000000000000000, 0.4000000000000000777, 0.1200000000000011890 ) ) ;
#18 = FACE_OUTER_BOUND ( 'NONE', #4727, .T. ) ;
#19 = FACE_OUTER_BOUND ( 'NONE', #1749, .T. ) ;
#20 = PLANE ( 'NONE',  #3400 ) ;
#21 = AXIS2_PLACEMENT_3D ( 'NONE', #2828, #3377, #1814 ) ;
#22 = CARTESIAN_POINT ( 'NONE',  ( 1.550000000000000266, -1.399999999999999911, 0.9499999999999999556 ) ) ;
#23 = CARTESIAN_POINT ( 'NONE',  ( -0.04418509379667742709, 0.01701632933467818118, 0.02999999999999999889 ) ) ;
#24 = FACE_OUTER_BOUND ( 'NONE', #3569, .T. ) ;
#25 = DIRECTION ( 'NONE',  ( -0.4285842068721734122, 0.9035018415143103443, 0.000000000000000000 ) ) ;
#26 = ORIENTED_EDGE ( 'NONE', *, *, #4763, .F. ) ;
#27 = CARTESIAN_POINT ( 'NONE',  ( -0.008287657899241539228, 0.1144522267705756352, 0.02999999999999999889 ) ) ;
#28 =( NAMED_UNIT ( * ) SI_UNIT ( $, .STERADIAN. ) SOLID_ANGLE_UNIT ( ) );
#29 = LINE ( 'NONE', #1064, #1768 ) ;
#30 = CARTESIAN_POINT ( 'NONE',  ( 0.2399355800268253569, 0.2015626774714116831, 0.000000000000000000 ) ) ;
#31 = CARTESIAN_POINT ( 'NONE',  ( 0.3111563641847218120, 0.1598346961072046879, 0.02999999999999999889 ) ) ;
#32 = CARTESIAN_POINT ( 'NONE',  ( -0.008287657899241539228, 0.1144522267705756352, 0.02999999999999999889 ) ) ;
#33 = CARTESIAN_POINT ( 'NONE',  ( 0.1622807479203701442, 0.03604198103976671841, 0.02999999999999999889 ) ) ;
#34 = ORIENTED_EDGE ( 'NONE', *, *, #4105, .F. ) ;
#35 = PRESENTATION_LAYER_ASSIGNMENT (  '', '', ( #4425 ) ) ;
#36 = EDGE_CURVE ( 'NONE', #2116, #6238, #4201, .T. ) ;
#37 = CARTESIAN_POINT ( 'NONE',  ( -1.579999999999999849, 0.4000000000000000777, 0.9499999999999999556 ) ) ;
#38 = VERTEX_POINT ( 'NONE', #2034 ) ;
#39 = CARTESIAN_POINT ( 'NONE',  ( 1.749999999999999778, 1.400000000000000355, 0.8299999999999999600 ) ) ;
#40 = LINE ( 'NONE', #2088, #3799 ) ;
#41 = EDGE_CURVE ( 'NONE', #1154, #4768, #3261, .T. ) ;
#42 = CARTESIAN_POINT ( 'NONE',  ( 1.629999999999999893, -1.100000000000000089, 0.1200000000000002176 ) ) ;
#43 = CARTESIAN_POINT ( 'NONE',  ( -0.1724774984515205778, 0.03401718973332478607, 1.355252715606880543E-17 ) ) ;
#44 = AXIS2_PLACEMENT_3D ( 'NONE', #1644, #1190, #5092 ) ;
#45 = EDGE_LOOP ( 'NONE', ( #5376, #3217, #4170, #1235 ) ) ;
#46 = ORIENTED_EDGE ( 'NONE', *, *, #557, .F. ) ;
#47 = ORIENTED_EDGE ( 'NONE', *, *, #4925, .T. ) ;
#48 = DIRECTION ( 'NONE',  ( 0.000000000000000000, -0.000000000000000000, 1.000000000000000000 ) ) ;
#49 = CARTESIAN_POINT ( 'NONE',  ( -1.431778013715337528, 1.316187654346258507, 1.800000000000000044 ) ) ;
#50 = CARTESIAN_POINT ( 'NONE',  ( 0.1619314851287003698, 0.1979984622773851011, 0.000000000000000000 ) ) ;
#51 = UNCERTAINTY_MEASURE_WITH_UNIT (LENGTH_MEASURE( 1.000000000000000082E-05 ), #3876, 'distance_accuracy_value', 'NONE');
#52 = VECTOR ( 'NONE', #91, 1000.000000000000000 ) ;
#53 = EDGE_CURVE ( 'NONE', #832, #3919, #4959, .T. ) ;
#54 = LINE ( 'NONE', #5311, #5195 ) ;
#55 = CARTESIAN_POINT ( 'NONE',  ( -1.629999999999999893, -1.100000000000000089, 0.7799999999999996936 ) ) ;
#56 = CARTESIAN_POINT ( 'NONE',  ( 1.549999999999999822, -1.399999999999999911, 0.8299999999999999600 ) ) ;
#57 = CARTESIAN_POINT ( 'NONE',  ( 1.549999999999999822, 1.100000000000000089, 0.8299999999999999600 ) ) ;
#58 = CARTESIAN_POINT ( 'NONE',  ( -0.1265024908919525348, 0.03947189900142248492, 0.000000000000000000 ) ) ;
#59 = VECTOR ( 'NONE', #2425, 1000.000000000000000 ) ;
#60 = FACE_OUTER_BOUND ( 'NONE', #5816, .T. ) ;
#61 = PLANE ( 'NONE',  #5533 ) ;
#62 = B_SPLINE_CURVE_WITH_KNOTS ( 'NONE', 3,
 ( #3515, #1480, #1968, #5434, #5942, #3969, #6003, #1014, #492, #978, #2969, #4466, #1517, #569, #4954, #1987, #4421, #5459, #1553 ),
 .UNSPECIFIED., .F., .F.,
 ( 4, 1, 1, 1, 1, 1, 1, 1, 1, 1, 1, 1, 1, 1, 1, 1, 4 ),
 ( 0.000000000000000000, 0.07015117599727850595, 0.1378126061901915334, 0.2032262471813940652, 0.2671740552944736335, 0.3300240034081791118, 0.3917942717866856883, 0.4530843989971406471, 0.5143339076458771641, 0.5749999928182689679, 0.6348654826222126513, 0.6941163151896416750, 0.7534416217804384974, 0.8131258003036114790, 0.8740796856370747214, 0.9360070132744073845, 1.000000000000000000 ),
 .UNSPECIFIED. ) ;
#63 = CARTESIAN_POINT ( 'NONE',  ( 0.2973928387864665512, 0.1770445180009315167, 0.000000000000000000 ) ) ;
#64 = CARTESIAN_POINT ( 'NONE',  ( 0.2452621900742329442, 0.01241225093805167073, 0.02999999999999999889 ) ) ;
#65 = ORIENTED_EDGE ( 'NONE', *, *, #1432, .F. ) ;
#66 = CARTESIAN_POINT ( 'NONE',  ( 0.1468223879401191478, 0.05220447090975625232, 0.02999999999999999889 ) ) ;
#67 = ORIENTED_EDGE ( 'NONE', *, *, #4852, .F. ) ;
#68 = PLANE ( 'NONE',  #661 ) ;
#69 = ORIENTED_EDGE ( 'NONE', *, *, #5087, .T. ) ;
#70 = EDGE_CURVE ( 'NONE', #2004, #5372, #1175, .T. ) ;
#71 = ORIENTED_EDGE ( 'NONE', *, *, #1076, .F. ) ;
#72 = FILL_AREA_STYLE ('',( #4018 ) ) ;
#73 = VECTOR ( 'NONE', #1843, 1000.000000000000000 ) ;
#74 = ORIENTED_EDGE ( 'NONE', *, *, #2397, .F. ) ;
#75 = FILL_AREA_STYLE ('',( #643 ) ) ;
#76 = ORIENTED_EDGE ( 'NONE', *, *, #5304, .F. ) ;
#77 = CARTESIAN_POINT ( 'NONE',  ( -1.629999999999999893, -1.100000000000000089, 0.7799999999999996936 ) ) ;
#78 = FACE_OUTER_BOUND ( 'NONE', #3415, .T. ) ;
#79 = CARTESIAN_POINT ( 'NONE',  ( 0.08658413697255337715, 0.1965035088218576864, 0.02999999999999999889 ) ) ;
#80 = EDGE_CURVE ( 'NONE', #730, #6074, #5571, .T. ) ;
#81 = CARTESIAN_POINT ( 'NONE',  ( 0.3111563641847218120, 0.1598346961072046879, 0.000000000000000000 ) ) ;
#82 = CARTESIAN_POINT ( 'NONE',  ( -1.000000000000000000, -0.4000000000000000222, -0.05000000000000012074 ) ) ;
#83 = CARTESIAN_POINT ( 'NONE',  ( 0.2844298481917654220, 0.02288515382555573671, 0.02999999999999999889 ) ) ;
#84 = FACE_OUTER_BOUND ( 'NONE', #3665, .T. ) ;
#85 = ORIENTED_EDGE ( 'NONE', *, *, #3441, .T. ) ;
#86 = CARTESIAN_POINT ( 'NONE',  ( 1.750000000000000222, -1.317820171807394303, 0.000000000000000000 ) ) ;
#87 = VECTOR ( 'NONE', #3122, 1000.000000000000000 ) ;
#88 =( LENGTH_UNIT ( ) NAMED_UNIT ( * ) SI_UNIT ( .MILLI., .METRE. ) );
#89 = PRESENTATION_LAYER_ASSIGNMENT (  '', '', ( #2385 ) ) ;
#90 = CARTESIAN_POINT ( 'NONE',  ( -0.2936642604633441511, 0.1016317139500628047, 0.02999999999999999889 ) ) ;
#91 = DIRECTION ( 'NONE',  ( 1.000000000000000000, 0.000000000000000000, 1.285153437213423508E-16 ) ) ;
#92 = ORIENTED_EDGE ( 'NONE', *, *, #5464, .T. ) ;
#93 = PRESENTATION_STYLE_ASSIGNMENT (( #5658 ) ) ;
#94 = DIRECTION ( 'NONE',  ( 0.000000000000000000, 0.000000000000000000, 1.000000000000000000 ) ) ;
#95 = ORIENTED_EDGE ( 'NONE', *, *, #4239, .T. ) ;
#96 = PRESENTATION_LAYER_ASSIGNMENT (  '', '', ( #2163 ) ) ;
#97 = CARTESIAN_POINT ( 'NONE',  ( 0.2793407224891028551, 0.02056994339484822035, 0.000000000000000000 ) ) ;
#98 = CARTESIAN_POINT ( 'NONE',  ( -0.1200423965011278016, 0.1943690517185640010, 0.02999999999999999889 ) ) ;
#99 = CARTESIAN_POINT ( 'NONE',  ( 1.629999999999999893, 0.4000000000000000777, 0.7799999999999996936 ) ) ;
#100 = ADVANCED_FACE ( 'NONE', ( #882, #4283 ), #576, .T. ) ;
#101 = CARTESIAN_POINT ( 'NONE',  ( 0.3150697138956303212, 0.04686408574493459989, 0.02999999999999999889 ) ) ;
#102 =( GEOMETRIC_REPRESENTATION_CONTEXT ( 3 ) GLOBAL_UNCERTAINTY_ASSIGNED_CONTEXT ( ( #4340 ) ) GLOBAL_UNIT_ASSIGNED_CONTEXT ( ( #350, #5639, #3564 ) ) REPRESENTATION_CONTEXT ( 'NONE', 'WORKASPACE' ) );
#103 = ORIENTED_EDGE ( 'NONE', *, *, #5169, .F. ) ;
#104 = EDGE_CURVE ( 'NONE', #1091, #5085, #3644, .T. ) ;
#105 = FILL_AREA_STYLE ('',( #3096 ) ) ;
#106 = SURFACE_SIDE_STYLE ('',( #4054 ) ) ;
#107 = ORIENTED_EDGE ( 'NONE', *, *, #3976, .T. ) ;
#108 = EDGE_CURVE ( 'NONE', #713, #258, #2009, .T. ) ;
#109 = CARTESIAN_POINT ( 'NONE',  ( -0.4041610553351390189, 0.01701632933467818118, 0.000000000000000000 ) ) ;
#110 = ORIENTED_EDGE ( 'NONE', *, *, #638, .T. ) ;
#111 = UNCERTAINTY_MEASURE_WITH_UNIT (LENGTH_MEASURE( 1.000000000000000082E-05 ), #4282, 'distance_accuracy_value', 'NONE');
#112 = STYLED_ITEM ( 'NONE', ( #274 ), #1252 ) ;
#113 = EDGE_CURVE ( 'NONE', #4135, #575, #1792, .T. ) ;
#114 = ORIENTED_EDGE ( 'NONE', *, *, #4279, .F. ) ;
#115 = LINE ( 'NONE', #6164, #4280 ) ;
#116 = CARTESIAN_POINT ( 'NONE',  ( 0.3362914604499180893, 0.1491920014659390559, 0.02999999999999999889 ) ) ;
#117 = FILL_AREA_STYLE_COLOUR ( '', #6237 ) ;
#118 = CARTESIAN_POINT ( 'NONE',  ( 0.2513758804057555363, 0.01306652161862246683, 0.000000000000000000 ) ) ;
#119 = CARTESIAN_POINT ( 'NONE',  ( -0.1376546450787286824, 0.1908945344628833474, 0.02999999999999999889 ) ) ;
#120 = CARTESIAN_POINT ( 'NONE',  ( 0.3112910624704624540, 0.04258288988906891448, 0.02999999999999999889 ) ) ;
#121 = SURFACE_STYLE_FILL_AREA ( #1989 ) ;
#122 = SURFACE_STYLE_FILL_AREA ( #2126 ) ;
#123 = DIRECTION ( 'NONE',  ( -0.4285960263555439465, 0.9034962347415942396, 0.000000000000000000 ) ) ;
#124 =( LENGTH_UNIT ( ) NAMED_UNIT ( * ) SI_UNIT ( .MILLI., .METRE. ) );
#125 = CARTESIAN_POINT ( 'NONE',  ( 0.3402139317572497879, 0.1080219635787161431, 0.000000000000000000 ) ) ;
#126 = LINE ( 'NONE', #3587, #4598 ) ;
#127 = DIRECTION ( 'NONE',  ( 0.000000000000000000, -0.000000000000000000, -1.000000000000000000 ) ) ;
#128 = ADVANCED_FACE ( 'NONE', ( #2951 ), #1040, .F. ) ;
#129 = PRESENTATION_LAYER_ASSIGNMENT (  '', '', ( #5409 ) ) ;
#130 = B_SPLINE_CURVE_WITH_KNOTS ( 'NONE', 3,
 ( #665, #2627, #4693, #4151, #2145, #706, #5133, #2160, #4663, #4110, #3173 ),
 .UNSPECIFIED., .F., .F.,
 ( 4, 1, 1, 1, 1, 1, 1, 1, 4 ),
 ( 0.000000000000000000, 0.1642892164747606909, 0.3174059112304910557, 0.4588436116410199994, 0.5893665423053090491, 0.7078313187781719584, 0.8157700306990053329, 0.9128799029021265055, 1.000000000000000000 ),
 .UNSPECIFIED. ) ;
#131 = EDGE_LOOP ( 'NONE', ( #376, #4601, #2776 ) ) ;
#132 = DIRECTION ( 'NONE',  ( -0.000000000000000000, 1.000000000000000000, -0.000000000000000000 ) ) ;
#133 = ORIENTED_EDGE ( 'NONE', *, *, #5162, .F. ) ;
#134 = ORIENTED_EDGE ( 'NONE', *, *, #2403, .T. ) ;
#135 = STYLED_ITEM ( 'NONE', ( #6208 ), #4881 ) ;
#136 = CARTESIAN_POINT ( 'NONE',  ( -1.579999999999999849, -1.100000000000000089, 0.7800000000000000266 ) ) ;
#137 =( GEOMETRIC_REPRESENTATION_CONTEXT ( 3 ) GLOBAL_UNCERTAINTY_ASSIGNED_CONTEXT ( ( #5837 ) ) GLOBAL_UNIT_ASSIGNED_CONTEXT ( ( #171, #4620, #5131 ) ) REPRESENTATION_CONTEXT ( 'NONE', 'WORKASPACE' ) );
#138 = ORIENTED_EDGE ( 'NONE', *, *, #2442, .F. ) ;
#139 = LINE ( 'NONE', #265, #6386 ) ;
#140 = CARTESIAN_POINT ( 'NONE',  ( 0.1612636241520405689, 0.06573427805262690993, 0.02999999999999999889 ) ) ;
#141 = CARTESIAN_POINT ( 'NONE',  ( -0.2839286835402671794, 0.08111889343724229540, 0.02999999999999999889 ) ) ;
#142 = CARTESIAN_POINT ( 'NONE',  ( 0.2347287934051546787, 0.01190309520966101146, 0.02999999999999999889 ) ) ;
#143 = ORIENTED_EDGE ( 'NONE', *, *, #697, .F. ) ;
#144 = VECTOR ( 'NONE', #5382, 1000.000000000000000 ) ;
#145 = EDGE_LOOP ( 'NONE', ( #1262, #5457, #1101, #3235 ) ) ;
#146 = ORIENTED_EDGE ( 'NONE', *, *, #2938, .T. ) ;
#147 = CARTESIAN_POINT ( 'NONE',  ( 0.2440093189096195214, 0.2218709032676669246, 0.000000000000000000 ) ) ;
#148 = COLOUR_RGB ( '',0.7960784313725489669, 0.8235294117647058432, 0.9372549019607843146 ) ;
#149 = CARTESIAN_POINT ( 'NONE',  ( 0.2259715416606001559, 0.2220624497666280617, 0.02999999999999999889 ) ) ;
#150 = AXIS2_PLACEMENT_3D ( 'NONE', #5734, #2772, #2194 ) ;
#151 = EDGE_CURVE ( 'NONE', #3316, #2, #3513, .T. ) ;
#152 = PRODUCT_DEFINITION ( 'Î´Öª', '', #935, #875 ) ;
#153 = DIRECTION ( 'NONE',  ( 0.000000000000000000, 0.000000000000000000, 1.000000000000000000 ) ) ;
#154 = VECTOR ( 'NONE', #1754, 1000.000000000000000 ) ;
#155 = CARTESIAN_POINT ( 'NONE',  ( -0.1924355623670046256, 0.05611073005952841447, 0.000000000000000000 ) ) ;
#156 = UNCERTAINTY_MEASURE_WITH_UNIT (LENGTH_MEASURE( 1.000000000000000082E-05 ), #3488, 'distance_accuracy_value', 'NONE');
#157 = DIRECTION ( 'NONE',  ( 1.000000000000000000, 0.000000000000000000, 0.000000000000000000 ) ) ;
#158 = LINE ( 'NONE', #4242, #4924 ) ;
#159 = DIRECTION ( 'NONE',  ( 1.000000000000000000, 1.548860246407863583E-16, -0.000000000000000000 ) ) ;
#160 = LINE ( 'NONE', #56, #1311 ) ;
#161 = EDGE_CURVE ( 'NONE', #3687, #2396, #1809, .T. ) ;
#162 = CARTESIAN_POINT ( 'NONE',  ( -0.1127338421517737332, 0.1951723682526928239, 0.02999999999999999889 ) ) ;
#163 = DIRECTION ( 'NONE',  ( 1.000000000000000000, -0.000000000000000000, -0.000000000000000000 ) ) ;
#164 = ADVANCED_FACE ( 'NONE', ( #5991 ), #195, .F. ) ;
#165 = CARTESIAN_POINT ( 'NONE',  ( -1.000000000000000000, -1.100000000000000089, -0.05000000000000012074 ) ) ;
#166 = VERTEX_POINT ( 'NONE', #2561 ) ;
#167 = B_SPLINE_SURFACE_WITH_KNOTS ( 'NONE', 3, 1, ( 
 ( #3486, #4929 ),
 ( #1981, #5404 ),
 ( #5934, #1446 ),
 ( #5381, #1425 ),
 ( #1472, #2480 ),
 ( #2960, #1903 ),
 ( #3468, #58 ),
 ( #4864, #5356 ),
 ( #2936, #486 ),
 ( #5889, #5869 ),
 ( #523, #5906 ) ),
 .UNSPECIFIED., .F., .F., .F.,
 ( 4, 1, 1, 1, 1, 1, 1, 1, 4 ),
 ( 2, 2 ),
 ( 0.000000000000000000, 0.1719006646132689997, 0.3306279320958805945, 0.4755488358809185634, 0.6067461903123634315, 0.7250238034674904020, 0.8297423869584565903, 0.9213228203439755015, 0.9999999999999998890 ),
 ( 0.000000000000000000, 1.000000000000000000 ),
 .UNSPECIFIED. ) ;
#168 = LINE ( 'NONE', #5244, #5165 ) ;
#169 = PLANE ( 'NONE',  #5620 ) ;
#170 = CARTESIAN_POINT ( 'NONE',  ( -0.08509054251462612461, 0.03752914984749869398, 0.02999999999999999889 ) ) ;
#171 =( LENGTH_UNIT ( ) NAMED_UNIT ( * ) SI_UNIT ( .MILLI., .METRE. ) );
#172 = ORIENTED_EDGE ( 'NONE', *, *, #5172, .F. ) ;
#173 = SURFACE_SIDE_STYLE ('',( #3198 ) ) ;
#174 = CARTESIAN_POINT ( 'NONE',  ( 1.000000000000000222, 0.4000000000000000777, 0.06999999999999986788 ) ) ;
#175 = AXIS2_PLACEMENT_3D ( 'NONE', #450, #3411, #3350 ) ;
#176 = VECTOR ( 'NONE', #2935, 1000.000000000000000 ) ;
#177 = CARTESIAN_POINT ( 'NONE',  ( -0.3288004784120621693, 0.2170163293346782096, 0.000000000000000000 ) ) ;
#178 = DIRECTION ( 'NONE',  ( 0.000000000000000000, -1.000000000000000000, 0.000000000000000000 ) ) ;
#179 = ORIENTED_EDGE ( 'NONE', *, *, #3314, .T. ) ;
#180 = B_SPLINE_CURVE_WITH_KNOTS ( 'NONE', 3,
 ( #6129, #3232, #3251, #742, #6148, #769, #3189, #248, #5674, #4706, #2710, #6174, #789, #295, #2154, #5188, #5721, #1760, #2757 ),
 .UNSPECIFIED., .F., .F.,
 ( 4, 1, 1, 1, 1, 1, 1, 1, 1, 1, 1, 1, 1, 1, 1, 1, 4 ),
 ( 0.000000000000000000, 0.06241450026327791806, 0.1233382314733143525, 0.1831245376921932511, 0.2417829946389428997, 0.3005788825509771445, 0.3596800748966263450, 0.4188816408500466992, 0.4795306644577832511, 0.5408505357600387198, 0.6023033958983802227, 0.6644632119464729536, 0.7278057226670121560, 0.7928948147812349134, 0.8596723283028315787, 0.9284644007334887927, 0.9999999999999998890 ),
 .UNSPECIFIED. ) ;
#181 = ADVANCED_FACE ( 'NONE', ( #5199 ), #4149, .F. ) ;
#182 = SURFACE_STYLE_USAGE ( .BOTH. , #2566 ) ;
#183 = ORIENTED_EDGE ( 'NONE', *, *, #1140, .F. ) ;
#184 = SURFACE_SIDE_STYLE ('',( #2173 ) ) ;
#185 = AXIS2_PLACEMENT_3D ( 'NONE', #3811, #885, #4333 ) ;
#186 = ORIENTED_EDGE ( 'NONE', *, *, #4029, .F. ) ;
#187 = CARTESIAN_POINT ( 'NONE',  ( -1.579999999999998961, 0.4000000000000000777, -0.05000000000000004441 ) ) ;
#188 =( LENGTH_UNIT ( ) NAMED_UNIT ( * ) SI_UNIT ( .MILLI., .METRE. ) );
#190 = EDGE_CURVE ( 'NONE', #4575, #2693, #1440, .T. ) ;
#189 = ORIENTED_EDGE ( 'NONE', *, *, #6384, .F. ) ;
#191 = DIRECTION ( 'NONE',  ( -0.000000000000000000, 0.000000000000000000, 1.000000000000000000 ) ) ;
#192 = CARTESIAN_POINT ( 'NONE',  ( -0.3288004784120621138, 0.2170163293346781819, 0.000000000000000000 ) ) ;
#193 = DIRECTION ( 'NONE',  ( -0.4189977888269744155, -0.9079872537420919931, 0.000000000000000000 ) ) ;
#194 = SURFACE_SIDE_STYLE ('',( #4972 ) ) ;
#195 = PLANE ( 'NONE',  #2649 ) ;
#196 = VECTOR ( 'NONE', #5526, 1000.000000000000000 ) ;
#197 = DIRECTION ( 'NONE',  ( -1.000000000000000000, 0.000000000000000000, 0.000000000000000000 ) ) ;
#198 = ADVANCED_FACE ( 'NONE', ( #4667 ), #6064, .T. ) ;
#199 = COLOUR_RGB ( '',0.7960784313725489669, 0.8235294117647058432, 0.9372549019607843146 ) ;
#200 = VECTOR ( 'NONE', #4594, 1000.000000000000000 ) ;
#201 = CARTESIAN_POINT ( 'NONE',  ( 1.750000000000000222, -1.399999999999999911, 0.8299999999999999600 ) ) ;
#202 = LINE ( 'NONE', #4345, #4822 ) ;
#203 = DIRECTION ( 'NONE',  ( 0.000000000000000000, -0.000000000000000000, -1.000000000000000000 ) ) ;
#204 = CARTESIAN_POINT ( 'NONE',  ( 0.3328973525302039160, 0.1586893582995322627, 0.02999999999999999889 ) ) ;
#205 = CARTESIAN_POINT ( 'NONE',  ( -0.06213381174539531898, 0.1965035088218576864, 0.02999999999999999889 ) ) ;
#206 = FACE_OUTER_BOUND ( 'NONE', #912, .T. ) ;
#207 = SURFACE_STYLE_FILL_AREA ( #558 ) ;
#208 = CARTESIAN_POINT ( 'NONE',  ( -0.1903096092440094422, 0.1168714109927062317, 0.02999999999999999889 ) ) ;
#209 = MECHANICAL_DESIGN_GEOMETRIC_PRESENTATION_REPRESENTATION (  '', ( #5607 ), #5150 ) ;
#210 = ORIENTED_EDGE ( 'NONE', *, *, #5101, .T. ) ;
#211 = CARTESIAN_POINT ( 'NONE',  ( -1.579999999999998961, 0.4000000000000000777, -0.05000000000000004441 ) ) ;
#212 = SURFACE_STYLE_USAGE ( .BOTH. , #4171 ) ;
#213 = CARTESIAN_POINT ( 'NONE',  ( -0.2936642604633441511, 0.1016317139500628047, 0.000000000000000000 ) ) ;
#214 = CARTESIAN_POINT ( 'NONE',  ( -1.549999999999999822, -1.100000000000000089, 0.9499999999999999556 ) ) ;
#215 = DIRECTION ( 'NONE',  ( -0.000000000000000000, 1.000000000000000000, -0.000000000000000000 ) ) ;
#216 = ORIENTED_EDGE ( 'NONE', *, *, #884, .F. ) ;
#217 = ORIENTED_EDGE ( 'NONE', *, *, #1856, .F. ) ;
#218 = ORIENTED_EDGE ( 'NONE', *, *, #1542, .F. ) ;
#219 = SURFACE_STYLE_FILL_AREA ( #2942 ) ;
#220 = ORIENTED_EDGE ( 'NONE', *, *, #2454, .T. ) ;
#221 = B_SPLINE_CURVE_WITH_KNOTS ( 'NONE', 3,
 ( #2129, #1674, #5115, #3043, #116, #1751, #4229, #1727, #712, #797, #4669, #3727, #5138, #733, #5180, #5201, #2165, #2192, #5645 ),
 .UNSPECIFIED., .F., .F.,
 ( 4, 1, 1, 1, 1, 1, 1, 1, 1, 1, 1, 1, 1, 1, 1, 1, 4 ),
 ( 0.000000000000000000, 0.06455784592971912372, 0.1270135315497586959, 0.1879548102020904554, 0.2480139127896340834, 0.3077476818488373289, 0.3682345146974853045, 0.4294698439426694603, 0.4927434367465848841, 0.5562577687060833442, 0.6182167855431437431, 0.6796554755875550136, 0.7412455456206292759, 0.8034152647056967966, 0.8668154615439923605, 0.9323283119492651316, 1.000000000000000000 ),
 .UNSPECIFIED. ) ;
#222 = CARTESIAN_POINT ( 'NONE',  ( 1.579999999999999849, 1.100000000000000089, 0.7800000000000000266 ) ) ;
#223 = EDGE_CURVE ( 'NONE', #988, #1932, #126, .T. ) ;
#224 = ORIENTED_EDGE ( 'NONE', *, *, #5505, .T. ) ;
#225 = PLANE ( 'NONE',  #6244 ) ;
#226 = CARTESIAN_POINT ( 'NONE',  ( 0.1758026699701651374, 0.1827709275356421970, 0.000000000000000000 ) ) ;
#227 = VECTOR ( 'NONE', #5067, 1000.000000000000000 ) ;
#228 = CARTESIAN_POINT ( 'NONE',  ( 0.1885351250192765782, 0.1909398193425108636, 0.000000000000000000 ) ) ;
#229 = ADVANCED_FACE ( 'NONE', ( #281 ), #639, .T. ) ;
#230 = CARTESIAN_POINT ( 'NONE',  ( -1.550000000000000266, 1.100000000000000089, 0.9499999999999999556 ) ) ;
#231 = EDGE_CURVE ( 'NONE', #5801, #298, #3668, .T. ) ;
#232 = CARTESIAN_POINT ( 'NONE',  ( 0.3224094689257661628, 0.1138599333977024369, 0.02999999999999999889 ) ) ;
#233 = EDGE_CURVE ( 'NONE', #5305, #1687, #3507, .T. ) ;
#234 = FILL_AREA_STYLE ('',( #4619 ) ) ;
#235 = EDGE_CURVE ( 'NONE', #623, #5891, #4589, .T. ) ;
#236 = VECTOR ( 'NONE', #6176, 1000.000000000000000 ) ;
#237 =( NAMED_UNIT ( * ) PLANE_ANGLE_UNIT ( ) SI_UNIT ( $, .RADIAN. ) );
#238 =( NAMED_UNIT ( * ) PLANE_ANGLE_UNIT ( ) SI_UNIT ( $, .RADIAN. ) );
#239 = ORIENTED_EDGE ( 'NONE', *, *, #2169, .F. ) ;
#240 = SURFACE_STYLE_FILL_AREA ( #4648 ) ;
#241 = FILL_AREA_STYLE ('',( #6138 ) ) ;
#242 = ORIENTED_EDGE ( 'NONE', *, *, #283, .F. ) ;
#243 = DIRECTION ( 'NONE',  ( 0.000000000000000000, -1.000000000000000000, 0.000000000000000000 ) ) ;
#244 = DIRECTION ( 'NONE',  ( 0.7941277684358859501, -0.6077508431907271413, 0.000000000000000000 ) ) ;
#245 = CARTESIAN_POINT ( 'NONE',  ( 0.1946352241418727314, 0.1939377042634219395, 0.000000000000000000 ) ) ;
#246 = CARTESIAN_POINT ( 'NONE',  ( 0.2126605205620721306, 0.1996890977669887601, 0.02999999999999999889 ) ) ;
#247 = CARTESIAN_POINT ( 'NONE',  ( 1.549999999999999822, -1.100000000000000089, 0.8299999999999999600 ) ) ;
#248 = CARTESIAN_POINT ( 'NONE',  ( -0.1705237818534671157, 0.05991471528641996447, 0.02999999999999999889 ) ) ;
#249 = CARTESIAN_POINT ( 'NONE',  ( 1.000000000000000000, 0.4000000000000000777, -0.05000000000000012074 ) ) ;
#250 = LINE ( 'NONE', #2050, #6270 ) ;
#251 = CARTESIAN_POINT ( 'NONE',  ( 1.580000000000000071, 0.4000000000000000777, 0.1199999999999998707 ) ) ;
#252 = DIRECTION ( 'NONE',  ( -1.000000000000000000, 0.000000000000000000, 0.000000000000000000 ) ) ;
#253 = ORIENTED_EDGE ( 'NONE', *, *, #5585, .T. ) ;
#254 = CARTESIAN_POINT ( 'NONE',  ( 1.549999999999999822, 0.3999999999999999667, 0.8299999999999999600 ) ) ;
#255 = VERTEX_POINT ( 'NONE', #2715 ) ;
#256 = CARTESIAN_POINT ( 'NONE',  ( 0.1045328549212713176, 0.01701632933467818118, 0.02999999999999999889 ) ) ;
#257 = ADVANCED_FACE ( 'NONE', ( #3588 ), #2228, .T. ) ;
#258 = VERTEX_POINT ( 'NONE', #5679 ) ;
#259 = AXIS2_PLACEMENT_3D ( 'NONE', #4346, #1400, #4836 ) ;
#260 = STYLED_ITEM ( 'NONE', ( #5932 ), #1152 ) ;
#261 = ORIENTED_EDGE ( 'NONE', *, *, #2025, .F. ) ;
#262 = CARTESIAN_POINT ( 'NONE',  ( 1.550000000000000266, -1.100000000000000089, 0.9499999999999999556 ) ) ;
#263 = CARTESIAN_POINT ( 'NONE',  ( 0.1646095290195339067, 0.1722859740769842885, 0.000000000000000000 ) ) ;
#264 = CARTESIAN_POINT ( 'NONE',  ( -1.579999999999998517, 0.4000000000000000777, 0.9499999999999999556 ) ) ;
#265 = CARTESIAN_POINT ( 'NONE',  ( -1.750000000000000000, 0.4000000000000000777, 0.1200000000000011890 ) ) ;
#266 = AXIS2_PLACEMENT_3D ( 'NONE', #136, #3134, #1138 ) ;
#267 = ORIENTED_EDGE ( 'NONE', *, *, #3376, .T. ) ;
#268 = EDGE_CURVE ( 'NONE', #2896, #3213, #2020, .T. ) ;
#269 = DIRECTION ( 'NONE',  ( 0.000000000000000000, 0.000000000000000000, -1.000000000000000000 ) ) ;
#270 = SURFACE_STYLE_FILL_AREA ( #5082 ) ;
#271 = FILL_AREA_STYLE ('',( #3761 ) ) ;
#272 = LINE ( 'NONE', #3353, #59 ) ;
#273 = CARTESIAN_POINT ( 'NONE',  ( 0.5776535529154035453, 1.317820171807394303, 0.000000000000000000 ) ) ;
#274 = PRESENTATION_STYLE_ASSIGNMENT (( #6153 ) ) ;
#275 = DIRECTION ( 'NONE',  ( -0.000000000000000000, -0.000000000000000000, -1.000000000000000000 ) ) ;
#276 = SURFACE_STYLE_FILL_AREA ( #4860 ) ;
#277 = LINE ( 'NONE', #4819, #1506 ) ;
#278 =( NAMED_UNIT ( * ) SI_UNIT ( $, .STERADIAN. ) SOLID_ANGLE_UNIT ( ) );
#279 = VECTOR ( 'NONE', #1005, 1000.000000000000000 ) ;
#280 = CYLINDRICAL_SURFACE ( 'NONE', #3489, 0.1700000000000000122 ) ;
#281 = FACE_OUTER_BOUND ( 'NONE', #5697, .T. ) ;
#282 = VECTOR ( 'NONE', #4834, 1000.000000000000000 ) ;
#283 = EDGE_CURVE ( 'NONE', #1930, #5367, #1652, .T. ) ;
#284 = CARTESIAN_POINT ( 'NONE',  ( -0.008287657899241539228, 0.2170163293346781819, 0.02999999999999999889 ) ) ;
#285 = LINE ( 'NONE', #5098, #907 ) ;
#286 = DIRECTION ( 'NONE',  ( 0.4189977888269744155, 0.9079872537420919931, 0.000000000000000000 ) ) ;
#287 = CARTESIAN_POINT ( 'NONE',  ( 0.3285941895984677008, 0.1677825171699356965, 0.000000000000000000 ) ) ;
#288 = DIRECTION ( 'NONE',  ( -0.000000000000000000, -0.000000000000000000, -1.000000000000000000 ) ) ;
#289 = ADVANCED_FACE ( 'NONE', ( #6373 ), #299, .T. ) ;
#290 = CARTESIAN_POINT ( 'NONE',  ( 0.4583790087674252112, 0.01701632933467818118, 0.000000000000000000 ) ) ;
#291 = VERTEX_POINT ( 'NONE', #254 ) ;
#292 = ORIENTED_EDGE ( 'NONE', *, *, #4697, .F. ) ;
#293 = VERTEX_POINT ( 'NONE', #3721 ) ;
#294 = ORIENTED_EDGE ( 'NONE', *, *, #331, .T. ) ;
#295 = CARTESIAN_POINT ( 'NONE',  ( -0.1872189685392244562, 0.08952543156189141094, 0.02999999999999999889 ) ) ;
#296 = CARTESIAN_POINT ( 'NONE',  ( -0.1728410961237206445, 0.1680967785165100592, 0.000000000000000000 ) ) ;
#297 = FILL_AREA_STYLE_COLOUR ( '', #2567 ) ;
#298 = VERTEX_POINT ( 'NONE', #775 ) ;
#299 = PLANE ( 'NONE',  #2003 ) ;
#300 = VECTOR ( 'NONE', #1391, 1000.000000000000000 ) ;
#301 = ORIENTED_EDGE ( 'NONE', *, *, #5848, .F. ) ;
#302 = ORIENTED_EDGE ( 'NONE', *, *, #1295, .T. ) ;
#303 = PLANE ( 'NONE',  #6333 ) ;
#304 = AXIS2_PLACEMENT_3D ( 'NONE', #6121, #3748, #4251 ) ;
#305 = SURFACE_STYLE_FILL_AREA ( #3540 ) ;
#306 = PLANE ( 'NONE',  #304 ) ;
#307 = MECHANICAL_DESIGN_GEOMETRIC_PRESENTATION_REPRESENTATION (  '', ( #2517 ), #5711 ) ;
#308 = DIRECTION ( 'NONE',  ( -0.000000000000000000, 1.000000000000000000, -0.000000000000000000 ) ) ;
#309 = EDGE_CURVE ( 'NONE', #2508, #3722, #1112, .T. ) ;
#310 = CARTESIAN_POINT ( 'NONE',  ( 0.1763084857130435834, 0.05105757082658883561, 0.02999999999999999889 ) ) ;
#311 = DIRECTION ( 'NONE',  ( -1.000000000000000000, 0.000000000000000000, 0.000000000000000000 ) ) ;
#312 = CARTESIAN_POINT ( 'NONE',  ( -0.04418509379667742709, 0.01701632933467818118, 0.02999999999999999889 ) ) ;
#313 = DIRECTION ( 'NONE',  ( 0.000000000000000000, 0.09853005703411681082, 0.9951340753189258370 ) ) ;
#314 = ORIENTED_EDGE ( 'NONE', *, *, #2687, .T. ) ;
#315 = EDGE_CURVE ( 'NONE', #4837, #4692, #5440, .T. ) ;
#316 = B_SPLINE_SURFACE_WITH_KNOTS ( 'NONE', 3, 1, ( 
 ( #900, #2758 ),
 ( #830, #344 ),
 ( #3782, #1804 ),
 ( #6218, #5810 ),
 ( #5261, #874 ),
 ( #2839, #6307 ),
 ( #3252, #3348 ),
 ( #411, #4343 ),
 ( #317, #5763 ),
 ( #3305, #1349 ),
 ( #370, #4303 ),
 ( #6346, #2946 ),
 ( #3390, #3928 ),
 ( #4869, #2409 ),
 ( #509, #1479 ),
 ( #6367, #1871 ),
 ( #5322, #2366 ),
 ( #5829, #2863 ),
 ( #2486, #1070 ) ),
 .UNSPECIFIED., .F., .F., .F.,
 ( 4, 1, 1, 1, 1, 1, 1, 1, 1, 1, 1, 1, 1, 1, 1, 1, 4 ),
 ( 2, 2 ),
 ( 0.000000000000000000, 0.06432321657984212127, 0.1262901037035559781, 0.1867264692161329231, 0.2461464323353447503, 0.3055756426461387343, 0.3654293856180519384, 0.4263263089482600132, 0.4888399064006413997, 0.5517249718140473380, 0.6139185964661594275, 0.6754837657683966379, 0.7373338970992860952, 0.8002290443945266896, 0.8645022981233231318, 0.9310407391556975165, 1.000000000000000000 ),
 ( 0.000000000000000000, 1.000000000000000000 ),
 .UNSPECIFIED. ) ;
#317 = CARTESIAN_POINT ( 'NONE',  ( 0.3030367480105515265, 0.06261407697154003360, 0.02999999999999999889 ) ) ;
#318 = DIRECTION ( 'NONE',  ( -0.000000000000000000, 1.000000000000000000, -0.000000000000000000 ) ) ;
#319 =( GEOMETRIC_REPRESENTATION_CONTEXT ( 3 ) GLOBAL_UNCERTAINTY_ASSIGNED_CONTEXT ( ( #6111 ) ) GLOBAL_UNIT_ASSIGNED_CONTEXT ( ( #188, #6089, #4096 ) ) REPRESENTATION_CONTEXT ( 'NONE', 'WORKASPACE' ) );
#320 = DIRECTION ( 'NONE',  ( -0.000000000000000000, -0.000000000000000000, -1.000000000000000000 ) ) ;
#321 = ORIENTED_EDGE ( 'NONE', *, *, #2179, .T. ) ;
#322 = CARTESIAN_POINT ( 'NONE',  ( -0.2535200296941133025, 0.01701632933467818118, 0.02999999999999999889 ) ) ;
#323 = CARTESIAN_POINT ( 'NONE',  ( 0.3111563641847218120, 0.1598346961072046879, 0.02999999999999999889 ) ) ;
#324 = VECTOR ( 'NONE', #3124, 1000.000000000000000 ) ;
#325 = CARTESIAN_POINT ( 'NONE',  ( 1.580000000000000071, -1.100000000000000089, 0.7800000000000000266 ) ) ;
#326 = ADVANCED_FACE ( 'NONE', ( #4438, #3276, #5988, #5278, #3440, #976 ), #4265, .F. ) ;
#327 = ORIENTED_EDGE ( 'NONE', *, *, #5887, .F. ) ;
#328 = B_SPLINE_SURFACE_WITH_KNOTS ( 'NONE', 3, 1, ( 
 ( #944, #2880 ),
 ( #926, #4387 ),
 ( #3875, #5895 ),
 ( #1374, #4855 ),
 ( #3852, #5365 ),
 ( #2389, #3352 ),
 ( #2904, #903 ),
 ( #6330, #6370 ),
 ( #1414, #2864 ),
 ( #5390, #4404 ),
 ( #5859, #3412 ),
 ( #396, #1848 ),
 ( #2341, #5812 ),
 ( #474, #963 ),
 ( #1459, #1873 ),
 ( #5326, #2368 ),
 ( #1000, #5915 ),
 ( #31, #81 ),
 ( #3992, #3434 ),
 ( #2948, #4956 ),
 ( #5962, #493 ),
 ( #5984, #2451 ),
 ( #1988, #3009 ),
 ( #4938, #2513 ),
 ( #3460, #2992 ),
 ( #513, #1538 ),
 ( #3950, #5491 ) ),
 .UNSPECIFIED., .F., .F., .F.,
 ( 4, 1, 1, 1, 1, 1, 1, 1, 1, 1, 1, 1, 1, 1, 1, 1, 1, 1, 1, 1, 1, 1, 1, 1, 4 ),
 ( 2, 2 ),
 ( 0.000000000000000000, 0.04395490890619430796, 0.08750187479760485054, 0.1304626267314900612, 0.1727520205665170894, 0.2154030673796033524, 0.2576498297432396334, 0.3001527489572936580, 0.3431214895020866518, 0.3859251632064337745, 0.4276857274028018630, 0.4688179504865897518, 0.5094918001549955111, 0.5498830310733489046, 0.5899800229668862306, 0.6304052300068400116, 0.6708686260826383085, 0.7113839438381758251, 0.7516272580635844358, 0.7917755768651915105, 0.8324589188037425647, 0.8733190450172880759, 0.9145429556263491300, 0.9569235582098846171, 1.000000000000000000 ),
 ( 0.000000000000000000, 1.000000000000000000 ),
 .UNSPECIFIED. ) ;
#329 = CARTESIAN_POINT ( 'NONE',  ( -1.749999999999999778, -0.4000000000000000222, 0.7799999999999988054 ) ) ;
#330 =( LENGTH_UNIT ( ) NAMED_UNIT ( * ) SI_UNIT ( .MILLI., .METRE. ) );
#331 = EDGE_CURVE ( 'NONE', #4524, #5476, #2568, .T. ) ;
#332 = CARTESIAN_POINT ( 'NONE',  ( -0.2043838957694344705, 0.1468681197434490993, 0.000000000000000000 ) ) ;
#333 =( LENGTH_UNIT ( ) NAMED_UNIT ( * ) SI_UNIT ( .MILLI., .METRE. ) );
#334 = EDGE_LOOP ( 'NONE', ( #4839, #1552, #602, #5264 ) ) ;
#335 = CARTESIAN_POINT ( 'NONE',  ( 0.1885351250192765782, 0.1909398193425108636, 0.02999999999999999889 ) ) ;
#336 = CARTESIAN_POINT ( 'NONE',  ( -0.1462621221020835305, 0.2103896976407123864, -0.000000000000000000 ) ) ;
#337 = CARTESIAN_POINT ( 'NONE',  ( 1.629999999999999893, -0.4000000000000000222, 0.7799999999999996936 ) ) ;
#338 = CARTESIAN_POINT ( 'NONE',  ( 1.549999999999999822, -0.4000000000000000222, 0.9499999999999999556 ) ) ;
#339 =( GEOMETRIC_REPRESENTATION_CONTEXT ( 3 ) GLOBAL_UNCERTAINTY_ASSIGNED_CONTEXT ( ( #2655 ) ) GLOBAL_UNIT_ASSIGNED_CONTEXT ( ( #5398, #4428, #1004 ) ) REPRESENTATION_CONTEXT ( 'NONE', 'WORKASPACE' ) );
#340 = B_SPLINE_SURFACE_WITH_KNOTS ( 'NONE', 3, 1, ( 
 ( #4332, #5268 ),
 ( #3312, #4372 ),
 ( #1878, #1358 ),
 ( #3810, #2869 ),
 ( #5289, #400 ),
 ( #461, #4803 ),
 ( #1896, #2394 ),
 ( #1835, #2372 ),
 ( #3399, #2307 ),
 ( #843, #5331 ),
 ( #3831, #906 ),
 ( #1382, #1418 ),
 ( #5313, #6315 ),
 ( #6271, #1404 ),
 ( #1332, #377 ),
 ( #1853, #6291 ),
 ( #5817, #2346 ),
 ( #4784, #2847 ),
 ( #4294, #4823 ) ),
 .UNSPECIFIED., .F., .F., .F.,
 ( 4, 1, 1, 1, 1, 1, 1, 1, 1, 1, 1, 1, 1, 1, 1, 1, 4 ),
 ( 2, 2 ),
 ( 0.000000000000000000, 0.06154496601632396952, 0.1216942964020305551, 0.1811548554526335175, 0.2398753889119566718, 0.2987019424504289145, 0.3576474237092013841, 0.4176048428493669973, 0.4784940407282911590, 0.5404070506371330129, 0.6023449938728033803, 0.6650043279232340510, 0.7285593088233761616, 0.7936505420268857858, 0.8605342675902676319, 0.9292359605619637808, 1.000000000000000000 ),
 ( 0.000000000000000000, 1.000000000000000000 ),
 .UNSPECIFIED. ) ;
#341 = ORIENTED_EDGE ( 'NONE', *, *, #405, .T. ) ;
#342 = ORIENTED_EDGE ( 'NONE', *, *, #2526, .T. ) ;
#343 = CARTESIAN_POINT ( 'NONE',  ( 0.3210079975908001204, 0.09955489366109232519, 0.02999999999999999889 ) ) ;
#344 = CARTESIAN_POINT ( 'NONE',  ( 0.3224094689257661628, 0.1138599333977024369, 0.000000000000000000 ) ) ;
#345 = CARTESIAN_POINT ( 'NONE',  ( 1.000000000000000222, -1.100000000000000089, 0.06999999999999986788 ) ) ;
#346 = SURFACE_STYLE_USAGE ( .BOTH. , #1763 ) ;
#347 = VERTEX_POINT ( 'NONE', #5193 ) ;
#348 = VECTOR ( 'NONE', #3709, 1000.000000000000000 ) ;
#349 = CARTESIAN_POINT ( 'NONE',  ( 0.2516705242915028840, 0.2001043726000121536, 0.02999999999999999889 ) ) ;
#350 =( LENGTH_UNIT ( ) NAMED_UNIT ( * ) SI_UNIT ( .MILLI., .METRE. ) );
#351 = DIRECTION ( 'NONE',  ( 1.000000000000000000, 0.000000000000000000, 0.000000000000000000 ) ) ;
#352 = AXIS2_PLACEMENT_3D ( 'NONE', #4009, #1001, #3517 ) ;
#353 = EDGE_CURVE ( 'NONE', #2785, #3094, #2804, .T. ) ;
#354 = FACE_OUTER_BOUND ( 'NONE', #714, .T. ) ;
#355 = CARTESIAN_POINT ( 'NONE',  ( -0.1961561027527411183, 0.1680639748717461801, 0.000000000000000000 ) ) ;
#356 = CARTESIAN_POINT ( 'NONE',  ( -0.09585817660428332110, 0.1961814331640836240, 0.000000000000000000 ) ) ;
#357 = LINE ( 'NONE', #165, #5579 ) ;
#358 = SURFACE_SIDE_STYLE ('',( #1133 ) ) ;
#359 = CARTESIAN_POINT ( 'NONE',  ( 0.2440093189096195214, 0.2218709032676669246, 0.02999999999999999889 ) ) ;
#360 = FILL_AREA_STYLE ('',( #3299 ) ) ;
#361 = ADVANCED_FACE ( 'NONE', ( #60 ), #1236, .F. ) ;
#362 = CARTESIAN_POINT ( 'NONE',  ( 0.1455584959469123363, 0.1803176113859602525, 0.02999999999999999889 ) ) ;
#363 =( GEOMETRIC_REPRESENTATION_CONTEXT ( 3 ) GLOBAL_UNCERTAINTY_ASSIGNED_CONTEXT ( ( #1451 ) ) GLOBAL_UNIT_ASSIGNED_CONTEXT ( ( #2525, #1581, #3533 ) ) REPRESENTATION_CONTEXT ( 'NONE', 'WORKASPACE' ) );
#364 = EDGE_CURVE ( 'NONE', #1636, #6238, #3815, .T. ) ;
#365 = VECTOR ( 'NONE', #5885, 1000.000000000000227 ) ;
#366 = STYLED_ITEM ( 'NONE', ( #3673 ), #181 ) ;
#367 = PRESENTATION_STYLE_ASSIGNMENT (( #5460 ) ) ;
#368 = PRESENTATION_STYLE_ASSIGNMENT (( #3256 ) ) ;
#369 = DIRECTION ( 'NONE',  ( -1.000000000000000000, -1.548860246407863583E-16, -0.000000000000000000 ) ) ;
#370 = CARTESIAN_POINT ( 'NONE',  ( 0.2905407345562455168, 0.05082226708316644331, 0.02999999999999999889 ) ) ;
#371 = DIRECTION ( 'NONE',  ( 0.000000000000000000, 0.000000000000000000, -1.000000000000000000 ) ) ;
#372 = CARTESIAN_POINT ( 'NONE',  ( -0.2081667174329029923, 0.1229487235568305081, 0.02999999999999999889 ) ) ;
#373 = DIRECTION ( 'NONE',  ( -1.000000000000000000, 0.000000000000000000, 0.000000000000000000 ) ) ;
#374 = LINE ( 'NONE', #5690, #2654 ) ;
#375 = DIRECTION ( 'NONE',  ( 0.000000000000000000, 0.000000000000000000, -1.000000000000000000 ) ) ;
#376 = ORIENTED_EDGE ( 'NONE', *, *, #3860, .F. ) ;
#377 = CARTESIAN_POINT ( 'NONE',  ( -0.2061579790574435134, 0.1391997552970636320, 0.000000000000000000 ) ) ;
#378 = COLOUR_RGB ( '',1.000000000000000000, 1.000000000000000000, 1.000000000000000000 ) ;
#379 = EDGE_CURVE ( 'NONE', #2535, #4580, #1354, .T. ) ;
#380 = VERTEX_POINT ( 'NONE', #4307 ) ;
#381 = ORIENTED_EDGE ( 'NONE', *, *, #1360, .F. ) ;
#382 = CARTESIAN_POINT ( 'NONE',  ( -0.1889314627556143156, 0.05093498559558101713, 0.02999999999999999889 ) ) ;
#383 = VERTEX_POINT ( 'NONE', #1401 ) ;
#384 = CARTESIAN_POINT ( 'NONE',  ( -0.08808222279308364211, 0.2169910396206230496, -0.000000000000000000 ) ) ;
#385 = LINE ( 'NONE', #2277, #4844 ) ;
#386 = ORIENTED_EDGE ( 'NONE', *, *, #5623, .T. ) ;
#387 = CARTESIAN_POINT ( 'NONE',  ( -1.549999999999999822, -1.399999999999999911, 1.800000000000000044 ) ) ;
#388 = CARTESIAN_POINT ( 'NONE',  ( 0.1881413984985425558, 0.2137584515233920401, 0.02999999999999999889 ) ) ;
#389 = VECTOR ( 'NONE', #4046, 1000.000000000000000 ) ;
#390 = CARTESIAN_POINT ( 'NONE',  ( 0.2905407345562455168, 0.05082226708316644331, 0.02999999999999999889 ) ) ;
#391 = ORIENTED_EDGE ( 'NONE', *, *, #3915, .F. ) ;
#392 = CARTESIAN_POINT ( 'NONE',  ( -0.1547627037485697354, 0.1835683330542801917, 0.000000000000000000 ) ) ;
#393 = COLOUR_RGB ( '',0.7960784313725489669, 0.8235294117647058432, 0.9372549019607843146 ) ;
#394 =( GEOMETRIC_REPRESENTATION_CONTEXT ( 3 ) GLOBAL_UNCERTAINTY_ASSIGNED_CONTEXT ( ( #2384 ) ) GLOBAL_UNIT_ASSIGNED_CONTEXT ( ( #4893, #5389, #3367 ) ) REPRESENTATION_CONTEXT ( 'NONE', 'WORKASPACE' ) );
#395 = CARTESIAN_POINT ( 'NONE',  ( 0.1577289930628338332, 0.04004927368133718441, 0.000000000000000000 ) ) ;
#396 = CARTESIAN_POINT ( 'NONE',  ( 0.2887590913547882776, 0.1841885295905074382, 0.02999999999999999889 ) ) ;
#397 = FILL_AREA_STYLE_COLOUR ( '', #5987 ) ;
#398 = CARTESIAN_POINT ( 'NONE',  ( -0.008287657899241539228, 0.03752914984749869398, 0.02999999999999999889 ) ) ;
#399 = UNCERTAINTY_MEASURE_WITH_UNIT (LENGTH_MEASURE( 1.000000000000000082E-05 ), #1946, 'distance_accuracy_value', 'NONE');
#400 = CARTESIAN_POINT ( 'NONE',  ( -0.1675683000499899045, 0.2001641278555729431, 0.000000000000000000 ) ) ;
#401 = DIRECTION ( 'NONE',  ( -0.000000000000000000, 0.000000000000000000, 1.000000000000000000 ) ) ;
#402 = ORIENTED_EDGE ( 'NONE', *, *, #5441, .T. ) ;
#403 =( NAMED_UNIT ( * ) SI_UNIT ( $, .STERADIAN. ) SOLID_ANGLE_UNIT ( ) );
#404 = CARTESIAN_POINT ( 'NONE',  ( -0.07619631174539540086, 0.1965035088218576864, 0.02999999999999999889 ) ) ;
#405 = EDGE_CURVE ( 'NONE', #6127, #496, #1880, .T. ) ;
#406 = CARTESIAN_POINT ( 'NONE',  ( 0.2026151011864650020, 0.1970660559784057630, 0.02999999999999999889 ) ) ;
#407 = CARTESIAN_POINT ( 'NONE',  ( 0.2846050798895564671, 0.2105502787796783570, 0.000000000000000000 ) ) ;
#408 = VECTOR ( 'NONE', #2953, 1000.000000000000114 ) ;
#409 = CARTESIAN_POINT ( 'NONE',  ( -0.1197431180749621848, 0.03874797813351738701, 0.02999999999999999889 ) ) ;
#410 = ORIENTED_EDGE ( 'NONE', *, *, #5501, .F. ) ;
#411 = CARTESIAN_POINT ( 'NONE',  ( 0.3082148358599344773, 0.06926645208648531116, 0.02999999999999999889 ) ) ;
#412 = DIRECTION ( 'NONE',  ( 1.548860246407863583E-16, -1.000000000000000000, 0.000000000000000000 ) ) ;
#413 = DIRECTION ( 'NONE',  ( -0.000000000000000000, 1.000000000000000000, -0.000000000000000000 ) ) ;
#414 = CARTESIAN_POINT ( 'NONE',  ( 1.550000000000000266, -1.399999999999999911, 0.9499999999999999556 ) ) ;
#415 = ORIENTED_EDGE ( 'NONE', *, *, #3649, .T. ) ;
#416 = EDGE_CURVE ( 'NONE', #2116, #5966, #4365, .T. ) ;
#417 = PRESENTATION_STYLE_ASSIGNMENT (( #3543 ) ) ;
#418 =( LENGTH_UNIT ( ) NAMED_UNIT ( * ) SI_UNIT ( .MILLI., .METRE. ) );
#419 = VERTEX_POINT ( 'NONE', #878 ) ;
#420 = CARTESIAN_POINT ( 'NONE',  ( 0.3370292003539612224, 0.08859548034369424396, 0.02999999999999999889 ) ) ;
#421 = CARTESIAN_POINT ( 'NONE',  ( 0.2292063367956304887, 0.03249744641934537021, 0.02999999999999999889 ) ) ;
#422 = CARTESIAN_POINT ( 'NONE',  ( -0.1200423965011278016, 0.1943690517185640010, 0.000000000000000000 ) ) ;
#423 = ORIENTED_EDGE ( 'NONE', *, *, #2058, .T. ) ;
#424 = DIRECTION ( 'NONE',  ( -1.000000000000000000, -0.000000000000000000, -0.000000000000000000 ) ) ;
#425 = ORIENTED_EDGE ( 'NONE', *, *, #3111, .T. ) ;
#426 = CARTESIAN_POINT ( 'NONE',  ( -0.2839286835402671794, 0.08111889343724229540, 0.02999999999999999889 ) ) ;
#427 = AXIS2_PLACEMENT_3D ( 'NONE', #6353, #3334, #3878 ) ;
#428 = COLOUR_RGB ( '',1.000000000000000000, 1.000000000000000000, 1.000000000000000000 ) ;
#429 = CARTESIAN_POINT ( 'NONE',  ( -0.1623094520398444263, 0.05264517295379744083, 0.000000000000000000 ) ) ;
#430 = CARTESIAN_POINT ( 'NONE',  ( -0.08456970918129284864, 0.2170163293346781819, 0.02999999999999999889 ) ) ;
#431 = DIRECTION ( 'NONE',  ( 0.000000000000000000, -1.000000000000000000, 0.000000000000000000 ) ) ;
#432 = CARTESIAN_POINT ( 'NONE',  ( -0.1310595337904906788, 0.01844182732190651625, 0.02999999999999999889 ) ) ;
#433 =( GEOMETRIC_REPRESENTATION_CONTEXT ( 3 ) GLOBAL_UNCERTAINTY_ASSIGNED_CONTEXT ( ( #780 ) ) GLOBAL_UNIT_ASSIGNED_CONTEXT ( ( #607, #5549, #1089 ) ) REPRESENTATION_CONTEXT ( 'NONE', 'WORKASPACE' ) );
#434 = UNCERTAINTY_MEASURE_WITH_UNIT (LENGTH_MEASURE( 1.000000000000000082E-05 ), #5916, 'distance_accuracy_value', 'NONE');
#435 = VECTOR ( 'NONE', #1874, 1000.000000000000000 ) ;
#436 = DIRECTION ( 'NONE',  ( -0.000000000000000000, 1.000000000000000000, -0.000000000000000000 ) ) ;
#437 = MECHANICAL_DESIGN_GEOMETRIC_PRESENTATION_REPRESENTATION (  '', ( #3519 ), #4841 ) ;
#438 = LINE ( 'NONE', #3788, #4738 ) ;
#439 = VECTOR ( 'NONE', #2882, 1000.000000000000000 ) ;
#440 = EDGE_CURVE ( 'NONE', #3177, #4711, #6366, .T. ) ;
#441 = CARTESIAN_POINT ( 'NONE',  ( 1.580000000000000071, -0.4000000000000000222, 0.7800000000000000266 ) ) ;
#442 = VECTOR ( 'NONE', #311, 1000.000000000000000 ) ;
#443 = PLANE ( 'NONE',  #5078 ) ;
#444 =( NAMED_UNIT ( * ) PLANE_ANGLE_UNIT ( ) SI_UNIT ( $, .RADIAN. ) );
#445 = LINE ( 'NONE', #3380, #365 ) ;
#446 = CARTESIAN_POINT ( 'NONE',  ( -0.1364380316169189200, 0.2130773331052806530, 0.000000000000000000 ) ) ;
#447 = EDGE_CURVE ( 'NONE', #291, #4524, #277, .T. ) ;
#448 = CARTESIAN_POINT ( 'NONE',  ( -0.1265918336113794895, 0.1934202232033154778, 0.000000000000000000 ) ) ;
#449 = CIRCLE ( 'NONE', #6161, 0.05000000000000002359 ) ;
#450 = CARTESIAN_POINT ( 'NONE',  ( 0.000000000000000000, 0.000000000000000000, 0.000000000000000000 ) ) ;
#451 = ORIENTED_EDGE ( 'NONE', *, *, #2099, .F. ) ;
#452 = CARTESIAN_POINT ( 'NONE',  ( 1.749999999999999778, 1.317820171807394525, 0.000000000000000000 ) ) ;
#453 = CARTESIAN_POINT ( 'NONE',  ( -0.1851922230187118823, 0.04614783006350815092, 0.02999999999999999889 ) ) ;
#454 = VERTEX_POINT ( 'NONE', #398 ) ;
#455 = DIRECTION ( 'NONE',  ( -1.000000000000000000, 0.000000000000000000, -0.000000000000000000 ) ) ;
#456 = VERTEX_POINT ( 'NONE', #2342 ) ;
#457 = PRESENTATION_STYLE_ASSIGNMENT (( #826 ) ) ;
#458 = VERTEX_POINT ( 'NONE', #2324 ) ;
#459 = VECTOR ( 'NONE', #4184, 1000.000000000000114 ) ;
#460 = CARTESIAN_POINT ( 'NONE',  ( 1.549999999999999822, 1.399999999999999911, 1.800000000000000044 ) ) ;
#461 = CARTESIAN_POINT ( 'NONE',  ( -0.1733522511855907222, 0.1959952214159816075, 0.02999999999999999889 ) ) ;
#462 = ORIENTED_EDGE ( 'NONE', *, *, #3778, .F. ) ;
#463 = VERTEX_POINT ( 'NONE', #2303 ) ;
#464 = LINE ( 'NONE', #1830, #5856 ) ;
#465 = FILL_AREA_STYLE_COLOUR ( '', #5907 ) ;
#466 = ORIENTED_EDGE ( 'NONE', *, *, #759, .F. ) ;
#467 = CARTESIAN_POINT ( 'NONE',  ( -0.1769531744839433762, 0.03770244775316093644, 0.02999999999999999889 ) ) ;
#468 = DIRECTION ( 'NONE',  ( 0.000000000000000000, 1.000000000000000000, 0.000000000000000000 ) ) ;
#469 = COLOUR_RGB ( '',0.7960784313725489669, 0.8235294117647058432, 0.9372549019607843146 ) ;
#470 = ADVANCED_FACE ( 'NONE', ( #1649 ), #5263, .T. ) ;
#471 = STYLED_ITEM ( 'NONE', ( #4913 ), #4128 ) ;
#472 = CARTESIAN_POINT ( 'NONE',  ( 0.1455584959469123363, 0.05383523959108844209, 0.000000000000000000 ) ) ;
#473 = UNCERTAINTY_MEASURE_WITH_UNIT (LENGTH_MEASURE( 1.000000000000000082E-05 ), #850, 'distance_accuracy_value', 'NONE');
#474 = CARTESIAN_POINT ( 'NONE',  ( 0.2973928387864665512, 0.1770445180009315167, 0.02999999999999999889 ) ) ;
#475 = EDGE_LOOP ( 'NONE', ( #559, #5454, #2435, #1491 ) ) ;
#476 = CARTESIAN_POINT ( 'NONE',  ( 0.1612636241520405689, 0.1682983806167294705, 0.000000000000000000 ) ) ;
#477 = CARTESIAN_POINT ( 'NONE',  ( 0.1534274332116508655, 0.04436378999557335362, 0.02999999999999999889 ) ) ;
#478 = AXIS2_PLACEMENT_3D ( 'NONE', #5878, #2881, #3413 ) ;
#479 =( GEOMETRIC_REPRESENTATION_CONTEXT ( 3 ) GLOBAL_UNCERTAINTY_ASSIGNED_CONTEXT ( ( #156 ) ) GLOBAL_UNIT_ASSIGNED_CONTEXT ( ( #3488, #5937, #4439 ) ) REPRESENTATION_CONTEXT ( 'NONE', 'WORKASPACE' ) );
#480 = ORIENTED_EDGE ( 'NONE', *, *, #5673, .T. ) ;
#481 = SURFACE_SIDE_STYLE ('',( #1184 ) ) ;
#482 = LINE ( 'NONE', #1222, #324 ) ;
#483 = CARTESIAN_POINT ( 'NONE',  ( 0.3635072138956303434, 0.03752914984749869398, 0.000000000000000000 ) ) ;
#484 = EDGE_CURVE ( 'NONE', #1296, #496, #2642, .T. ) ;
#485 = DIRECTION ( 'NONE',  ( -0.000000000000000000, 1.000000000000000000, -0.000000000000000000 ) ) ;
#486 = CARTESIAN_POINT ( 'NONE',  ( -0.1376727199323797002, 0.04128460491591174480, 0.000000000000000000 ) ) ;
#487 = VERTEX_POINT ( 'NONE', #6286 ) ;
#488 = EDGE_CURVE ( 'NONE', #713, #690, #4205, .T. ) ;
#489 = CARTESIAN_POINT ( 'NONE',  ( -0.1137481642349951749, 0.2160843596252971510, 0.02999999999999999889 ) ) ;
#490 = DIRECTION ( 'NONE',  ( 0.000000000000000000, -0.000000000000000000, -1.000000000000000000 ) ) ;
#491 = VECTOR ( 'NONE', #2398, 1000.000000000000000 ) ;
#492 = CARTESIAN_POINT ( 'NONE',  ( -0.1797736064211314377, 0.1580929228100417250, 0.02999999999999999889 ) ) ;
#493 = CARTESIAN_POINT ( 'NONE',  ( 0.3181133776105083411, 0.1448222981012356747, 0.000000000000000000 ) ) ;
#494 = DIRECTION ( 'NONE',  ( -1.000000000000000000, 0.000000000000000000, 0.000000000000000000 ) ) ;
#495 = CARTESIAN_POINT ( 'NONE',  ( 0.2002228758398475750, 0.01610655189553657218, 0.000000000000000000 ) ) ;
#496 = VERTEX_POINT ( 'NONE', #4347 ) ;
#497 = ORIENTED_EDGE ( 'NONE', *, *, #5689, .T. ) ;
#498 = EDGE_CURVE ( 'NONE', #778, #6114, #54, .T. ) ;
#499 = CARTESIAN_POINT ( 'NONE',  ( 0.3218134589105571819, 0.1284288858371257780, 0.02999999999999999889 ) ) ;
#500 = ORIENTED_EDGE ( 'NONE', *, *, #5418, .T. ) ;
#501 = CARTESIAN_POINT ( 'NONE',  ( -1.579999999999998517, -1.100000000000000089, 0.9499999999999999556 ) ) ;
#502 = CARTESIAN_POINT ( 'NONE',  ( 1.579999999999999849, 0.4000000000000000777, 0.7800000000000000266 ) ) ;
#503 = CARTESIAN_POINT ( 'NONE',  ( 1.580000000000000071, 0.4000000000000000777, 0.1199999999999999123 ) ) ;
#504 = PRESENTATION_STYLE_ASSIGNMENT (( #4495 ) ) ;
#505 = DIRECTION ( 'NONE',  ( 0.000000000000000000, 0.000000000000000000, 1.000000000000000000 ) ) ;
#506 = FILL_AREA_STYLE_COLOUR ( '', #4773 ) ;
#507 = AXIS2_PLACEMENT_3D ( 'NONE', #962, #1372, #4329 ) ;
#508 = FACE_OUTER_BOUND ( 'NONE', #3451, .T. ) ;
#509 = CARTESIAN_POINT ( 'NONE',  ( 0.2599158806429182067, 0.03565094490319139359, 0.02999999999999999889 ) ) ;
#510 = STYLED_ITEM ( 'NONE', ( #368 ), #326 ) ;
#511 = CARTESIAN_POINT ( 'NONE',  ( 0.3048762250230772075, 0.1689298721686677551, 0.000000000000000000 ) ) ;
#512 = PRESENTATION_STYLE_ASSIGNMENT (( #3088 ) ) ;
#513 = CARTESIAN_POINT ( 'NONE',  ( 0.3224585245159880542, 0.1187807148536018653, 0.02999999999999999889 ) ) ;
#514 = CARTESIAN_POINT ( 'NONE',  ( 0.1045328549212713176, 0.2170163293346781819, 0.02999999999999999889 ) ) ;
#515 = CARTESIAN_POINT ( 'NONE',  ( 0.2325777267161431294, 0.01188812420647305385, 0.02999999999999999889 ) ) ;
#516 =( GEOMETRIC_REPRESENTATION_CONTEXT ( 3 ) GLOBAL_UNCERTAINTY_ASSIGNED_CONTEXT ( ( #1564 ) ) GLOBAL_UNIT_ASSIGNED_CONTEXT ( ( #2914, #5354, #2933 ) ) REPRESENTATION_CONTEXT ( 'NONE', 'WORKASPACE' ) );
#517 = PRESENTATION_STYLE_ASSIGNMENT (( #3689 ) ) ;
#518 = EDGE_CURVE ( 'NONE', #5855, #2471, #4042, .T. ) ;
#519 = PLANE ( 'NONE',  #3181 ) ;
#520 = CARTESIAN_POINT ( 'NONE',  ( 0.08658413697255337715, 0.1965035088218576864, 0.000000000000000000 ) ) ;
#521 = DIRECTION ( 'NONE',  ( 0.000000000000000000, -1.000000000000000000, 0.000000000000000000 ) ) ;
#522 = ORIENTED_EDGE ( 'NONE', *, *, #4143, .T. ) ;
#523 = CARTESIAN_POINT ( 'NONE',  ( -0.1422620168736004886, 0.04261729087313972236, 0.02999999999999999889 ) ) ;
#524 = ORIENTED_EDGE ( 'NONE', *, *, #5252, .F. ) ;
#525 = AXIS2_PLACEMENT_3D ( 'NONE', #4194, #5678, #4688 ) ;
#526 = CARTESIAN_POINT ( 'NONE',  ( 0.2420937779192636197, 0.03257629895776990858, 0.000000000000000000 ) ) ;
#527 = EDGE_LOOP ( 'NONE', ( #4033, #1447, #253, #2106, #6331, #2970, #2742, #3918, #1219, #500, #6345, #3726 ) ) ;
#528 = ORIENTED_EDGE ( 'NONE', *, *, #3064, .F. ) ;
#529 = ORIENTED_EDGE ( 'NONE', *, *, #3269, .T. ) ;
#530 = PLANE ( 'NONE',  #4583 ) ;
#531 = DIRECTION ( 'NONE',  ( 0.000000000000000000, 0.000000000000000000, 1.000000000000000000 ) ) ;
#532 = CARTESIAN_POINT ( 'NONE',  ( -0.1440876375637189788, 0.04326023705843886485, 0.000000000000000000 ) ) ;
#533 = PRESENTATION_STYLE_ASSIGNMENT (( #5033 ) ) ;
#534 = ORIENTED_EDGE ( 'NONE', *, *, #2856, .F. ) ;
#535 = PRESENTATION_STYLE_ASSIGNMENT (( #5017 ) ) ;
#536 =( NAMED_UNIT ( * ) PLANE_ANGLE_UNIT ( ) SI_UNIT ( $, .RADIAN. ) );
#537 = COLOUR_RGB ( '',0.7960784313725489669, 0.8235294117647058432, 0.9372549019607843146 ) ;
#538 = CARTESIAN_POINT ( 'NONE',  ( 0.3370292003539612224, 0.08859548034369424396, 0.000000000000000000 ) ) ;
#539 = SURFACE_STYLE_USAGE ( .BOTH. , #4452 ) ;
#540 = CARTESIAN_POINT ( 'NONE',  ( -0.3745937476428313206, 0.08111889343724229540, 0.02999999999999999889 ) ) ;
#541 = DIRECTION ( 'NONE',  ( -0.2149904497342420284, 0.09622604506497767218, -0.9718640104326434770 ) ) ;
#542 = DIRECTION ( 'NONE',  ( 0.000000000000000000, 0.000000000000000000, 1.000000000000000000 ) ) ;
#543 = CARTESIAN_POINT ( 'NONE',  ( -0.1148525477611395673, 0.01708872302870471233, 1.355252715606880543E-17 ) ) ;
#544 = SURFACE_STYLE_FILL_AREA ( #3813 ) ;
#545 =( NAMED_UNIT ( * ) SI_UNIT ( $, .STERADIAN. ) SOLID_ANGLE_UNIT ( ) );
#546 = B_SPLINE_CURVE_WITH_KNOTS ( 'NONE', 3,
 ( #1297, #2773, #4745, #2812, #824, #3341, #5272, #2331, #335, #4281, #406, #1799, #3817, #3243, #3320 ),
 .UNSPECIFIED., .F., .F.,
 ( 4, 1, 1, 1, 1, 1, 1, 1, 1, 1, 1, 1, 4 ),
 ( 0.000000000000000000, 0.06316325936347012837, 0.1254749410306405522, 0.1871212198160327189, 0.2482943461142985142, 0.3092948562551206537, 0.3698500660670926421, 0.4309733755473817429, 0.4924559896728166186, 0.6161479662918547540, 0.7408436984673626435, 0.8681826486700426893, 1.000000000000000000 ),
 .UNSPECIFIED. ) ;
#547 = EDGE_LOOP ( 'NONE', ( #292, #5219, #6110, #2866 ) ) ;
#548 = CARTESIAN_POINT ( 'NONE',  ( 1.629999999999999893, -0.4000000000000000222, 0.7799999999999996936 ) ) ;
#549 = STYLED_ITEM ( 'NONE', ( #535 ), #3714 ) ;
#550 = CIRCLE ( 'NONE', #2601, 1.199999999999999956 ) ;
#551 = CARTESIAN_POINT ( 'NONE',  ( 0.1577289930628338332, 0.04004927368133718441, 0.02999999999999999889 ) ) ;
#552 =( LENGTH_UNIT ( ) NAMED_UNIT ( * ) SI_UNIT ( .MILLI., .METRE. ) );
#553 = PLANE ( 'NONE',  #5749 ) ;
#554 = CARTESIAN_POINT ( 'NONE',  ( 0.1884037323857908897, 0.02019676088551044732, 0.02999999999999999889 ) ) ;
#555 = VERTEX_POINT ( 'NONE', #1891 ) ;
#556 = MECHANICAL_DESIGN_GEOMETRIC_PRESENTATION_REPRESENTATION (  '', ( #1419 ), #3055 ) ;
#557 = EDGE_CURVE ( 'NONE', #1850, #6314, #5271, .T. ) ;
#558 = FILL_AREA_STYLE ('',( #2075 ) ) ;
#559 = ORIENTED_EDGE ( 'NONE', *, *, #235, .T. ) ;
#560 = EDGE_CURVE ( 'NONE', #293, #4895, #5665, .T. ) ;
#561 = PLANE ( 'NONE',  #478 ) ;
#562 = PRESENTATION_STYLE_ASSIGNMENT (( #1839 ) ) ;
#563 = EDGE_CURVE ( 'NONE', #3847, #4359, #2091, .T. ) ;
#564 = MECHANICAL_DESIGN_GEOMETRIC_PRESENTATION_REPRESENTATION (  '', ( #4325 ), #1218 ) ;
#565 = ORIENTED_EDGE ( 'NONE', *, *, #190, .T. ) ;
#566 = EDGE_LOOP ( 'NONE', ( #4223, #1829, #5251, #3449 ) ) ;
#567 = VECTOR ( 'NONE', #4396, 1000.000000000000000 ) ;
#568 = ORIENTED_EDGE ( 'NONE', *, *, #2637, .F. ) ;
#569 = CARTESIAN_POINT ( 'NONE',  ( -0.1598219665627239328, 0.1803304087177835802, 0.02999999999999999889 ) ) ;
#570 =( NAMED_UNIT ( * ) PLANE_ANGLE_UNIT ( ) SI_UNIT ( $, .RADIAN. ) );
#571 = DIRECTION ( 'NONE',  ( 1.548860246407863583E-16, -1.000000000000000000, 0.000000000000000000 ) ) ;
#572 = CARTESIAN_POINT ( 'NONE',  ( -0.1896121269468328541, 0.1015645899434683697, 0.000000000000000000 ) ) ;
#573 = LINE ( 'NONE', #1532, #1794 ) ;
#574 = DIRECTION ( 'NONE',  ( 1.000000000000000000, 0.000000000000000000, 1.285153437213423508E-16 ) ) ;
#575 = VERTEX_POINT ( 'NONE', #1875 ) ;
#576 = PLANE ( 'NONE',  #4776 ) ;
#577 = CARTESIAN_POINT ( 'NONE',  ( 0.08658413697255337715, 0.1965035088218576864, 0.02999999999999999889 ) ) ;
#578 = UNCERTAINTY_MEASURE_WITH_UNIT (LENGTH_MEASURE( 1.000000000000000082E-05 ), #3428, 'distance_accuracy_value', 'NONE');
#579 = ADVANCED_FACE ( 'NONE', ( #1106 ), #1179, .T. ) ;
#580 = COLOUR_RGB ( '',0.7529411764705882248, 0.7529411764705882248, 0.7529411764705882248 ) ;
#581 = LINE ( 'NONE', #3494, #4970 ) ;
#582 = VECTOR ( 'NONE', #3641, 1000.000000000000000 ) ;
#583 = VECTOR ( 'NONE', #1353, 1000.000000000000000 ) ;
#584 = MECHANICAL_DESIGN_GEOMETRIC_PRESENTATION_REPRESENTATION (  '', ( #6202 ), #4420 ) ;
#585 = VECTOR ( 'NONE', #6301, 1000.000000000000114 ) ;
#586 = UNCERTAINTY_MEASURE_WITH_UNIT (LENGTH_MEASURE( 1.000000000000000082E-05 ), #5016, 'distance_accuracy_value', 'NONE');
#587 = LINE ( 'NONE', #2713, #3036 ) ;
#588 = COLOUR_RGB ( '',0.7960784313725489669, 0.8235294117647058432, 0.9372549019607843146 ) ;
#589 = CARTESIAN_POINT ( 'NONE',  ( 0.2389822614106828225, 0.01193269851456825806, 0.000000000000000000 ) ) ;
#590 = DIRECTION ( 'NONE',  ( -1.541385308669999636E-16, 0.9951739107803948547, -0.09812689387754343351 ) ) ;
#591 = DIRECTION ( 'NONE',  ( 1.000000000000000000, 0.000000000000000000, 0.000000000000000000 ) ) ;
#592 = CARTESIAN_POINT ( 'NONE',  ( -0.1902301112016797358, 0.1079624917638373205, 0.000000000000000000 ) ) ;
#593 = VECTOR ( 'NONE', #2456, 1000.000000000000000 ) ;
#594 = SURFACE_STYLE_USAGE ( .BOTH. , #3545 ) ;
#595 = ORIENTED_EDGE ( 'NONE', *, *, #2176, .F. ) ;
#596 = AXIS2_PLACEMENT_3D ( 'NONE', #3772, #4700, #823 ) ;
#597 = ORIENTED_EDGE ( 'NONE', *, *, #1211, .T. ) ;
#598 = ORIENTED_EDGE ( 'NONE', *, *, #6293, .T. ) ;
#599 = EDGE_LOOP ( 'NONE', ( #4069, #4910, #5947, #146 ) ) ;
#600 = DIRECTION ( 'NONE',  ( -1.000000000000000000, -0.000000000000000000, -0.000000000000000000 ) ) ;
#601 = CARTESIAN_POINT ( 'NONE',  ( 0.1933902746566922293, 0.04055681852315199537, 0.000000000000000000 ) ) ;
#602 = ORIENTED_EDGE ( 'NONE', *, *, #3729, .T. ) ;
#603 = VERTEX_POINT ( 'NONE', #4940 ) ;
#604 = LINE ( 'NONE', #5279, #5221 ) ;
#605 = ORIENTED_EDGE ( 'NONE', *, *, #890, .F. ) ;
#606 = FACE_OUTER_BOUND ( 'NONE', #2392, .T. ) ;
#607 =( LENGTH_UNIT ( ) NAMED_UNIT ( * ) SI_UNIT ( .MILLI., .METRE. ) );
#608 = CARTESIAN_POINT ( 'NONE',  ( 0.2686593767145551981, 0.01677256320394128822, 0.000000000000000000 ) ) ;
#609 = EDGE_CURVE ( 'NONE', #2508, #3879, #3107, .T. ) ;
#610 = DIRECTION ( 'NONE',  ( -0.7438022360371194797, 0.6683997558842921238, 0.000000000000000000 ) ) ;
#611 = FACE_OUTER_BOUND ( 'NONE', #1558, .T. ) ;
#612 = PLANE ( 'NONE',  #4542 ) ;
#613 = ADVANCED_FACE ( 'NONE', ( #3581 ), #1280, .T. ) ;
#614 = CARTESIAN_POINT ( 'NONE',  ( -0.1854316203897287685, 0.08388490821025287869, 0.02999999999999999889 ) ) ;
#615 = COLOUR_RGB ( '',0.7960784313725489669, 0.8235294117647058432, 0.9372549019607843146 ) ;
#616 = SURFACE_STYLE_FILL_AREA ( #5809 ) ;
#617 = CARTESIAN_POINT ( 'NONE',  ( -0.008287657899241539228, 0.03752914984749869398, 0.000000000000000000 ) ) ;
#618 = CARTESIAN_POINT ( 'NONE',  ( 0.1881413984985425558, 0.2137584515233920401, 0.02999999999999999889 ) ) ;
#619 = VERTEX_POINT ( 'NONE', #1502 ) ;
#620 = CARTESIAN_POINT ( 'NONE',  ( 0.3404302908187072374, 0.1181781883090371604, 0.000000000000000000 ) ) ;
#621 = VECTOR ( 'NONE', #4801, 1000.000000000000000 ) ;
#622 = CARTESIAN_POINT ( 'NONE',  ( 0.1763084857130435834, 0.05105757082658883561, 0.000000000000000000 ) ) ;
#623 = VERTEX_POINT ( 'NONE', #4550 ) ;
#624 = FACE_OUTER_BOUND ( 'NONE', #2271, .T. ) ;
#625 = ORIENTED_EDGE ( 'NONE', *, *, #5125, .T. ) ;
#626 =( NAMED_UNIT ( * ) PLANE_ANGLE_UNIT ( ) SI_UNIT ( $, .RADIAN. ) );
#627 = STYLED_ITEM ( 'NONE', ( #1950 ), #4748 ) ;
#628 = SURFACE_SIDE_STYLE ('',( #305 ) ) ;
#629 = CARTESIAN_POINT ( 'NONE',  ( 0.2686593767145551981, 0.01677256320394128822, 0.02999999999999999889 ) ) ;
#630 = ORIENTED_EDGE ( 'NONE', *, *, #5515, .F. ) ;
#631 = EDGE_CURVE ( 'NONE', #983, #3094, #2878, .T. ) ;
#632 = CARTESIAN_POINT ( 'NONE',  ( 0.3403414226154461431, 0.1217756427971103256, -0.000000000000000000 ) ) ;
#633 = CARTESIAN_POINT ( 'NONE',  ( 0.1940327520336621592, 0.2159891104557121744, 0.02999999999999999889 ) ) ;
#634 = VECTOR ( 'NONE', #163, 1000.000000000000000 ) ;
#635 = DIRECTION ( 'NONE',  ( -0.000000000000000000, 1.000000000000000000, -0.000000000000000000 ) ) ;
#636 = CARTESIAN_POINT ( 'NONE',  ( 0.1455584959469123363, 0.1803176113859602525, 0.000000000000000000 ) ) ;
#637 = ORIENTED_EDGE ( 'NONE', *, *, #896, .T. ) ;
#638 = EDGE_CURVE ( 'NONE', #4680, #1415, #1575, .T. ) ;
#639 = PLANE ( 'NONE',  #2183 ) ;
#640 = ORIENTED_EDGE ( 'NONE', *, *, #4842, .T. ) ;
#641 = CARTESIAN_POINT ( 'NONE',  ( -0.1574197897239364152, 0.02518038867137109560, 0.000000000000000000 ) ) ;
#642 = ADVANCED_FACE ( 'NONE', ( #4744 ), #2554, .T. ) ;
#643 = FILL_AREA_STYLE_COLOUR ( '', #4285 ) ;
#644 = AXIS2_PLACEMENT_3D ( 'NONE', #4654, #3731, #6167 ) ;
#645 = CARTESIAN_POINT ( 'NONE',  ( 0.2192428186656078526, 0.2215306702172205044, 0.000000000000000000 ) ) ;
#646 = ORIENTED_EDGE ( 'NONE', *, *, #4426, .T. ) ;
#647 = LINE ( 'NONE', #284, #6048 ) ;
#648 = VECTOR ( 'NONE', #4061, 1000.000000000000000 ) ;
#649 =( LENGTH_UNIT ( ) NAMED_UNIT ( * ) SI_UNIT ( .MILLI., .METRE. ) );
#650 =( NAMED_UNIT ( * ) PLANE_ANGLE_UNIT ( ) SI_UNIT ( $, .RADIAN. ) );
#651 = LINE ( 'NONE', #2332, #1645 ) ;
#652 = CARTESIAN_POINT ( 'NONE',  ( -0.1265918336113794895, 0.1934202232033154778, 0.02999999999999999889 ) ) ;
#653 = CARTESIAN_POINT ( 'NONE',  ( 0.3150697138956303212, 0.04686408574493459989, 3.388131789017201356E-18 ) ) ;
#654 = CARTESIAN_POINT ( 'NONE',  ( -1.750000000000000000, 0.4000000000000000777, 0.1200000000000011890 ) ) ;
#655 = EDGE_CURVE ( 'NONE', #5966, #4999, #656, .T. ) ;
#656 = LINE ( 'NONE', #2028, #5040 ) ;
#657 = DIRECTION ( 'NONE',  ( -1.000000000000000000, 0.000000000000000000, -0.000000000000000000 ) ) ;
#658 = CYLINDRICAL_SURFACE ( 'NONE', #685, 0.04999999999999995420 ) ;
#659 = UNCERTAINTY_MEASURE_WITH_UNIT (LENGTH_MEASURE( 1.000000000000000082E-05 ), #418, 'distance_accuracy_value', 'NONE');
#660 = CARTESIAN_POINT ( 'NONE',  ( -0.4236722732838569816, 0.01701632933467818118, 0.000000000000000000 ) ) ;
#661 = AXIS2_PLACEMENT_3D ( 'NONE', #985, #4472, #1933 ) ;
#662 = PLANE ( 'NONE',  #525 ) ;
#663 = FACE_OUTER_BOUND ( 'NONE', #4762, .T. ) ;
#664 =( LENGTH_UNIT ( ) NAMED_UNIT ( * ) SI_UNIT ( .MILLI., .METRE. ) );
#665 = CARTESIAN_POINT ( 'NONE',  ( -0.08456970918129284864, 0.2170163293346781819, 0.02999999999999999889 ) ) ;
#666 = VECTOR ( 'NONE', #5546, 1000.000000000000000 ) ;
#667 = AXIS2_PLACEMENT_3D ( 'NONE', #2379, #505, #3903 ) ;
#668 = B_SPLINE_CURVE_WITH_KNOTS ( 'NONE', 3,
 ( #6217, #232, #2364, #343, #1348, #3872, #1828, #5321, #2299, #2818, #390, #1869, #3846, #855, #4342, #5236, #1321, #2862, #6281 ),
 .UNSPECIFIED., .F., .F.,
 ( 4, 1, 1, 1, 1, 1, 1, 1, 1, 1, 1, 1, 1, 1, 1, 1, 4 ),
 ( 0.000000000000000000, 0.06432321657984212127, 0.1262901037035559781, 0.1867264692161329231, 0.2461464323353447503, 0.3055756426461387343, 0.3654293856180519384, 0.4263263089482600132, 0.4888399064006413997, 0.5517249718140473380, 0.6139185964661594275, 0.6754837657683966379, 0.7373338970992860952, 0.8002290443945266896, 0.8645022981233231318, 0.9310407391556975165, 1.000000000000000000 ),
 .UNSPECIFIED. ) ;
#669 = DIRECTION ( 'NONE',  ( 0.000000000000000000, 1.000000000000000000, 0.000000000000000000 ) ) ;
#670 = ORIENTED_EDGE ( 'NONE', *, *, #5041, .T. ) ;
#671 = MECHANICAL_DESIGN_GEOMETRIC_PRESENTATION_REPRESENTATION (  '', ( #5881 ), #3647 ) ;
#672 = EDGE_CURVE ( 'NONE', #4003, #603, #5026, .T. ) ;
#673 = CARTESIAN_POINT ( 'NONE',  ( 0.3030181480944614258, 0.03493691016021218537, 0.000000000000000000 ) ) ;
#674 = DIRECTION ( 'NONE',  ( -0.000000000000000000, 1.000000000000000000, -0.000000000000000000 ) ) ;
#675 = ADVANCED_FACE ( 'NONE', ( #3896 ), #5060, .T. ) ;
#676 = CARTESIAN_POINT ( 'NONE',  ( 0.2328181113315277440, 0.2221445344628833196, 0.02999999999999999889 ) ) ;
#677 = EDGE_LOOP ( 'NONE', ( #3398, #5371, #3070, #6382 ) ) ;
#678 = ORIENTED_EDGE ( 'NONE', *, *, #968, .F. ) ;
#679 = ORIENTED_EDGE ( 'NONE', *, *, #2606, .F. ) ;
#680 = FACE_OUTER_BOUND ( 'NONE', #4638, .T. ) ;
#681 = EDGE_LOOP ( 'NONE', ( #2148, #1770, #5685, #3457, #5970, #466 ) ) ;
#682 = CARTESIAN_POINT ( 'NONE',  ( 0.2846050798895564671, 0.2105502787796783570, 0.000000000000000000 ) ) ;
#683 = VECTOR ( 'NONE', #919, 1000.000000000000000 ) ;
#684 = DIRECTION ( 'NONE',  ( 0.000000000000000000, -0.000000000000000000, 1.000000000000000000 ) ) ;
#685 = AXIS2_PLACEMENT_3D ( 'NONE', #1366, #5273, #5232 ) ;
#686 = EDGE_CURVE ( 'NONE', #2824, #5891, #4429, .T. ) ;
#687 = CARTESIAN_POINT ( 'NONE',  ( 0.08658413697255337715, 0.1144522267705756352, 0.000000000000000000 ) ) ;
#688 = EDGE_CURVE ( 'NONE', #2921, #456, #357, .T. ) ;
#689 = CARTESIAN_POINT ( 'NONE',  ( 0.4583790087674252112, 0.01701632933467818118, 0.02999999999999999889 ) ) ;
#690 = VERTEX_POINT ( 'NONE', #3654 ) ;
#691 = DIRECTION ( 'NONE',  ( 0.000000000000000000, 1.000000000000000000, 0.000000000000000000 ) ) ;
#692 = PLANE ( 'NONE',  #1463 ) ;
#693 = CARTESIAN_POINT ( 'NONE',  ( 1.550000000000000044, 0.3999999999999999667, 0.9499999999999999556 ) ) ;
#694 = CARTESIAN_POINT ( 'NONE',  ( -1.550000000000000266, 1.399999999999999911, 1.800000000000000044 ) ) ;
#695 = VECTOR ( 'NONE', #3319, 1000.000000000000227 ) ;
#696 = CARTESIAN_POINT ( 'NONE',  ( 0.2026081367447734038, 0.03690550867634159043, 0.02999999999999999889 ) ) ;
#697 = EDGE_CURVE ( 'NONE', #6260, #1889, #2955, .T. ) ;
#698 = CARTESIAN_POINT ( 'NONE',  ( 0.3098432568130650711, 0.1922609603585539728, 0.02999999999999999889 ) ) ;
#699 = FILL_AREA_STYLE_COLOUR ( '', #5770 ) ;
#700 = ORIENTED_EDGE ( 'NONE', *, *, #3275, .T. ) ;
#701 = DIRECTION ( 'NONE',  ( -0.000000000000000000, 1.000000000000000000, -0.000000000000000000 ) ) ;
#702 = CARTESIAN_POINT ( 'NONE',  ( 0.3635072138956303434, 0.03752914984749869398, 0.000000000000000000 ) ) ;
#703 = SURFACE_SIDE_STYLE ('',( #2206 ) ) ;
#704 = CARTESIAN_POINT ( 'NONE',  ( -0.3298822091812927959, 0.1780339575398064145, 0.02999999999999999889 ) ) ;
#705 = ORIENTED_EDGE ( 'NONE', *, *, #1623, .T. ) ;
#706 = CARTESIAN_POINT ( 'NONE',  ( -0.1220586133253982880, 0.2152861009890333355, 0.02999999999999999889 ) ) ;
#707 = PRESENTATION_STYLE_ASSIGNMENT (( #5445 ) ) ;
#708 = CARTESIAN_POINT ( 'NONE',  ( 0.1045328549212713176, 0.01701632933467818118, 0.000000000000000000 ) ) ;
#709 = ADVANCED_FACE ( 'NONE', ( #2084 ), #5576, .F. ) ;
#710 = VERTEX_POINT ( 'NONE', #230 ) ;
#711 = PRESENTATION_LAYER_ASSIGNMENT (  '', '', ( #5456 ) ) ;
#712 = CARTESIAN_POINT ( 'NONE',  ( 0.3170116892521288587, 0.1846029745701233404, 0.02999999999999999889 ) ) ;
#713 = VERTEX_POINT ( 'NONE', #3671 ) ;
#714 = EDGE_LOOP ( 'NONE', ( #5710, #4471, #1052, #640 ) ) ;
#715 = DIRECTION ( 'NONE',  ( 1.000000000000000000, -0.000000000000000000, -0.000000000000000000 ) ) ;
#716 = CARTESIAN_POINT ( 'NONE',  ( 0.2325777267161431294, 0.01188812420647305385, 0.02999999999999999889 ) ) ;
#717 = DIRECTION ( 'NONE',  ( 1.000000000000000000, 0.000000000000000000, -1.807003620809174188E-15 ) ) ;
#718 = AXIS2_PLACEMENT_3D ( 'NONE', #3105, #1130, #2290 ) ;
#720 = EDGE_CURVE ( 'NONE', #713, #1930, #4455, .T. ) ;
#719 = ORIENTED_EDGE ( 'NONE', *, *, #3401, .T. ) ;
#721 = COLOUR_RGB ( '',1.000000000000000000, 1.000000000000000000, 1.000000000000000000 ) ;
#722 = ORIENTED_EDGE ( 'NONE', *, *, #2263, .F. ) ;
#723 = CARTESIAN_POINT ( 'NONE',  ( 1.750000000000000222, -1.316187654346258729, 1.800000000000000044 ) ) ;
#724 = CARTESIAN_POINT ( 'NONE',  ( -0.1849885356225280386, 0.1469029582918090771, 0.02999999999999999889 ) ) ;
#725 = CARTESIAN_POINT ( 'NONE',  ( 0.2325777267161431294, 0.01188812420647305385, 0.02999999999999999889 ) ) ;
#726 = CARTESIAN_POINT ( 'NONE',  ( -1.492074494026932152, 1.374073535103228050, 0.5681478358182199262 ) ) ;
#727 =( NAMED_UNIT ( * ) PLANE_ANGLE_UNIT ( ) SI_UNIT ( $, .RADIAN. ) );
#728 = CARTESIAN_POINT ( 'NONE',  ( -0.2012256629235950611, 0.07347328192109571499, 0.000000000000000000 ) ) ;
#729 = LINE ( 'NONE', #3479, #2798 ) ;
#730 = VERTEX_POINT ( 'NONE', #247 ) ;
#731 = LINE ( 'NONE', #4917, #4740 ) ;
#732 = EDGE_CURVE ( 'NONE', #2004, #3177, #5688, .T. ) ;
#733 = CARTESIAN_POINT ( 'NONE',  ( 0.2752040597938092414, 0.2148357737754565122, 0.02999999999999999889 ) ) ;
#734 = LINE ( 'NONE', #2498, #1876 ) ;
#735 = LINE ( 'NONE', #2424, #5439 ) ;
#736 = COLOUR_RGB ( '',1.000000000000000000, 1.000000000000000000, 1.000000000000000000 ) ;
#737 = CARTESIAN_POINT ( 'NONE',  ( -1.579999999999999849, -0.4000000000000000222, 0.7800000000000000266 ) ) ;
#738 = CARTESIAN_POINT ( 'NONE',  ( -0.1884693679016228307, 0.1346934412878726395, 0.000000000000000000 ) ) ;
#739 = CARTESIAN_POINT ( 'NONE',  ( 0.2339399062033226118, 0.2016317139500628242, 0.000000000000000000 ) ) ;
#740 = ADVANCED_FACE ( 'NONE', ( #4228 ), #5145, .F. ) ;
#741 = SURFACE_STYLE_FILL_AREA ( #5745 ) ;
#742 = CARTESIAN_POINT ( 'NONE',  ( -0.1528884789001920819, 0.04684835331193148295, 0.02999999999999999889 ) ) ;
#743 = CARTESIAN_POINT ( 'NONE',  ( -0.1895277425015867989, 0.1282088326864312955, 0.02999999999999999889 ) ) ;
#744 = PRESENTATION_LAYER_ASSIGNMENT (  '', '', ( #1844 ) ) ;
#745 = CARTESIAN_POINT ( 'NONE',  ( -0.3298822091812927959, 0.1780339575398064145, 0.02999999999999999889 ) ) ;
#746 = DIRECTION ( 'NONE',  ( -0.000000000000000000, 1.000000000000000000, -0.000000000000000000 ) ) ;
#747 = FILL_AREA_STYLE_COLOUR ( '', #5047 ) ;
#748 = VECTOR ( 'NONE', #2507, 1000.000000000000000 ) ;
#749 = FILL_AREA_STYLE_COLOUR ( '', #5003 ) ;
#750 = LINE ( 'NONE', #1994, #593 ) ;
#751 = FILL_AREA_STYLE ('',( #2765 ) ) ;
#752 = VERTEX_POINT ( 'NONE', #1161 ) ;
#753 = EDGE_LOOP ( 'NONE', ( #402, #4385, #6187, #3862, #4843, #5207, #1614 ) ) ;
#754 = ORIENTED_EDGE ( 'NONE', *, *, #5425, .F. ) ;
#755 = EDGE_LOOP ( 'NONE', ( #1587, #2041, #6227, #828, #4417, #4808, #4273, #3127, #700, #5513, #3537 ) ) ;
#756 = FILL_AREA_STYLE ('',( #6207 ) ) ;
#757 = PRESENTATION_LAYER_ASSIGNMENT (  '', '', ( #1419 ) ) ;
#758 = VECTOR ( 'NONE', #1861, 1000.000000000000000 ) ;
#759 = EDGE_CURVE ( 'NONE', #2529, #2535, #5301, .T. ) ;
#760 = VERTEX_POINT ( 'NONE', #5651 ) ;
#761 = FILL_AREA_STYLE_COLOUR ( '', #6080 ) ;
#762 = CARTESIAN_POINT ( 'NONE',  ( 0.1719215773292511462, 0.1794999629854184819, 0.000000000000000000 ) ) ;
#763 = VECTOR ( 'NONE', #6175, 1000.000000000000000 ) ;
#764 = ORIENTED_EDGE ( 'NONE', *, *, #268, .F. ) ;
#765 = CARTESIAN_POINT ( 'NONE',  ( 0.2191798895159728089, 0.01252125501313116479, 0.02999999999999999889 ) ) ;
#766 = CYLINDRICAL_SURFACE ( 'NONE', #1379, 0.1699999999999999845 ) ;
#767 = CARTESIAN_POINT ( 'NONE',  ( 0.1881413984985425558, 0.2137584515233920401, 0.000000000000000000 ) ) ;
#768 = EDGE_CURVE ( 'NONE', #1781, #6260, #2360, .T. ) ;
#769 = CARTESIAN_POINT ( 'NONE',  ( -0.1623094520398444263, 0.05264517295379744083, 0.02999999999999999889 ) ) ;
#770 = CARTESIAN_POINT ( 'NONE',  ( -1.579999999999999627, 0.4000000000000000777, 0.8299999999999999600 ) ) ;
#771 = DIRECTION ( 'NONE',  ( -0.000000000000000000, -1.000000000000000000, -0.000000000000000000 ) ) ;
#772 = PLANE ( 'NONE',  #4518 ) ;
#773 = PRESENTATION_LAYER_ASSIGNMENT (  '', '', ( #366 ) ) ;
#774 = CYLINDRICAL_SURFACE ( 'NONE', #4498, 0.05000000000000002359 ) ;
#775 = CARTESIAN_POINT ( 'NONE',  ( -0.3313645809761646688, 0.2170163293346781819, 0.000000000000000000 ) ) ;
#776 = PLANE ( 'NONE',  #3858 ) ;
#777 = ADVANCED_FACE ( 'NONE', ( #4311 ), #6149, .T. ) ;
#778 = VERTEX_POINT ( 'NONE', #2707 ) ;
#779 = PRESENTATION_STYLE_ASSIGNMENT (( #2651 ) ) ;
#780 = UNCERTAINTY_MEASURE_WITH_UNIT (LENGTH_MEASURE( 1.000000000000000082E-05 ), #607, 'distance_accuracy_value', 'NONE');
#781 = SURFACE_SIDE_STYLE ('',( #4136 ) ) ;
#782 = EDGE_LOOP ( 'NONE', ( #5731, #5603, #2407, #1702 ) ) ;
#783 = DIRECTION ( 'NONE',  ( 0.000000000000000000, 0.000000000000000000, -1.000000000000000000 ) ) ;
#784 = FILL_AREA_STYLE_COLOUR ( '', #3135 ) ;
#785 = CARTESIAN_POINT ( 'NONE',  ( 0.3232783830933524949, 0.1764020145897502445, 0.000000000000000000 ) ) ;
#786 = LINE ( 'NONE', #6249, #1617 ) ;
#787 = CARTESIAN_POINT ( 'NONE',  ( 0.2259715416606001559, 0.2220624497666280617, 0.02999999999999999889 ) ) ;
#788 = ORIENTED_EDGE ( 'NONE', *, *, #2726, .F. ) ;
#789 = CARTESIAN_POINT ( 'NONE',  ( -0.1854316203897287685, 0.08388490821025287869, 0.02999999999999999889 ) ) ;
#790 =( LENGTH_UNIT ( ) NAMED_UNIT ( * ) SI_UNIT ( .MILLI., .METRE. ) );
#791 = DIRECTION ( 'NONE',  ( -0.000000000000000000, -1.000000000000000000, -0.000000000000000000 ) ) ;
#792 = ORIENTED_EDGE ( 'NONE', *, *, #4966, .T. ) ;
#793 = PRESENTATION_LAYER_ASSIGNMENT (  '', '', ( #5875 ) ) ;
#794 = VERTEX_POINT ( 'NONE', #5187 ) ;
#795 = AXIS2_PLACEMENT_3D ( 'NONE', #3236, #1277, #4734 ) ;
#796 = ORIENTED_EDGE ( 'NONE', *, *, #688, .T. ) ;
#797 = CARTESIAN_POINT ( 'NONE',  ( 0.3098432568130650711, 0.1922609603585539728, 0.02999999999999999889 ) ) ;
#798 = PLANE ( 'NONE',  #2441 ) ;
#799 = ORIENTED_EDGE ( 'NONE', *, *, #3735, .F. ) ;
#800 = CARTESIAN_POINT ( 'NONE',  ( -0.008287657899241539228, 0.1144522267705756352, 0.02999999999999999889 ) ) ;
#801 = CARTESIAN_POINT ( 'NONE',  ( 0.2846050798895564671, 0.2105502787796783570, 0.02999999999999999889 ) ) ;
#802 =( NAMED_UNIT ( * ) SI_UNIT ( $, .STERADIAN. ) SOLID_ANGLE_UNIT ( ) );
#803 = ADVANCED_FACE ( 'NONE', ( #4064 ), #4560, .T. ) ;
#804 = CARTESIAN_POINT ( 'NONE',  ( 0.1531841885794856806, 0.1897358248334378716, 0.02999999999999999889 ) ) ;
#805 = AXIS2_PLACEMENT_3D ( 'NONE', #3040, #4500, #5994 ) ;
#806 = EDGE_CURVE ( 'NONE', #3419, #2686, #1450, .T. ) ;
#807 = ORIENTED_EDGE ( 'NONE', *, *, #1203, .F. ) ;
#808 = EDGE_CURVE ( 'NONE', #2463, #983, #139, .T. ) ;
#809 = LINE ( 'NONE', #1678, #5899 ) ;
#810 = CARTESIAN_POINT ( 'NONE',  ( -1.579999999999999849, 1.100000000000000089, 0.7800000000000000266 ) ) ;
#811 =( LENGTH_UNIT ( ) NAMED_UNIT ( * ) SI_UNIT ( .MILLI., .METRE. ) );
#812 = CARTESIAN_POINT ( 'NONE',  ( -0.1549207294480473562, 0.2071795223174372202, 0.02999999999999999889 ) ) ;
#813 = SURFACE_STYLE_FILL_AREA ( #2415 ) ;
#814 = DIRECTION ( 'NONE',  ( -0.000000000000000000, 1.000000000000000000, -0.000000000000000000 ) ) ;
#815 = VECTOR ( 'NONE', #2971, 1000.000000000000000 ) ;
#816 = DIRECTION ( 'NONE',  ( 0.000000000000000000, -1.000000000000000000, 0.000000000000000000 ) ) ;
#817 = LINE ( 'NONE', #3818, #1721 ) ;
#818 = LINE ( 'NONE', #2532, #5826 ) ;
#819 = DIRECTION ( 'NONE',  ( -1.000000000000000000, -1.548860246407863583E-16, -0.000000000000000000 ) ) ;
#820 = EDGE_CURVE ( 'NONE', #2, #4626, #2982, .T. ) ;
#821 = SURFACE_STYLE_USAGE ( .BOTH. , #4317 ) ;
#822 = CARTESIAN_POINT ( 'NONE',  ( 0.1684238245413893220, 0.05787404698433836620, 0.000000000000000000 ) ) ;
#823 = DIRECTION ( 'NONE',  ( -0.000000000000000000, 0.000000000000000000, -1.000000000000000000 ) ) ;
#824 = CARTESIAN_POINT ( 'NONE',  ( 0.1719215773292511462, 0.1794999629854184819, 0.02999999999999999889 ) ) ;
#825 =( LENGTH_UNIT ( ) NAMED_UNIT ( * ) SI_UNIT ( .MILLI., .METRE. ) );
#826 = SURFACE_STYLE_USAGE ( .BOTH. , #4747 ) ;
#827 = EDGE_LOOP ( 'NONE', ( #5136, #595, #3293, #4567 ) ) ;
#828 = ORIENTED_EDGE ( 'NONE', *, *, #3183, .T. ) ;
#829 = VECTOR ( 'NONE', #5806, 1000.000000000000000 ) ;
#830 = CARTESIAN_POINT ( 'NONE',  ( 0.3224094689257661628, 0.1138599333977024369, 0.02999999999999999889 ) ) ;
#831 = FILL_AREA_STYLE ('',( #4797 ) ) ;
#832 = VERTEX_POINT ( 'NONE', #3247 ) ;
#833 = CARTESIAN_POINT ( 'NONE',  ( -0.1480312476428312374, 0.2098047908731397182, 0.02999999999999999889 ) ) ;
#834 = ORIENTED_EDGE ( 'NONE', *, *, #16, .T. ) ;
#835 = DIRECTION ( 'NONE',  ( -0.4283511191562783815, 0.9036123719369737461, 0.000000000000000000 ) ) ;
#836 = LINE ( 'NONE', #4298, #3388 ) ;
#837 = ORIENTED_EDGE ( 'NONE', *, *, #6021, .F. ) ;
#839 = PRESENTATION_LAYER_ASSIGNMENT (  '', '', ( #3007 ) ) ;
#838 = SURFACE_STYLE_FILL_AREA ( #3797 ) ;
#840 = ORIENTED_EDGE ( 'NONE', *, *, #447, .F. ) ;
#841 = SURFACE_SIDE_STYLE ('',( #5640 ) ) ;
#842 = ADVANCED_FACE ( 'NONE', ( #1673 ), #4257, .T. ) ;
#843 = CARTESIAN_POINT ( 'NONE',  ( -0.1923997793554146352, 0.1744818064270687863, 0.02999999999999999889 ) ) ;
#844 = AXIS2_PLACEMENT_3D ( 'NONE', #1469, #1442, #5930 ) ;
#845 = CARTESIAN_POINT ( 'NONE',  ( 0.3389595543585182669, 0.09812208116716245043, 0.02999999999999999889 ) ) ;
#846 = FILL_AREA_STYLE ('',( #1819 ) ) ;
#847 = SURFACE_SIDE_STYLE ('',( #2408 ) ) ;
#848 = VECTOR ( 'NONE', #6195, 1000.000000000000000 ) ;
#849 = EDGE_CURVE ( 'NONE', #1378, #623, #5213, .T. ) ;
#850 =( LENGTH_UNIT ( ) NAMED_UNIT ( * ) SI_UNIT ( .MILLI., .METRE. ) );
#851 = CARTESIAN_POINT ( 'NONE',  ( -0.5776535529154035453, -1.291435105736244759, -0.2664839452782558626 ) ) ;
#852 = SURFACE_SIDE_STYLE ('',( #2189 ) ) ;
#853 = CARTESIAN_POINT ( 'NONE',  ( 0.2126918285545666421, 0.2206441784328134481, 0.000000000000000000 ) ) ;
#854 = COLOUR_RGB ( '',0.7960784313725489669, 0.8235294117647058432, 0.9372549019607843146 ) ;
#855 = CARTESIAN_POINT ( 'NONE',  ( 0.2682030871525529769, 0.03829418648350864374, 0.02999999999999999889 ) ) ;
#856 = CARTESIAN_POINT ( 'NONE',  ( 0.2325777267161431294, 0.01188812420647305385, 0.02999999999999999889 ) ) ;
#857 = SURFACE_SIDE_STYLE ('',( #2912 ) ) ;
#858 =( GEOMETRIC_REPRESENTATION_CONTEXT ( 3 ) GLOBAL_UNCERTAINTY_ASSIGNED_CONTEXT ( ( #11 ) ) GLOBAL_UNIT_ASSIGNED_CONTEXT ( ( #2737, #4754, #5192 ) ) REPRESENTATION_CONTEXT ( 'NONE', 'WORKASPACE' ) );
#859 = EDGE_LOOP ( 'NONE', ( #4348, #4188, #5245, #6317 ) ) ;
#860 = LINE ( 'NONE', #3417, #4165 ) ;
#861 = DIRECTION ( 'NONE',  ( 0.000000000000000000, 0.000000000000000000, 1.000000000000000000 ) ) ;
#862 = CARTESIAN_POINT ( 'NONE',  ( 0.1824415751741750857, 0.2111893963269408925, 0.000000000000000000 ) ) ;
#863 = ORIENTED_EDGE ( 'NONE', *, *, #3612, .T. ) ;
#864 = CARTESIAN_POINT ( 'NONE',  ( 0.5776535529154035453, 1.399999999999999911, 0.000000000000000000 ) ) ;
#865 = CARTESIAN_POINT ( 'NONE',  ( -0.08509054251462612461, 0.03752914984749869398, 0.000000000000000000 ) ) ;
#866 = CARTESIAN_POINT ( 'NONE',  ( -1.000000000000000222, 1.100000000000000089, 0.06999999999999986788 ) ) ;
#867 = CARTESIAN_POINT ( 'NONE',  ( 0.1468223879401191478, 0.05220447090975625232, 0.02999999999999999889 ) ) ;
#868 = ORIENTED_EDGE ( 'NONE', *, *, #379, .T. ) ;
#869 =( LENGTH_UNIT ( ) NAMED_UNIT ( * ) SI_UNIT ( .MILLI., .METRE. ) );
#870 = DIRECTION ( 'NONE',  ( 0.000000000000000000, -1.000000000000000000, 0.000000000000000000 ) ) ;
#871 = CARTESIAN_POINT ( 'NONE',  ( -0.008287657899241539228, 0.1144522267705756352, 0.000000000000000000 ) ) ;
#872 = AXIS2_PLACEMENT_3D ( 'NONE', #4643, #2205, #3170 ) ;
#873 = ORIENTED_EDGE ( 'NONE', *, *, #5258, .F. ) ;
#874 = CARTESIAN_POINT ( 'NONE',  ( 0.3190934209457346182, 0.09141085515936245298, 0.000000000000000000 ) ) ;
#875 = PRODUCT_DEFINITION_CONTEXT ( 'detailed design', #2464, 'design' ) ;
#876 = DIRECTION ( 'NONE',  ( 0.000000000000000000, 0.000000000000000000, 1.000000000000000000 ) ) ;
#877 =( NAMED_UNIT ( * ) SI_UNIT ( $, .STERADIAN. ) SOLID_ANGLE_UNIT ( ) );
#878 = CARTESIAN_POINT ( 'NONE',  ( -1.579999999999999627, 0.4000000000000000777, 0.8299999999999999600 ) ) ;
#879 = EDGE_LOOP ( 'NONE', ( #2816, #1974, #840, #5998 ) ) ;
#880 = FACE_OUTER_BOUND ( 'NONE', #2506, .T. ) ;
#881 = MECHANICAL_DESIGN_GEOMETRIC_PRESENTATION_REPRESENTATION (  '', ( #5409 ), #2081 ) ;
#882 = FACE_BOUND ( 'NONE', #2072, .T. ) ;
#883 = AXIS2_PLACEMENT_3D ( 'NONE', #4248, #4665, #1309 ) ;
#884 = EDGE_CURVE ( 'NONE', #4419, #3291, #3688, .T. ) ;
#885 = DIRECTION ( 'NONE',  ( -0.000000000000000000, -1.000000000000000000, -0.000000000000000000 ) ) ;
#886 = CARTESIAN_POINT ( 'NONE',  ( -0.2021328542496374225, 0.1542301282000790308, 0.000000000000000000 ) ) ;
#887 = CARTESIAN_POINT ( 'NONE',  ( -0.1046745016320214661, 0.1957487866150913747, 0.000000000000000000 ) ) ;
#888 = ORIENTED_EDGE ( 'NONE', *, *, #638, .F. ) ;
#889 = DIRECTION ( 'NONE',  ( -1.807003620809174188E-15, -0.000000000000000000, 1.000000000000000000 ) ) ;
#890 = EDGE_CURVE ( 'NONE', #4451, #6312, #2583, .T. ) ;
#891 = CARTESIAN_POINT ( 'NONE',  ( 0.2935640482879928737, 0.2054235635797306558, 0.000000000000000000 ) ) ;
#892 = DIRECTION ( 'NONE',  ( 0.000000000000000000, -0.000000000000000000, 1.000000000000000000 ) ) ;
#893 = DIRECTION ( 'NONE',  ( -0.000000000000000000, -0.000000000000000000, -1.000000000000000000 ) ) ;
#894 = EDGE_CURVE ( 'NONE', #4735, #1477, #2668, .T. ) ;
#895 = FACE_OUTER_BOUND ( 'NONE', #2233, .T. ) ;
#896 = EDGE_CURVE ( 'NONE', #2580, #5855, #2432, .T. ) ;
#897 = LINE ( 'NONE', #3907, #4364 ) ;
#898 = SURFACE_STYLE_FILL_AREA ( #4690 ) ;
#899 = CARTESIAN_POINT ( 'NONE',  ( 0.000000000000000000, 0.000000000000000000, 0.000000000000000000 ) ) ;
#900 = CARTESIAN_POINT ( 'NONE',  ( 0.3224815728699892969, 0.1168160088218576781, 0.02999999999999999889 ) ) ;
#901 = CARTESIAN_POINT ( 'NONE',  ( 0.1942325572396191302, 0.01799940272596699253, 0.000000000000000000 ) ) ;
#902 = CIRCLE ( 'NONE', #4012, 0.1700000000000000122 ) ;
#903 = CARTESIAN_POINT ( 'NONE',  ( 0.2629444914205252837, 0.1972416330399576756, 0.000000000000000000 ) ) ;
#904 = SURFACE_STYLE_USAGE ( .BOTH. , #3331 ) ;
#905 = UNCERTAINTY_MEASURE_WITH_UNIT (LENGTH_MEASURE( 1.000000000000000082E-05 ), #2387, 'distance_accuracy_value', 'NONE');
#906 = CARTESIAN_POINT ( 'NONE',  ( -0.1961561027527411183, 0.1680639748717461801, 0.000000000000000000 ) ) ;
#907 = VECTOR ( 'NONE', #132, 1000.000000000000000 ) ;
#908 = DIRECTION ( 'NONE',  ( -3.285461128743964857E-16, 0.000000000000000000, 1.000000000000000000 ) ) ;
#909 = LINE ( 'NONE', #5901, #5682 ) ;
#910 = ORIENTED_EDGE ( 'NONE', *, *, #4899, .F. ) ;
#911 = CARTESIAN_POINT ( 'NONE',  ( 0.1612636241520405689, 0.06573427805262690993, 0.02999999999999999889 ) ) ;
#912 = EDGE_LOOP ( 'NONE', ( #1288, #5959, #5767 ) ) ;
#913 = CARTESIAN_POINT ( 'NONE',  ( -0.08628105634327579154, 0.1964732407345051723, 0.02999999999999999889 ) ) ;
#914 = ORIENTED_EDGE ( 'NONE', *, *, #3649, .F. ) ;
#915 = CARTESIAN_POINT ( 'NONE',  ( -0.1296289682961117851, 0.2143059276392432766, 0.000000000000000000 ) ) ;
#916 = VECTOR ( 'NONE', #5274, 1000.000000000000000 ) ;
#917 = ORIENTED_EDGE ( 'NONE', *, *, #4180, .T. ) ;
#918 = VECTOR ( 'NONE', #3754, 1000.000000000000000 ) ;
#919 = DIRECTION ( 'NONE',  ( -0.000000000000000000, 1.000000000000000000, -0.000000000000000000 ) ) ;
#920 = VERTEX_POINT ( 'NONE', #1368 ) ;
#921 = CARTESIAN_POINT ( 'NONE',  ( -0.1577317363092074209, 0.04959361444047707956, 0.000000000000000000 ) ) ;
#922 = EDGE_LOOP ( 'NONE', ( #6083, #6360, #4739, #3690, #4378, #1256, #2359, #4979, #1030, #4522, #4657, #788 ) ) ;
#923 = VECTOR ( 'NONE', #6168, 1000.000000000000000 ) ;
#924 = AXIS2_PLACEMENT_3D ( 'NONE', #387, #1776, #892 ) ;
#925 = CARTESIAN_POINT ( 'NONE',  ( -1.550000000000000266, -1.399999999999999911, 0.9499999999999999556 ) ) ;
#926 = CARTESIAN_POINT ( 'NONE',  ( 0.2359446661656318389, 0.2016086303780719735, 0.02999999999999999889 ) ) ;
#927 = CARTESIAN_POINT ( 'NONE',  ( 1.000000000000000000, 0.4000000000000000777, -0.05000000000000012074 ) ) ;
#928 = CARTESIAN_POINT ( 'NONE',  ( -1.550000000000000266, -1.400000000000000355, 0.9499999999999999556 ) ) ;
#929 = FILL_AREA_STYLE_COLOUR ( '', #4356 ) ;
#930 = LINE ( 'NONE', #725, #1226 ) ;
#931 =( NAMED_UNIT ( * ) SI_UNIT ( $, .STERADIAN. ) SOLID_ANGLE_UNIT ( ) );
#932 = STYLED_ITEM ( 'NONE', ( #5183 ), #2103 ) ;
#933 = ORIENTED_EDGE ( 'NONE', *, *, #4884, .T. ) ;
#934 = CARTESIAN_POINT ( 'NONE',  ( -1.000000000000000222, -0.4000000000000000222, 0.06999999999999986788 ) ) ;
#935 = PRODUCT_DEFINITION_FORMATION_WITH_SPECIFIED_SOURCE ( 'ÈÎºÎ', '', #1566, .NOT_KNOWN. ) ;
#936 = CARTESIAN_POINT ( 'NONE',  ( -0.2075449305015365231, 0.09996926669925663977, 1.355252715606880543E-17 ) ) ;
#937 =( NAMED_UNIT ( * ) SI_UNIT ( $, .STERADIAN. ) SOLID_ANGLE_UNIT ( ) );
#938 = DIRECTION ( 'NONE',  ( 0.000000000000000000, -0.000000000000000000, -1.000000000000000000 ) ) ;
#939 = ORIENTED_EDGE ( 'NONE', *, *, #806, .T. ) ;
#940 = FILL_AREA_STYLE ('',( #1396 ) ) ;
#941 = COLOUR_RGB ( '',0.7960784313725489669, 0.8235294117647058432, 0.9372549019607843146 ) ;
#942 = CARTESIAN_POINT ( 'NONE',  ( -1.750000000000000000, 1.100000000000000089, 0.1200000000000011890 ) ) ;
#943 = UNCERTAINTY_MEASURE_WITH_UNIT (LENGTH_MEASURE( 1.000000000000000082E-05 ), #3637, 'distance_accuracy_value', 'NONE');
#944 = CARTESIAN_POINT ( 'NONE',  ( 0.2339399062033226118, 0.2016317139500628242, 0.02999999999999999889 ) ) ;
#945 = CARTESIAN_POINT ( 'NONE',  ( -0.1091165897473780344, 0.01704092912236109328, 0.02999999999999999889 ) ) ;
#946 =( NAMED_UNIT ( * ) PLANE_ANGLE_UNIT ( ) SI_UNIT ( $, .RADIAN. ) );
#947 = ORIENTED_EDGE ( 'NONE', *, *, #1002, .F. ) ;
#948 = EDGE_CURVE ( 'NONE', #6194, #3291, #2108, .T. ) ;
#949 = CARTESIAN_POINT ( 'NONE',  ( -0.3313645809761646688, 0.2170163293346781819, 0.02999999999999999889 ) ) ;
#950 = ORIENTED_EDGE ( 'NONE', *, *, #5629, .F. ) ;
#951 = ADVANCED_FACE ( 'NONE', ( #3760 ), #1885, .T. ) ;
#952 = DIRECTION ( 'NONE',  ( 1.548860246407863583E-16, -1.000000000000000000, 0.000000000000000000 ) ) ;
#953 = DIRECTION ( 'NONE',  ( -0.000000000000000000, 1.000000000000000000, -0.000000000000000000 ) ) ;
#954 = CARTESIAN_POINT ( 'NONE',  ( -0.1769531744839433762, 0.03770244775316093644, 1.355252715606880543E-17 ) ) ;
#955 = EDGE_LOOP ( 'NONE', ( #2902, #1496, #597, #4559 ) ) ;
#956 = CARTESIAN_POINT ( 'NONE',  ( -0.09486838081113731225, 0.2169421800246819632, 0.02999999999999999889 ) ) ;
#957 = EDGE_LOOP ( 'NONE', ( #2573, #5055, #1068, #6385 ) ) ;
#958 = CARTESIAN_POINT ( 'NONE',  ( -0.1038573520255890448, 0.03780986297283379233, 0.02999999999999999889 ) ) ;
#959 = AXIS2_PLACEMENT_3D ( 'NONE', #6255, #1824, #6299 ) ;
#960 = VECTOR ( 'NONE', #1539, 1000.000000000000114 ) ;
#961 = ORIENTED_EDGE ( 'NONE', *, *, #4642, .T. ) ;
#962 = CARTESIAN_POINT ( 'NONE',  ( -1.580000000000000071, -1.100000000000000089, 0.1199999999999998707 ) ) ;
#963 = CARTESIAN_POINT ( 'NONE',  ( 0.2973928387864665512, 0.1770445180009315167, 0.000000000000000000 ) ) ;
#964 = CARTESIAN_POINT ( 'NONE',  ( -0.1515834545129647881, 0.02298438811116405509, 0.02999999999999999889 ) ) ;
#965 = CARTESIAN_POINT ( 'NONE',  ( -0.1528884789001920819, 0.04684835331193148295, 0.02999999999999999889 ) ) ;
#966 = EDGE_LOOP ( 'NONE', ( #6354, #6223, #110, #4304 ) ) ;
#967 = FACE_OUTER_BOUND ( 'NONE', #3557, .T. ) ;
#968 = EDGE_CURVE ( 'NONE', #2162, #6193, #3452, .T. ) ;
#969 = FILL_AREA_STYLE ('',( #5928 ) ) ;
#970 = FACE_OUTER_BOUND ( 'NONE', #3523, .T. ) ;
#971 = CARTESIAN_POINT ( 'NONE',  ( -0.2082469489365936233, 0.1173387542007368889, -0.000000000000000000 ) ) ;
#972 = CARTESIAN_POINT ( 'NONE',  ( -0.1627727113924324898, 0.02777583755812907881, 0.02999999999999999889 ) ) ;
#973 = VECTOR ( 'NONE', #1900, 1000.000000000000000 ) ;
#974 = CARTESIAN_POINT ( 'NONE',  ( 0.1045328549212713176, 0.01701632933467818118, 0.000000000000000000 ) ) ;
#975 = EDGE_CURVE ( 'NONE', #1636, #730, #4908, .T. ) ;
#976 = FACE_BOUND ( 'NONE', #4906, .T. ) ;
#977 = PRESENTATION_LAYER_ASSIGNMENT (  '', '', ( #4193 ) ) ;
#978 = CARTESIAN_POINT ( 'NONE',  ( -0.1764648443157582902, 0.1632343151376881019, 0.02999999999999999889 ) ) ;
#979 = PLANE ( 'NONE',  #352 ) ;
#980 = ORIENTED_EDGE ( 'NONE', *, *, #4191, .T. ) ;
#981 = CARTESIAN_POINT ( 'NONE',  ( 0.1493441179552866260, 0.04895074483694807771, 0.02999999999999999889 ) ) ;
#982 = VERTEX_POINT ( 'NONE', #2361 ) ;
#983 = VERTEX_POINT ( 'NONE', #3344 ) ;
#984 = LINE ( 'NONE', #6362, #3290 ) ;
#985 = CARTESIAN_POINT ( 'NONE',  ( -1.579999999999999627, -1.100000000000000089, 0.06999999999999986788 ) ) ;
#986 = VERTEX_POINT ( 'NONE', #2895 ) ;
#987 = VECTOR ( 'NONE', #3693, 1000.000000000000000 ) ;
#988 = VERTEX_POINT ( 'NONE', #1 ) ;
#989 = DIRECTION ( 'NONE',  ( 0.000000000000000000, 0.000000000000000000, -1.000000000000000000 ) ) ;
#990 = CIRCLE ( 'NONE', #4310, 1.199999999999999956 ) ;
#991 = CARTESIAN_POINT ( 'NONE',  ( 0.4404302908187072152, 0.03752914984749869398, 0.02999999999999999889 ) ) ;
#992 = ORIENTED_EDGE ( 'NONE', *, *, #1666, .F. ) ;
#993 = AXIS2_PLACEMENT_3D ( 'NONE', #2803, #436, #1951 ) ;
#994 = CARTESIAN_POINT ( 'NONE',  ( 1.579999999999999627, -1.100000000000000089, 0.06999999999999986788 ) ) ;
#995 = CARTESIAN_POINT ( 'NONE',  ( -0.1627727113924324898, 0.02777583755812907881, 1.355252715606880543E-17 ) ) ;
#996 = CARTESIAN_POINT ( 'NONE',  ( -1.579999999999998517, -0.4000000000000000222, 0.9499999999999999556 ) ) ;
#997 =( NAMED_UNIT ( * ) SI_UNIT ( $, .STERADIAN. ) SOLID_ANGLE_UNIT ( ) );
#998 =( GEOMETRIC_REPRESENTATION_CONTEXT ( 3 ) GLOBAL_UNCERTAINTY_ASSIGNED_CONTEXT ( ( #111 ) ) GLOBAL_UNIT_ASSIGNED_CONTEXT ( ( #4282, #5737, #3774 ) ) REPRESENTATION_CONTEXT ( 'NONE', 'WORKASPACE' ) );
#999 = CARTESIAN_POINT ( 'NONE',  ( 0.3111563641847218120, 0.1598346961072046879, 0.000000000000000000 ) ) ;
#1000 = CARTESIAN_POINT ( 'NONE',  ( 0.3081439627525271452, 0.1644811765391102354, 0.02999999999999999889 ) ) ;
#1001 = DIRECTION ( 'NONE',  ( 0.000000000000000000, 1.000000000000000000, 0.000000000000000000 ) ) ;
#1002 = EDGE_CURVE ( 'NONE', #6350, #1074, #4089, .T. ) ;
#1003 = VERTEX_POINT ( 'NONE', #6303 ) ;
#1004 =( NAMED_UNIT ( * ) SI_UNIT ( $, .STERADIAN. ) SOLID_ANGLE_UNIT ( ) );
#1005 = DIRECTION ( 'NONE',  ( -1.000000000000000000, 0.000000000000000000, 0.000000000000000000 ) ) ;
#1006 = AXIS2_PLACEMENT_3D ( 'NONE', #3814, #2853, #4296 ) ;
#1007 = EDGE_CURVE ( 'NONE', #4308, #4146, #2128, .T. ) ;
#1008 = CARTESIAN_POINT ( 'NONE',  ( -0.1452388157711278771, 0.02116458151853222586, 1.355252715606880543E-17 ) ) ;
#1009 = VERTEX_POINT ( 'NONE', #1409 ) ;
#1010 = FILL_AREA_STYLE ('',( #5449 ) ) ;
#1011 = CARTESIAN_POINT ( 'NONE',  ( 0.3210079975908001204, 0.09955489366109232519, 0.000000000000000000 ) ) ;
#1012 = ORIENTED_EDGE ( 'NONE', *, *, #2775, .T. ) ;
#1013 =( LENGTH_UNIT ( ) NAMED_UNIT ( * ) SI_UNIT ( .MILLI., .METRE. ) );
#1014 = CARTESIAN_POINT ( 'NONE',  ( -0.1825545560936035761, 0.1526069303030223312, 0.02999999999999999889 ) ) ;
#1015 = PLANE ( 'NONE',  #4399 ) ;
#1016 = CARTESIAN_POINT ( 'NONE',  ( -0.1577317363092074209, 0.04959361444047707956, 0.02999999999999999889 ) ) ;
#1017 = ORIENTED_EDGE ( 'NONE', *, *, #975, .F. ) ;
#1018 = ORIENTED_EDGE ( 'NONE', *, *, #5713, .T. ) ;
#1019 = EDGE_CURVE ( 'NONE', #3048, #1898, #6075, .T. ) ;
#1020 =( NAMED_UNIT ( * ) SI_UNIT ( $, .STERADIAN. ) SOLID_ANGLE_UNIT ( ) );
#1021 = ORIENTED_EDGE ( 'NONE', *, *, #113, .T. ) ;
#1022 = CARTESIAN_POINT ( 'NONE',  ( 1.749999999999999778, 1.400000000000000355, 0.8299999999999999600 ) ) ;
#1023 = CARTESIAN_POINT ( 'NONE',  ( 1.000000000000000222, -1.100000000000000089, 0.06999999999999986788 ) ) ;
#1024 = SURFACE_SIDE_STYLE ('',( #1159 ) ) ;
#1025 = CARTESIAN_POINT ( 'NONE',  ( 0.1846282948735586127, 0.04530340640330819679, 0.000000000000000000 ) ) ;
#1026 = DIRECTION ( 'NONE',  ( -0.000000000000000000, -0.000000000000000000, -1.000000000000000000 ) ) ;
#1027 = B_SPLINE_CURVE_WITH_KNOTS ( 'NONE', 3,
 ( #472, #6308, #5363, #2340, #395, #4403, #5308, #6329, #2423, #3874, #3905, #901, #4854, #2388, #3889, #3851, #4386, #1458, #3825 ),
 .UNSPECIFIED., .F., .F.,
 ( 4, 1, 1, 1, 1, 1, 1, 1, 1, 1, 1, 1, 1, 1, 1, 1, 4 ),
 ( 0.000000000000000000, 0.06167423887742603389, 0.1230530616348058798, 0.1834750007317020870, 0.2437265005106117044, 0.3042789165122536388, 0.3648629209606826240, 0.4259462039686195411, 0.4873912299654079572, 0.5492203840754761313, 0.6111435886926029903, 0.6735285303101521404, 0.7369614566573042813, 0.8007852828728402317, 0.8660125956416149240, 0.9321007477905784988, 1.000000000000000000 ),
 .UNSPECIFIED. ) ;
#1028 = DIRECTION ( 'NONE',  ( 0.000000000000000000, 0.000000000000000000, -1.000000000000000000 ) ) ;
#1029 = PRESENTATION_STYLE_ASSIGNMENT (( #3498 ) ) ;
#1030 = ORIENTED_EDGE ( 'NONE', *, *, #806, .F. ) ;
#1031 =( GEOMETRIC_REPRESENTATION_CONTEXT ( 3 ) GLOBAL_UNCERTAINTY_ASSIGNED_CONTEXT ( ( #5396 ) ) GLOBAL_UNIT_ASSIGNED_CONTEXT ( ( #3000, #5956, #545 ) ) REPRESENTATION_CONTEXT ( 'NONE', 'WORKASPACE' ) );
#1032 = DIRECTION ( 'NONE',  ( 0.000000000000000000, 0.000000000000000000, -1.000000000000000000 ) ) ;
#1033 = DIRECTION ( 'NONE',  ( -0.000000000000000000, -0.000000000000000000, -1.000000000000000000 ) ) ;
#1034 = CARTESIAN_POINT ( 'NONE',  ( 0.2573058590267100487, 0.01405167196513515925, 0.02999999999999999889 ) ) ;
#1035 = SURFACE_STYLE_FILL_AREA ( #1913 ) ;
#1036 = VECTOR ( 'NONE', #4871, 1000.000000000000000 ) ;
#1037 = CARTESIAN_POINT ( 'NONE',  ( -1.749999999999999778, 1.100000000000000089, 0.7799999999999988054 ) ) ;
#1038 = FACE_OUTER_BOUND ( 'NONE', #1593, .T. ) ;
#1039 = EDGE_CURVE ( 'NONE', #3042, #3757, #5920, .T. ) ;
#1040 = PLANE ( 'NONE',  #44 ) ;
#1041 = CARTESIAN_POINT ( 'NONE',  ( -0.2066205693560227430, 0.09300277690814381937, 0.02999999999999999889 ) ) ;
#1042 = VECTOR ( 'NONE', #5000, 1000.000000000000000 ) ;
#1043 = UNCERTAINTY_MEASURE_WITH_UNIT (LENGTH_MEASURE( 1.000000000000000082E-05 ), #3585, 'distance_accuracy_value', 'NONE');
#1044 = FILL_AREA_STYLE ('',( #4903 ) ) ;
#1045 = VECTOR ( 'NONE', #3329, 1000.000000000000000 ) ;
#1046 = CARTESIAN_POINT ( 'NONE',  ( 1.629999999999999893, -1.100000000000000089, 0.7799999999999996936 ) ) ;
#1047 = VECTOR ( 'NONE', #5531, 1000.000000000000000 ) ;
#1048 = CARTESIAN_POINT ( 'NONE',  ( 0.2328181113315277440, 0.2221445344628833196, 0.02999999999999999889 ) ) ;
#1049 = CARTESIAN_POINT ( 'NONE',  ( 0.3224094689257661628, 0.1138599333977024369, -0.000000000000000000 ) ) ;
#1050 = VERTEX_POINT ( 'NONE', #871 ) ;
#1051 = UNCERTAINTY_MEASURE_WITH_UNIT (LENGTH_MEASURE( 1.000000000000000082E-05 ), #6183, 'distance_accuracy_value', 'NONE');
#1052 = ORIENTED_EDGE ( 'NONE', *, *, #896, .F. ) ;
#1053 = ORIENTED_EDGE ( 'NONE', *, *, #948, .F. ) ;
#1054 = PRESENTATION_STYLE_ASSIGNMENT (( #6143 ) ) ;
#1055 = EDGE_CURVE ( 'NONE', #794, #2748, #984, .T. ) ;
#1056 = CARTESIAN_POINT ( 'NONE',  ( 0.2389822614106828225, 0.01193269851456825806, 0.02999999999999999889 ) ) ;
#1057 = CARTESIAN_POINT ( 'NONE',  ( -0.1805560340468553293, 0.07343087141642493099, 0.02999999999999999889 ) ) ;
#1058 = ORIENTED_EDGE ( 'NONE', *, *, #5477, .F. ) ;
#1059 = EDGE_LOOP ( 'NONE', ( #415, #4606, #1890, #342 ) ) ;
#1060 = FACE_OUTER_BOUND ( 'NONE', #1789, .T. ) ;
#1061 = CARTESIAN_POINT ( 'NONE',  ( 0.1493441179552866260, 0.04895074483694807771, 0.02999999999999999889 ) ) ;
#1062 =( LENGTH_UNIT ( ) NAMED_UNIT ( * ) SI_UNIT ( .MILLI., .METRE. ) );
#1063 = PRESENTATION_LAYER_ASSIGNMENT (  '', '', ( #2958 ) ) ;
#1064 = CARTESIAN_POINT ( 'NONE',  ( -1.000000000000000222, 1.100000000000000089, 0.06999999999999986788 ) ) ;
#1065 = CARTESIAN_POINT ( 'NONE',  ( 0.000000000000000000, 0.000000000000000000, 1.830000000000000071 ) ) ;
#1066 = CIRCLE ( 'NONE', #3633, 0.1699999999999999845 ) ;
#1067 = B_SPLINE_CURVE_WITH_KNOTS ( 'NONE', 3,
 ( #865, #5083, #2243, #1860, #2355, #5822, #2465, #2967, #4021, #4782, #1812 ),
 .UNSPECIFIED., .F., .F.,
 ( 4, 1, 1, 1, 1, 1, 1, 1, 4 ),
 ( 0.000000000000000000, 0.1719006646132689997, 0.3306279320958805945, 0.4755488358809185634, 0.6067461903123634315, 0.7250238034674904020, 0.8297423869584565903, 0.9213228203439755015, 0.9999999999999998890 ),
 .UNSPECIFIED. ) ;
#1068 = ORIENTED_EDGE ( 'NONE', *, *, #3534, .T. ) ;
#1069 = DIRECTION ( 'NONE',  ( 1.000000000000000000, 0.000000000000000000, -3.285461128743965351E-16 ) ) ;
#1070 = CARTESIAN_POINT ( 'NONE',  ( 0.2326979190238354644, 0.03240094471929357012, 0.000000000000000000 ) ) ;
#1071 = AXIS2_PLACEMENT_3D ( 'NONE', #441, #3880, #1423 ) ;
#1072 = PLANE ( 'NONE',  #2736 ) ;
#1073 = CARTESIAN_POINT ( 'NONE',  ( 0.2793407224891028551, 0.02056994339484822035, 0.02999999999999999889 ) ) ;
#1074 = VERTEX_POINT ( 'NONE', #4812 ) ;
#1075 =( GEOMETRIC_REPRESENTATION_CONTEXT ( 3 ) GLOBAL_UNCERTAINTY_ASSIGNED_CONTEXT ( ( #4696 ) ) GLOBAL_UNIT_ASSIGNED_CONTEXT ( ( #5705, #4293, #278 ) ) REPRESENTATION_CONTEXT ( 'NONE', 'WORKASPACE' ) );
#1076 = EDGE_CURVE ( 'NONE', #4820, #4083, #2276, .T. ) ;
#1077 = CYLINDRICAL_SURFACE ( 'NONE', #5160, 0.05000000000000002359 ) ;
#1078 = CARTESIAN_POINT ( 'NONE',  ( -0.2839286835402671794, 0.08111889343724229540, 0.02999999999999999889 ) ) ;
#1079 = FILL_AREA_STYLE ('',( #5070 ) ) ;
#1080 = EDGE_LOOP ( 'NONE', ( #5981, #5776, #4914, #314 ) ) ;
#1081 = EDGE_CURVE ( 'NONE', #4146, #3601, #1967, .T. ) ;
#1082 = CARTESIAN_POINT ( 'NONE',  ( 0.2328181113315277440, 0.2221445344628833196, 0.02999999999999999889 ) ) ;
#1083 = LINE ( 'NONE', #4928, #5093 ) ;
#1084 = DIRECTION ( 'NONE',  ( -0.000000000000000000, -0.000000000000000000, 1.000000000000000000 ) ) ;
#1085 = ADVANCED_FACE ( 'NONE', ( #6085 ), #766, .T. ) ;
#1086 = PRESENTATION_LAYER_ASSIGNMENT (  '', '', ( #3869 ) ) ;
#1087 = AXIS2_PLACEMENT_3D ( 'NONE', #5132, #1127, #153 ) ;
#1088 = ORIENTED_EDGE ( 'NONE', *, *, #1623, .F. ) ;
#1089 =( NAMED_UNIT ( * ) SI_UNIT ( $, .STERADIAN. ) SOLID_ANGLE_UNIT ( ) );
#1090 = ORIENTED_EDGE ( 'NONE', *, *, #1589, .T. ) ;
#1091 = VERTEX_POINT ( 'NONE', #4459 ) ;
#1092 = CARTESIAN_POINT ( 'NONE',  ( 0.3072269209714563742, 0.03863214641756288620, 0.000000000000000000 ) ) ;
#1093 = SURFACE_STYLE_USAGE ( .BOTH. , #1158 ) ;
#1094 = CARTESIAN_POINT ( 'NONE',  ( 0.2844298481917654220, 0.02288515382555573671, 3.388131789017201356E-18 ) ) ;
#1095 = DIRECTION ( 'NONE',  ( -0.000000000000000000, 1.000000000000000000, -0.000000000000000000 ) ) ;
#1096 = VERTEX_POINT ( 'NONE', #2528 ) ;
#1097 = VECTOR ( 'NONE', #4154, 1000.000000000000000 ) ;
#1098 = PLANE ( 'NONE',  #2544 ) ;
#1099 = PRESENTATION_STYLE_ASSIGNMENT (( #1193 ) ) ;
#1100 = DIRECTION ( 'NONE',  ( 0.000000000000000000, 1.000000000000000000, 0.000000000000000000 ) ) ;
#1101 = ORIENTED_EDGE ( 'NONE', *, *, #2777, .T. ) ;
#1102 = DIRECTION ( 'NONE',  ( -0.000000000000000000, 1.000000000000000000, -0.000000000000000000 ) ) ;
#1103 = VECTOR ( 'NONE', #2552, 1000.000000000000000 ) ;
#1104 = DIRECTION ( 'NONE',  ( -1.000000000000000000, 0.000000000000000000, 0.000000000000000000 ) ) ;
#1105 = LINE ( 'NONE', #577, #3193 ) ;
#1106 = FACE_OUTER_BOUND ( 'NONE', #3692, .T. ) ;
#1107 = B_SPLINE_CURVE_WITH_KNOTS ( 'NONE', 3,
 ( #2537, #1639, #149, #4123, #1619, #4101, #3609, #633, #618, #4055, #4034, #3077, #4081, #1146, #6050, #4554, #1120, #1600, #1660 ),
 .UNSPECIFIED., .F., .F.,
 ( 4, 1, 1, 1, 1, 1, 1, 1, 1, 1, 1, 1, 1, 1, 1, 1, 4 ),
 ( 0.000000000000000000, 0.06854753670890290085, 0.1356829456230481679, 0.2012149895263285471, 0.2656822347546963226, 0.3292668348172591575, 0.3923954278443284038, 0.4550697616521435229, 0.5171268500645062050, 0.5787900352866527376, 0.6397398633435416038, 0.7001915036663085568, 0.7598062425966701783, 0.8196283192750081215, 0.8793547910462763406, 0.9395116077646616937, 1.000000000000000000 ),
 .UNSPECIFIED. ) ;
#1108 = SURFACE_STYLE_FILL_AREA ( #1488 ) ;
#1109 = FACE_OUTER_BOUND ( 'NONE', #1126, .T. ) ;
#1110 = PRESENTATION_LAYER_ASSIGNMENT (  '', '', ( #5881 ) ) ;
#1111 = PLANE ( 'NONE',  #1121 ) ;
#1112 = LINE ( 'NONE', #3283, #2492 ) ;
#1113 = CARTESIAN_POINT ( 'NONE',  ( 0.4583790087674252112, 0.01701632933467818118, 0.02999999999999999889 ) ) ;
#1114 = PLANE ( 'NONE',  #3409 ) ;
#1115 = DIRECTION ( 'NONE',  ( 0.000000000000000000, 0.000000000000000000, -1.000000000000000000 ) ) ;
#1116 = CARTESIAN_POINT ( 'NONE',  ( -0.1903021939410310115, 0.1123140417219617576, 0.02999999999999999889 ) ) ;
#1117 = LINE ( 'NONE', #6186, #4827 ) ;
#1118 = CARTESIAN_POINT ( 'NONE',  ( -1.579999999999999627, -1.100000000000000089, 0.8299999999999999600 ) ) ;
#1119 = UNCERTAINTY_MEASURE_WITH_UNIT (LENGTH_MEASURE( 1.000000000000000082E-05 ), #1137, 'distance_accuracy_value', 'NONE');
#1120 = CARTESIAN_POINT ( 'NONE',  ( 0.1492264126845367911, 0.1851567491673044019, 0.02999999999999999889 ) ) ;
#1121 = AXIS2_PLACEMENT_3D ( 'NONE', #4631, #1752, #4204 ) ;
#1122 =( NAMED_UNIT ( * ) PLANE_ANGLE_UNIT ( ) SI_UNIT ( $, .RADIAN. ) );
#1123 = EDGE_CURVE ( 'NONE', #2894, #4792, #2045, .T. ) ;
#1124 = STYLED_ITEM ( 'NONE', ( #1224 ), #1641 ) ;
#1125 = EDGE_CURVE ( 'NONE', #1850, #4820, #2289, .T. ) ;
#1126 = EDGE_LOOP ( 'NONE', ( #3605, #1426, #386, #2915 ) ) ;
#1127 = DIRECTION ( 'NONE',  ( -0.000000000000000000, 1.000000000000000000, -0.000000000000000000 ) ) ;
#1128 = VERTEX_POINT ( 'NONE', #5468 ) ;
#1129 = VECTOR ( 'NONE', #2876, 1000.000000000000000 ) ;
#1130 = DIRECTION ( 'NONE',  ( 1.000000000000000000, 0.000000000000000000, -1.807003620809174188E-15 ) ) ;
#1131 = ORIENTED_EDGE ( 'NONE', *, *, #2099, .T. ) ;
#1132 = ORIENTED_EDGE ( 'NONE', *, *, #4392, .F. ) ;
#1133 = SURFACE_STYLE_FILL_AREA ( #3296 ) ;
#1134 = ORIENTED_EDGE ( 'NONE', *, *, #3657, .T. ) ;
#1135 = LINE ( 'NONE', #770, #4607 ) ;
#1136 = ORIENTED_EDGE ( 'NONE', *, *, #4078, .T. ) ;
#1137 =( LENGTH_UNIT ( ) NAMED_UNIT ( * ) SI_UNIT ( .MILLI., .METRE. ) );
#1138 = DIRECTION ( 'NONE',  ( 0.000000000000000000, 0.000000000000000000, 1.000000000000000000 ) ) ;
#1139 = CARTESIAN_POINT ( 'NONE',  ( 1.579999999999999627, 0.4000000000000000777, 0.06999999999999986788 ) ) ;
#1140 = EDGE_CURVE ( 'NONE', #3953, #1128, #4609, .T. ) ;
#1141 =( NAMED_UNIT ( * ) PLANE_ANGLE_UNIT ( ) SI_UNIT ( $, .RADIAN. ) );
#1142 = LINE ( 'NONE', #1576, #227 ) ;
#1143 = DIRECTION ( 'NONE',  ( 1.000000000000000000, 0.000000000000000000, 1.285153437213423508E-16 ) ) ;
#1144 = LINE ( 'NONE', #5126, #848 ) ;
#1145 =( NAMED_UNIT ( * ) PLANE_ANGLE_UNIT ( ) SI_UNIT ( $, .RADIAN. ) );
#1146 = CARTESIAN_POINT ( 'NONE',  ( 0.1619314851287003698, 0.1979984622773851011, 0.02999999999999999889 ) ) ;
#1147 =( LENGTH_UNIT ( ) NAMED_UNIT ( * ) SI_UNIT ( .MILLI., .METRE. ) );
#1148 = CARTESIAN_POINT ( 'NONE',  ( 1.579999999999998517, -1.100000000000000089, 0.9499999999999999556 ) ) ;
#1149 = FILL_AREA_STYLE_COLOUR ( '', #588 ) ;
#1150 = AXIS2_PLACEMENT_3D ( 'NONE', #79, #6088, #6020 ) ;
#1151 = CARTESIAN_POINT ( 'NONE',  ( -1.549999999999999822, 1.100000000000000089, 0.9499999999999999556 ) ) ;
#1152 = ADVANCED_FACE ( 'NONE', ( #6320 ), #2483, .F. ) ;
#1153 =( NAMED_UNIT ( * ) SI_UNIT ( $, .STERADIAN. ) SOLID_ANGLE_UNIT ( ) );
#1154 = VERTEX_POINT ( 'NONE', #1048 ) ;
#1155 = COLOUR_RGB ( '',0.7960784313725489669, 0.8235294117647058432, 0.9372549019607843146 ) ;
#1156 = EDGE_LOOP ( 'NONE', ( #1134, #6079, #3238, #670 ) ) ;
#1157 = MECHANICAL_DESIGN_GEOMETRIC_PRESENTATION_REPRESENTATION (  '', ( #627 ), #5156 ) ;
#1158 = SURFACE_SIDE_STYLE ('',( #270 ) ) ;
#1159 = SURFACE_STYLE_FILL_AREA ( #1044 ) ;
#1160 = CARTESIAN_POINT ( 'NONE',  ( 0.3138055016128484254, 0.04543173865148977114, 0.02999999999999999889 ) ) ;
#1161 = CARTESIAN_POINT ( 'NONE',  ( -1.579999999999999627, 1.100000000000000089, 0.8299999999999999600 ) ) ;
#1162 = EDGE_CURVE ( 'NONE', #920, #1296, #2367, .T. ) ;
#1163 = PLANE ( 'NONE',  #4177 ) ;
#1164 = DIRECTION ( 'NONE',  ( -1.000000000000000000, -0.000000000000000000, -0.000000000000000000 ) ) ;
#1165 = FACE_OUTER_BOUND ( 'NONE', #2352, .T. ) ;
#1166 = UNCERTAINTY_MEASURE_WITH_UNIT (LENGTH_MEASURE( 1.000000000000000082E-05 ), #1591, 'distance_accuracy_value', 'NONE');
#1167 = CARTESIAN_POINT ( 'NONE',  ( -1.579999999999999849, -1.100000000000000089, 0.9499999999999999556 ) ) ;
#1168 = CARTESIAN_POINT ( 'NONE',  ( 0.000000000000000000, 0.000000000000000000, 1.830000000000000071 ) ) ;
#1169 = DIRECTION ( 'NONE',  ( -0.000000000000000000, 0.000000000000000000, -1.000000000000000000 ) ) ;
#1170 = DIRECTION ( 'NONE',  ( 0.000000000000000000, 0.000000000000000000, -1.000000000000000000 ) ) ;
#1171 =( GEOMETRIC_REPRESENTATION_CONTEXT ( 3 ) GLOBAL_UNCERTAINTY_ASSIGNED_CONTEXT ( ( #5914 ) ) GLOBAL_UNIT_ASSIGNED_CONTEXT ( ( #790, #5216, #2250 ) ) REPRESENTATION_CONTEXT ( 'NONE', 'WORKASPACE' ) );
#1172 = ORIENTED_EDGE ( 'NONE', *, *, #6106, .F. ) ;
#1173 = CIRCLE ( 'NONE', #150, 0.04999999999999995420 ) ;
#1174 = CARTESIAN_POINT ( 'NONE',  ( -1.580000000000000071, 1.100000000000000089, 0.1199999999999998707 ) ) ;
#1175 = LINE ( 'NONE', #3482, #2326 ) ;
#1176 = DIRECTION ( 'NONE',  ( 0.000000000000000000, 0.09853005703411681082, -0.9951340753189258370 ) ) ;
#1177 = LINE ( 'NONE', #6034, #3807 ) ;
#1178 = CARTESIAN_POINT ( 'NONE',  ( 0.1933902746566922293, 0.04055681852315199537, 0.02999999999999999889 ) ) ;
#1179 = B_SPLINE_SURFACE_WITH_KNOTS ( 'NONE', 3, 1, ( 
 ( #5347, #5282 ),
 ( #66, #2490 ),
 ( #981, #4897 ),
 ( #477, #2906 ),
 ( #2413, #2469 ),
 ( #33, #5897 ),
 ( #5368, #4447 ),
 ( #4919, #2453 ),
 ( #4389, #3910 ),
 ( #3461, #5944 ),
 ( #554, #3931 ),
 ( #5414, #6372 ),
 ( #5879, #495 ),
 ( #1438, #1483 ),
 ( #1461, #1971 ),
 ( #4423, #2994 ),
 ( #1949, #5918 ),
 ( #5438, #2950 ),
 ( #515, #3414 ) ),
 .UNSPECIFIED., .F., .F., .F.,
 ( 4, 1, 1, 1, 1, 1, 1, 1, 1, 1, 1, 1, 1, 1, 1, 1, 4 ),
 ( 2, 2 ),
 ( 0.000000000000000000, 0.06167423887742603389, 0.1230530616348058798, 0.1834750007317020870, 0.2437265005106117044, 0.3042789165122536388, 0.3648629209606826240, 0.4259462039686195411, 0.4873912299654079572, 0.5492203840754761313, 0.6111435886926029903, 0.6735285303101521404, 0.7369614566573042813, 0.8007852828728402317, 0.8660125956416149240, 0.9321007477905784988, 1.000000000000000000 ),
 ( 0.000000000000000000, 1.000000000000000000 ),
 .UNSPECIFIED. ) ;
#1180 = CARTESIAN_POINT ( 'NONE',  ( 0.3019822662245076894, 0.1992632090798262534, 0.02999999999999999889 ) ) ;
#1181 = CARTESIAN_POINT ( 'NONE',  ( 0.2258238823856318356, 0.01196457418828299375, 0.02999999999999999889 ) ) ;
#1182 = ADVANCED_FACE ( 'NONE', ( #6160 ), #61, .T. ) ;
#1183 = CARTESIAN_POINT ( 'NONE',  ( -0.04418509379667742709, 0.2170163293346781819, 0.02999999999999999889 ) ) ;
#1184 = SURFACE_STYLE_FILL_AREA ( #3418 ) ;
#1185 = ORIENTED_EDGE ( 'NONE', *, *, #6384, .T. ) ;
#1186 = DIRECTION ( 'NONE',  ( 0.000000000000000000, -1.000000000000000000, 0.000000000000000000 ) ) ;
#1187 = AXIS2_PLACEMENT_3D ( 'NONE', #5129, #3119, #3634 ) ;
#1188 = VECTOR ( 'NONE', #1033, 1000.000000000000000 ) ;
#1189 = DIRECTION ( 'NONE',  ( 0.000000000000000000, 0.000000000000000000, 1.000000000000000000 ) ) ;
#1190 = DIRECTION ( 'NONE',  ( 0.000000000000000000, -0.000000000000000000, 1.000000000000000000 ) ) ;
#1191 = DIRECTION ( 'NONE',  ( 1.000000000000000000, 0.000000000000000000, 0.000000000000000000 ) ) ;
#1192 = CARTESIAN_POINT ( 'NONE',  ( -0.008287657899241539228, 0.2170163293346781819, 0.02999999999999999889 ) ) ;
#1193 = SURFACE_STYLE_USAGE ( .BOTH. , #4271 ) ;
#1194 = LINE ( 'NONE', #3241, #3750 ) ;
#1195 = PRESENTATION_STYLE_ASSIGNMENT (( #346 ) ) ;
#1196 =( GEOMETRIC_REPRESENTATION_CONTEXT ( 3 ) GLOBAL_UNCERTAINTY_ASSIGNED_CONTEXT ( ( #578 ) ) GLOBAL_UNIT_ASSIGNED_CONTEXT ( ( #3428, #1474, #937 ) ) REPRESENTATION_CONTEXT ( 'NONE', 'WORKASPACE' ) );
#1197 = B_SPLINE_CURVE_WITH_KNOTS ( 'NONE', 3,
 ( #5975, #3504, #4984, #4020, #5073, #3082, #5094, #728, #3681, #2585, #155, #4086, #2125, #5048, #6056, #1684, #5641, #3589, #641, #3151, #4172, #5566, #3640, #2102, #2608, #5587, #4624 ),
 .UNSPECIFIED., .F., .F.,
 ( 4, 1, 1, 1, 1, 1, 1, 1, 1, 1, 1, 1, 1, 1, 1, 1, 1, 1, 1, 1, 1, 1, 1, 1, 4 ),
 ( 0.000000000000000000, 0.04608068338724800178, 0.09080679960761624259, 0.1342952705290696991, 0.1770243856662441773, 0.2188227336826556457, 0.2602441163273735425, 0.3010798671134451432, 0.3416138942851569826, 0.3815834185517459898, 0.4201195913296165152, 0.4580746185423134609, 0.4947384876076563742, 0.5311946228937135528, 0.5669336984503784427, 0.6027126507379957365, 0.6383266061284351700, 0.6748532488548240060, 0.7134673707840597512, 0.7544418038483806654, 0.7978153607124988111, 0.8439894562081102780, 0.8930715698796480861, 0.9449633461781439259, 1.000000000000000000 ),
 .UNSPECIFIED. ) ;
#1198 = VECTOR ( 'NONE', #1601, 1000.000000000000000 ) ;
#1199 = CARTESIAN_POINT ( 'NONE',  ( 0.08658413697255337715, 0.1965035088218576864, 0.02999999999999999889 ) ) ;
#1200 = ORIENTED_EDGE ( 'NONE', *, *, #1941, .F. ) ;
#1201 = PRESENTATION_LAYER_ASSIGNMENT (  '', '', ( #1293 ) ) ;
#1202 = LINE ( 'NONE', #4072, #2817 ) ;
#1203 = EDGE_CURVE ( 'NONE', #4278, #4613, #3538, .T. ) ;
#1204 = CARTESIAN_POINT ( 'NONE',  ( -1.629999999999999893, 0.4000000000000000777, 0.1200000000000002176 ) ) ;
#1205 = CARTESIAN_POINT ( 'NONE',  ( 0.3403414226154461431, 0.1217756427971103256, 0.000000000000000000 ) ) ;
#1206 = CARTESIAN_POINT ( 'NONE',  ( 0.1946352241418727314, 0.1939377042634219395, 0.02999999999999999889 ) ) ;
#1207 = UNCERTAINTY_MEASURE_WITH_UNIT (LENGTH_MEASURE( 1.000000000000000082E-05 ), #4196, 'distance_accuracy_value', 'NONE');
#1208 = ORIENTED_EDGE ( 'NONE', *, *, #4930, .F. ) ;
#1209 = EDGE_LOOP ( 'NONE', ( #4800, #6234, #3374, #5601 ) ) ;
#1210 = ORIENTED_EDGE ( 'NONE', *, *, #6047, .T. ) ;
#1211 = EDGE_CURVE ( 'NONE', #5006, #920, #3382, .T. ) ;
#1212 = ORIENTED_EDGE ( 'NONE', *, *, #1215, .T. ) ;
#1213 = COLOUR_RGB ( '',1.000000000000000000, 0.9490196078431372140, 0.8352941176470588536 ) ;
#1214 = CARTESIAN_POINT ( 'NONE',  ( -0.1902519888114413416, 0.1214665072422752568, 0.000000000000000000 ) ) ;
#1215 = EDGE_CURVE ( 'NONE', #4874, #1954, #4915, .T. ) ;
#1216 = SURFACE_STYLE_USAGE ( .BOTH. , #703 ) ;
#1217 = FILL_AREA_STYLE ('',( #4169 ) ) ;
#1218 =( GEOMETRIC_REPRESENTATION_CONTEXT ( 3 ) GLOBAL_UNCERTAINTY_ASSIGNED_CONTEXT ( ( #6192 ) ) GLOBAL_UNIT_ASSIGNED_CONTEXT ( ( #1667, #237, #2144 ) ) REPRESENTATION_CONTEXT ( 'NONE', 'WORKASPACE' ) );
#1219 = ORIENTED_EDGE ( 'NONE', *, *, #3531, .T. ) ;
#1220 = EDGE_LOOP ( 'NONE', ( #3546, #5332, #4070, #3089, #1962, #705, #1632, #2981, #6356, #637, #5065, #1131 ) ) ;
#1221 = CARTESIAN_POINT ( 'NONE',  ( -1.431778013715337528, -1.316187654346259173, 1.800000000000000044 ) ) ;
#1222 = CARTESIAN_POINT ( 'NONE',  ( 1.629999999999999893, 0.4000000000000000777, 0.7799999999999996936 ) ) ;
#1223 = ADVANCED_FACE ( 'NONE', ( #606 ), #2565, .T. ) ;
#1224 = PRESENTATION_STYLE_ASSIGNMENT (( #4892 ) ) ;
#1225 = SURFACE_STYLE_USAGE ( .BOTH. , #1707 ) ;
#1226 = VECTOR ( 'NONE', #5088, 1000.000000000000000 ) ;
#1227 = CARTESIAN_POINT ( 'NONE',  ( 0.2326979190238354644, 0.03240094471929357012, 0.02999999999999999889 ) ) ;
#1228 = CARTESIAN_POINT ( 'NONE',  ( 0.2303010175970262030, 0.2015397273180443150, -0.000000000000000000 ) ) ;
#1229 = CARTESIAN_POINT ( 'NONE',  ( 0.2231468690469123883, 0.2013588792346633904, 0.000000000000000000 ) ) ;
#1230 = DIRECTION ( 'NONE',  ( 0.1361679063238382670, 0.1515290697049521684, -0.9790287239513119077 ) ) ;
#1231 = ORIENTED_EDGE ( 'NONE', *, *, #1731, .T. ) ;
#1232 = FACE_OUTER_BOUND ( 'NONE', #5159, .T. ) ;
#1233 = CARTESIAN_POINT ( 'NONE',  ( -0.1884693679016228307, 0.1346934412878726395, 0.000000000000000000 ) ) ;
#1234 = CARTESIAN_POINT ( 'NONE',  ( -1.579999999999999849, -0.4000000000000000222, 0.9499999999999999556 ) ) ;
#1235 = ORIENTED_EDGE ( 'NONE', *, *, #1550, .F. ) ;
#1236 = PLANE ( 'NONE',  #3808 ) ;
#1237 = CARTESIAN_POINT ( 'NONE',  ( -1.579999999999999627, -1.100000000000000089, 0.8299999999999999600 ) ) ;
#1238 = PRESENTATION_LAYER_ASSIGNMENT (  '', '', ( #5960 ) ) ;
#1239 = VECTOR ( 'NONE', #5152, 1000.000000000000114 ) ;
#1240 = SURFACE_SIDE_STYLE ('',( #5243 ) ) ;
#1241 = ORIENTED_EDGE ( 'NONE', *, *, #4435, .T. ) ;
#1242 = AXIS2_PLACEMENT_3D ( 'NONE', #3628, #674, #1656 ) ;
#1243 = PRESENTATION_LAYER_ASSIGNMENT (  '', '', ( #260 ) ) ;
#1244 = UNCERTAINTY_MEASURE_WITH_UNIT (LENGTH_MEASURE( 1.000000000000000082E-05 ), #4936, 'distance_accuracy_value', 'NONE');
#1245 = LINE ( 'NONE', #5993, #6343 ) ;
#1246 = ORIENTED_EDGE ( 'NONE', *, *, #5303, .T. ) ;
#1247 = DIRECTION ( 'NONE',  ( -0.000000000000000000, 1.000000000000000000, -0.000000000000000000 ) ) ;
#1248 = VERTEX_POINT ( 'NONE', #5584 ) ;
#1249 = DIRECTION ( 'NONE',  ( 0.000000000000000000, -1.000000000000000000, 0.000000000000000000 ) ) ;
#1250 = CARTESIAN_POINT ( 'NONE',  ( 0.3403414226154461431, 0.1217756427971103256, 0.02999999999999999889 ) ) ;
#1251 = CARTESIAN_POINT ( 'NONE',  ( 0.2231468690469123883, 0.2013588792346633904, 0.02999999999999999889 ) ) ;
#1252 = ADVANCED_FACE ( 'NONE', ( #1574 ), #3171, .F. ) ;
#1253 = CARTESIAN_POINT ( 'NONE',  ( 0.1455584959469123363, 0.1803176113859602525, 0.000000000000000000 ) ) ;
#1254 =( GEOMETRIC_REPRESENTATION_CONTEXT ( 3 ) GLOBAL_UNCERTAINTY_ASSIGNED_CONTEXT ( ( #2934 ) ) GLOBAL_UNIT_ASSIGNED_CONTEXT ( ( #2353, #444, #1821 ) ) REPRESENTATION_CONTEXT ( 'NONE', 'WORKASPACE' ) );
#1255 = UNCERTAINTY_MEASURE_WITH_UNIT (LENGTH_MEASURE( 1.000000000000000082E-05 ), #4275, 'distance_accuracy_value', 'NONE');
#1256 = ORIENTED_EDGE ( 'NONE', *, *, #2986, .F. ) ;
#1257 = ORIENTED_EDGE ( 'NONE', *, *, #405, .F. ) ;
#1258 = DIRECTION ( 'NONE',  ( -0.000000000000000000, -0.000000000000000000, -1.000000000000000000 ) ) ;
#1259 = CARTESIAN_POINT ( 'NONE',  ( 1.629999999999999893, 0.4000000000000000777, 0.1200000000000002176 ) ) ;
#1260 = DIRECTION ( 'NONE',  ( 0.000000000000000000, -1.000000000000000000, 0.000000000000000000 ) ) ;
#1261 =( NAMED_UNIT ( * ) SI_UNIT ( $, .STERADIAN. ) SOLID_ANGLE_UNIT ( ) );
#1262 = ORIENTED_EDGE ( 'NONE', *, *, #5441, .F. ) ;
#1263 = CARTESIAN_POINT ( 'NONE',  ( 0.2887590913547882776, 0.1841885295905074382, 0.02999999999999999889 ) ) ;
#1264 =( NAMED_UNIT ( * ) PLANE_ANGLE_UNIT ( ) SI_UNIT ( $, .RADIAN. ) );
#1265 = LINE ( 'NONE', #5096, #5039 ) ;
#1266 = ORIENTED_EDGE ( 'NONE', *, *, #5848, .T. ) ;
#1267 = EDGE_CURVE ( 'NONE', #2306, #5797, #4297, .T. ) ;
#1268 = DIRECTION ( 'NONE',  ( 1.000000000000000000, 0.000000000000000000, 0.000000000000000000 ) ) ;
#1269 = VECTOR ( 'NONE', #1095, 1000.000000000000000 ) ;
#1270 = PLANE ( 'NONE',  #4795 ) ;
#1271 = CARTESIAN_POINT ( 'NONE',  ( 0.1841238081503289159, 0.1884673771743666237, 0.000000000000000000 ) ) ;
#1272 = CARTESIAN_POINT ( 'NONE',  ( 0.1719215773292511462, 0.1794999629854184819, 0.02999999999999999889 ) ) ;
#1273 = DIRECTION ( 'NONE',  ( 0.000000000000000000, -1.000000000000000000, 0.000000000000000000 ) ) ;
#1274 = LINE ( 'NONE', #2886, #1439 ) ;
#1275 = CARTESIAN_POINT ( 'NONE',  ( -0.1825545560936035761, 0.1526069303030223312, 0.02999999999999999889 ) ) ;
#1276 = PRESENTATION_LAYER_ASSIGNMENT (  '', '', ( #3927 ) ) ;
#1277 = DIRECTION ( 'NONE',  ( 0.000000000000000000, -1.000000000000000000, 0.000000000000000000 ) ) ;
#1278 = FACE_OUTER_BOUND ( 'NONE', #4056, .T. ) ;
#1279 = CARTESIAN_POINT ( 'NONE',  ( 0.2359446661656318389, 0.2016086303780719735, 0.02999999999999999889 ) ) ;
#1280 = B_SPLINE_SURFACE_WITH_KNOTS ( 'NONE', 3, 1, ( 
 ( #4873, #3477 ),
 ( #4958, #532 ),
 ( #5393, #3972 ),
 ( #965, #1914 ),
 ( #1016, #1990 ),
 ( #4469, #4405 ),
 ( #1521, #5964 ),
 ( #1929, #2427 ),
 ( #5461, #2925 ),
 ( #14, #3436 ),
 ( #1057, #2051 ),
 ( #2574, #2008 ),
 ( #614, #4505 ),
 ( #5538, #2534 ),
 ( #2599, #4049 ),
 ( #5514, #572 ),
 ( #5557, #592 ),
 ( #1116, #4573 ),
 ( #6067, #3053 ) ),
 .UNSPECIFIED., .F., .F., .F.,
 ( 4, 1, 1, 1, 1, 1, 1, 1, 1, 1, 1, 1, 1, 1, 1, 1, 4 ),
 ( 2, 2 ),
 ( 0.000000000000000000, 0.06241450026327791806, 0.1233382314733143525, 0.1831245376921932511, 0.2417829946389428997, 0.3005788825509771445, 0.3596800748966263450, 0.4188816408500466992, 0.4795306644577832511, 0.5408505357600387198, 0.6023033958983802227, 0.6644632119464729536, 0.7278057226670121560, 0.7928948147812349134, 0.8596723283028315787, 0.9284644007334887927, 0.9999999999999998890 ),
 ( 0.000000000000000000, 1.000000000000000000 ),
 .UNSPECIFIED. ) ;
#1281 = DIRECTION ( 'NONE',  ( -0.000000000000000000, 1.000000000000000000, -0.000000000000000000 ) ) ;
#1282 = ADVANCED_FACE ( 'NONE', ( #1109 ), #662, .T. ) ;
#1283 = ORIENTED_EDGE ( 'NONE', *, *, #2442, .T. ) ;
#1284 = ORIENTED_EDGE ( 'NONE', *, *, #4284, .F. ) ;
#1285 = ORIENTED_EDGE ( 'NONE', *, *, #890, .T. ) ;
#1286 = COLOUR_RGB ( '',0.7960784313725489669, 0.8235294117647058432, 0.9372549019607843146 ) ;
#1287 = AXIS2_PLACEMENT_3D ( 'NONE', #5709, #4652, #2679 ) ;
#1288 = ORIENTED_EDGE ( 'NONE', *, *, #283, .T. ) ;
#1289 =( NAMED_UNIT ( * ) SI_UNIT ( $, .STERADIAN. ) SOLID_ANGLE_UNIT ( ) );
#1290 = UNCERTAINTY_MEASURE_WITH_UNIT (LENGTH_MEASURE( 1.000000000000000082E-05 ), #3141, 'distance_accuracy_value', 'NONE');
#1291 = ORIENTED_EDGE ( 'NONE', *, *, #1795, .F. ) ;
#1292 = ORIENTED_EDGE ( 'NONE', *, *, #5580, .T. ) ;
#1293 = STYLED_ITEM ( 'NONE', ( #4475 ), #6016 ) ;
#1294 = VECTOR ( 'NONE', #4137, 1000.000000000000000 ) ;
#1295 = EDGE_CURVE ( 'NONE', #456, #5342, #587, .T. ) ;
#1296 = VERTEX_POINT ( 'NONE', #687 ) ;
#1297 = CARTESIAN_POINT ( 'NONE',  ( 0.1612636241520405689, 0.1682983806167294705, 0.02999999999999999889 ) ) ;
#1298 = CARTESIAN_POINT ( 'NONE',  ( 0.2652905922757161639, 0.2181297430975046858, 0.000000000000000000 ) ) ;
#1299 = LINE ( 'NONE', #5166, #1964 ) ;
#1300 = ORIENTED_EDGE ( 'NONE', *, *, #2475, .T. ) ;
#1301 = CARTESIAN_POINT ( 'NONE',  ( 0.1940327520336621592, 0.2159891104557121744, 0.02999999999999999889 ) ) ;
#1302 = EDGE_CURVE ( 'NONE', #794, #4580, #2810, .T. ) ;
#1303 = LINE ( 'NONE', #140, #1383 ) ;
#1304 = DIRECTION ( 'NONE',  ( -0.000000000000000000, -0.000000000000000000, -1.000000000000000000 ) ) ;
#1305 =( NAMED_UNIT ( * ) SI_UNIT ( $, .STERADIAN. ) SOLID_ANGLE_UNIT ( ) );
#1306 = AXIS2_PLACEMENT_3D ( 'NONE', #5106, #6097, #3611 ) ;
#1307 = SURFACE_STYLE_USAGE ( .BOTH. , #1745 ) ;
#1308 = CARTESIAN_POINT ( 'NONE',  ( 0.3161130849130437959, 0.1499711039887252628, 0.02999999999999999889 ) ) ;
#1309 = DIRECTION ( 'NONE',  ( 0.000000000000000000, -0.000000000000000000, -1.000000000000000000 ) ) ;
#1310 = CARTESIAN_POINT ( 'NONE',  ( 1.579999999999999627, -1.100000000000000089, 0.8299999999999999600 ) ) ;
#1311 = VECTOR ( 'NONE', #541, 1000.000000000000114 ) ;
#1312 = CARTESIAN_POINT ( 'NONE',  ( 0.4583790087674252112, 0.2170163293346781819, 0.000000000000000000 ) ) ;
#1313 = ORIENTED_EDGE ( 'NONE', *, *, #686, .F. ) ;
#1314 = EDGE_CURVE ( 'NONE', #3280, #3371, #6298, .T. ) ;
#1315 = CARTESIAN_POINT ( 'NONE',  ( -0.3745937476428313206, 0.08111889343724229540, 0.000000000000000000 ) ) ;
#1316 = CARTESIAN_POINT ( 'NONE',  ( -0.1924355623670046256, 0.05611073005952841447, 1.355252715606880543E-17 ) ) ;
#1317 = DIRECTION ( 'NONE',  ( 0.000000000000000000, 1.000000000000000000, 0.000000000000000000 ) ) ;
#1318 = ADVANCED_FACE ( 'NONE', ( #5834 ), #280, .T. ) ;
#1319 = CARTESIAN_POINT ( 'NONE',  ( 1.000000000000000000, 0.4000000000000000777, -0.05000000000000012074 ) ) ;
#1320 = ORIENTED_EDGE ( 'NONE', *, *, #4094, .T. ) ;
#1321 = CARTESIAN_POINT ( 'NONE',  ( 0.2420937779192636197, 0.03257629895776990858, 0.02999999999999999889 ) ) ;
#1322 = DIRECTION ( 'NONE',  ( 0.000000000000000000, 0.000000000000000000, 1.000000000000000000 ) ) ;
#1323 = FACE_OUTER_BOUND ( 'NONE', #4944, .T. ) ;
#1324 = SURFACE_STYLE_USAGE ( .BOTH. , #857 ) ;
#1325 = CARTESIAN_POINT ( 'NONE',  ( -0.07619631174539540086, 0.1965035088218576864, 0.02999999999999999889 ) ) ;
#1326 = ORIENTED_EDGE ( 'NONE', *, *, #2983, .T. ) ;
#1327 = CARTESIAN_POINT ( 'NONE',  ( 0.2737618058126815579, 0.1929684756808926482, 0.02999999999999999889 ) ) ;
#1328 = DIRECTION ( 'NONE',  ( -0.000000000000000000, 0.000000000000000000, -1.000000000000000000 ) ) ;
#1329 = UNCERTAINTY_MEASURE_WITH_UNIT (LENGTH_MEASURE( 1.000000000000000082E-05 ), #124, 'distance_accuracy_value', 'NONE');
#1330 = COLOUR_RGB ( '',0.7960784313725489669, 0.8235294117647058432, 0.9372549019607843146 ) ;
#1331 = ORIENTED_EDGE ( 'NONE', *, *, #5001, .T. ) ;
#1332 = CARTESIAN_POINT ( 'NONE',  ( -0.2061579790574435134, 0.1391997552970636320, 0.02999999999999999889 ) ) ;
#1333 = AXIS2_PLACEMENT_3D ( 'NONE', #90, #3039, #3551 ) ;
#1334 = VERTEX_POINT ( 'NONE', #2182 ) ;
#1335 = EDGE_CURVE ( 'NONE', #575, #1954, #6137, .T. ) ;
#1336 = CARTESIAN_POINT ( 'NONE',  ( 0.3150697138956302656, 0.04686408574493459295, 0.02999999999999999889 ) ) ;
#1337 = CARTESIAN_POINT ( 'NONE',  ( 0.2122558947807037799, 0.03429648480005466349, 0.000000000000000000 ) ) ;
#1338 = CARTESIAN_POINT ( 'NONE',  ( -0.2012256629235950611, 0.07347328192109571499, 0.02999999999999999889 ) ) ;
#1339 = ORIENTED_EDGE ( 'NONE', *, *, #720, .T. ) ;
#1340 = DIRECTION ( 'NONE',  ( -0.000000000000000000, 0.000000000000000000, 1.000000000000000000 ) ) ;
#1341 = ORIENTED_EDGE ( 'NONE', *, *, #4060, .F. ) ;
#1342 = CARTESIAN_POINT ( 'NONE',  ( -1.579999999999999849, -1.100000000000000089, 0.7800000000000000266 ) ) ;
#1343 =( NAMED_UNIT ( * ) PLANE_ANGLE_UNIT ( ) SI_UNIT ( $, .RADIAN. ) );
#1344 = DIRECTION ( 'NONE',  ( -1.000000000000000000, 0.000000000000000000, 0.000000000000000000 ) ) ;
#1345 = MECHANICAL_DESIGN_GEOMETRIC_PRESENTATION_REPRESENTATION (  '', ( #1902 ), #4998 ) ;
#1346 = EDGE_CURVE ( 'NONE', #4689, #5085, #2495, .T. ) ;
#1347 = AXIS2_PLACEMENT_3D ( 'NONE', #2581, #1681, #5046 ) ;
#1348 = CARTESIAN_POINT ( 'NONE',  ( 0.3190934209457346182, 0.09141085515936245298, 0.02999999999999999889 ) ) ;
#1349 = CARTESIAN_POINT ( 'NONE',  ( 0.2970782097556304291, 0.05645162281448627695, 0.000000000000000000 ) ) ;
#1350 = SURFACE_SIDE_STYLE ('',( #4923 ) ) ;
#1351 = CARTESIAN_POINT ( 'NONE',  ( 0.3635072138956303434, 0.03752914984749869398, 0.02999999999999999889 ) ) ;
#1352 = FACE_OUTER_BOUND ( 'NONE', #145, .T. ) ;
#1353 = DIRECTION ( 'NONE',  ( -1.000000000000000000, 0.000000000000000000, 0.000000000000000000 ) ) ;
#1354 = LINE ( 'NONE', #414, #3968 ) ;
#1355 = PRESENTATION_STYLE_ASSIGNMENT (( #1093 ) ) ;
#1356 = VERTEX_POINT ( 'NONE', #1167 ) ;
#1357 = COLOUR_RGB ( '',1.000000000000000000, 1.000000000000000000, 1.000000000000000000 ) ;
#1358 = CARTESIAN_POINT ( 'NONE',  ( -0.1549207294480473562, 0.2071795223174372202, 0.000000000000000000 ) ) ;
#1359 = VECTOR ( 'NONE', #2762, 1000.000000000000000 ) ;
#1360 = EDGE_CURVE ( 'NONE', #2894, #5846, #2732, .T. ) ;
#1361 = CARTESIAN_POINT ( 'NONE',  ( 0.3402139317572497879, 0.1080219635787161431, 0.000000000000000000 ) ) ;
#1362 = CARTESIAN_POINT ( 'NONE',  ( 0.2026081367447734038, 0.03690550867634159043, 0.000000000000000000 ) ) ;
#1363 = CARTESIAN_POINT ( 'NONE',  ( -0.1265918336113794895, 0.1934202232033154778, 0.000000000000000000 ) ) ;
#1364 = SURFACE_STYLE_FILL_AREA ( #3282 ) ;
#1365 = CARTESIAN_POINT ( 'NONE',  ( 0.000000000000000000, 0.000000000000000000, 0.000000000000000000 ) ) ;
#1367 = COLOUR_RGB ( '',0.7960784313725489669, 0.8235294117647058432, 0.9372549019607843146 ) ;
#1366 = CARTESIAN_POINT ( 'NONE',  ( 1.580000000000000071, -1.100000000000000089, 0.1199999999999998707 ) ) ;
#1368 = CARTESIAN_POINT ( 'NONE',  ( 0.08658413697255337715, 0.1144522267705756352, 0.02999999999999999889 ) ) ;
#1369 = ORIENTED_EDGE ( 'NONE', *, *, #2908, .F. ) ;
#1370 = DIRECTION ( 'NONE',  ( -0.000000000000000000, -0.000000000000000000, -1.000000000000000000 ) ) ;
#1371 = STYLED_ITEM ( 'NONE', ( #6008 ), #3552 ) ;
#1372 = DIRECTION ( 'NONE',  ( -0.000000000000000000, 1.000000000000000000, -0.000000000000000000 ) ) ;
#1373 = ORIENTED_EDGE ( 'NONE', *, *, #849, .F. ) ;
#1374 = CARTESIAN_POINT ( 'NONE',  ( 0.2458583499411391704, 0.2009564417454157426, 0.02999999999999999889 ) ) ;
#1375 = CARTESIAN_POINT ( 'NONE',  ( -0.1574197897239364152, 0.02518038867137109560, 0.02999999999999999889 ) ) ;
#1376 = ORIENTED_EDGE ( 'NONE', *, *, #1162, .F. ) ;
#1377 = DIRECTION ( 'NONE',  ( 0.1371063245349692372, 0.09720021651107789429, 0.9857758232390928521 ) ) ;
#1378 = VERTEX_POINT ( 'NONE', #273 ) ;
#1379 = AXIS2_PLACEMENT_3D ( 'NONE', #1984, #4480, #4001 ) ;
#1380 = ORIENTED_EDGE ( 'NONE', *, *, #1302, .T. ) ;
#1381 = UNCERTAINTY_MEASURE_WITH_UNIT (LENGTH_MEASURE( 1.000000000000000082E-05 ), #4947, 'distance_accuracy_value', 'NONE');
#1382 = CARTESIAN_POINT ( 'NONE',  ( -0.1994211974875719495, 0.1613019686606612380, 0.02999999999999999889 ) ) ;
#1383 = VECTOR ( 'NONE', #4116, 1000.000000000000000 ) ;
#1384 = ORIENTED_EDGE ( 'NONE', *, *, #3098, .F. ) ;
#1385 = CARTESIAN_POINT ( 'NONE',  ( 0.3211199493429200968, 0.05429825142066205257, 0.000000000000000000 ) ) ;
#1386 = STYLED_ITEM ( 'NONE', ( #1099 ), #2417 ) ;
#1387 = SURFACE_SIDE_STYLE ('',( #1852 ) ) ;
#1388 = AXIS2_PLACEMENT_3D ( 'NONE', #2838, #5762, #2337 ) ;
#1389 = CARTESIAN_POINT ( 'NONE',  ( -1.549999999999999822, -1.400000000000000355, 0.9499999999999999556 ) ) ;
#1390 = EDGE_CURVE ( 'NONE', #832, #1850, #1724, .T. ) ;
#1391 = DIRECTION ( 'NONE',  ( 0.000000000000000000, -1.000000000000000000, 0.000000000000000000 ) ) ;
#1392 = SURFACE_STYLE_USAGE ( .BOTH. , #6236 ) ;
#1393 = PLANE ( 'NONE',  #3310 ) ;
#1394 = CARTESIAN_POINT ( 'NONE',  ( -0.04418509379667742709, 0.2170163293346781819, 0.02999999999999999889 ) ) ;
#1395 = PRESENTATION_STYLE_ASSIGNMENT (( #4244 ) ) ;
#1396 = FILL_AREA_STYLE_COLOUR ( '', #3385 ) ;
#1397 = CARTESIAN_POINT ( 'NONE',  ( -0.2082876578992415295, 0.1144922908731397238, 0.02999999999999999889 ) ) ;
#1398 = CARTESIAN_POINT ( 'NONE',  ( 1.199999999999999956, 1.469576158976823553E-16, 1.830000000000000071 ) ) ;
#1399 = VERTEX_POINT ( 'NONE', #5262 ) ;
#1400 = DIRECTION ( 'NONE',  ( 0.000000000000000000, 1.000000000000000000, 0.000000000000000000 ) ) ;
#1401 = CARTESIAN_POINT ( 'NONE',  ( -1.550000000000000266, 1.399999999999999911, 0.9499999999999999556 ) ) ;
#1402 = EDGE_CURVE ( 'NONE', #4278, #2306, #3512, .T. ) ;
#1403 = ORIENTED_EDGE ( 'NONE', *, *, #6106, .T. ) ;
#1404 = CARTESIAN_POINT ( 'NONE',  ( -0.2043838957694344705, 0.1468681197434490993, 0.000000000000000000 ) ) ;
#1405 = DIRECTION ( 'NONE',  ( -0.000000000000000000, 1.000000000000000000, -0.000000000000000000 ) ) ;
#1406 = CARTESIAN_POINT ( 'NONE',  ( 0.1612636241520405689, 0.06573427805262690993, 0.000000000000000000 ) ) ;
#1407 = EDGE_LOOP ( 'NONE', ( #1231, #5053, #6017, #522 ) ) ;
#1408 = CARTESIAN_POINT ( 'NONE',  ( -0.1480312476428312374, 0.2098047908731397182, 0.02999999999999999889 ) ) ;
#1409 = CARTESIAN_POINT ( 'NONE',  ( -1.579999999999998961, -0.4000000000000000222, -0.05000000000000004441 ) ) ;
#1410 = SURFACE_STYLE_FILL_AREA ( #1501 ) ;
#1411 = VERTEX_POINT ( 'NONE', #4305 ) ;
#1412 = ORIENTED_EDGE ( 'NONE', *, *, #4371, .T. ) ;
#1413 = APPLICATION_CONTEXT ( 'automotive_design' ) ;
#1414 = CARTESIAN_POINT ( 'NONE',  ( 0.2737618058126815579, 0.1929684756808926482, 0.02999999999999999889 ) ) ;
#1415 = VERTEX_POINT ( 'NONE', #1351 ) ;
#1416 = AXIS2_PLACEMENT_3D ( 'NONE', #4902, #3897, #952 ) ;
#1417 = EDGE_LOOP ( 'NONE', ( #2063, #4952, #2076, #4036 ) ) ;
#1418 = CARTESIAN_POINT ( 'NONE',  ( -0.1994211974875719495, 0.1613019686606612380, 0.000000000000000000 ) ) ;
#1419 = STYLED_ITEM ( 'NONE', ( #779 ), #5894 ) ;
#1421 = ORIENTED_EDGE ( 'NONE', *, *, #3407, .F. ) ;
#1420 = EDGE_CURVE ( 'NONE', #5853, #1826, #2344, .T. ) ;
#1422 = CYLINDRICAL_SURFACE ( 'NONE', #5086, 1.199999999999999956 ) ;
#1423 = DIRECTION ( 'NONE',  ( 0.000000000000000000, 0.000000000000000000, 1.000000000000000000 ) ) ;
#1424 = FACE_OUTER_BOUND ( 'NONE', #566, .T. ) ;
#1425 = CARTESIAN_POINT ( 'NONE',  ( -0.1038573520255890448, 0.03780986297283379233, 0.000000000000000000 ) ) ;
#1426 = ORIENTED_EDGE ( 'NONE', *, *, #6300, .F. ) ;
#1427 = DIRECTION ( 'NONE',  ( 0.000000000000000000, -0.000000000000000000, 1.000000000000000000 ) ) ;
#1428 = EDGE_CURVE ( 'NONE', #487, #2211, #3828, .T. ) ;
#1429 = FACE_OUTER_BOUND ( 'NONE', #681, .T. ) ;
#1430 = CARTESIAN_POINT ( 'NONE',  ( -0.1422620168736004886, 0.04261729087313972236, 0.02999999999999999889 ) ) ;
#1431 = AXIS2_PLACEMENT_3D ( 'NONE', #6348, #1911, #876 ) ;
#1432 = EDGE_CURVE ( 'NONE', #4837, #3155, #3509, .T. ) ;
#1433 = FACE_OUTER_BOUND ( 'NONE', #2362, .T. ) ;
#1434 = ADVANCED_FACE ( 'NONE', ( #206 ), #772, .F. ) ;
#1435 = PLANE ( 'NONE',  #5703 ) ;
#1436 = DIRECTION ( 'NONE',  ( -0.000000000000000000, -0.000000000000000000, -1.000000000000000000 ) ) ;
#1437 = CARTESIAN_POINT ( 'NONE',  ( -0.1384014468042234769, 0.01964624461590239873, 0.02999999999999999889 ) ) ;
#1438 = CARTESIAN_POINT ( 'NONE',  ( 0.2063749620348233615, 0.01454929836845761208, 0.02999999999999999889 ) ) ;
#1439 = VECTOR ( 'NONE', #3403, 1000.000000000000000 ) ;
#1440 = CIRCLE ( 'NONE', #2318, 1.199999999999999956 ) ;
#1441 = CARTESIAN_POINT ( 'NONE',  ( -0.008287657899241539228, 0.01701632933467818118, 0.000000000000000000 ) ) ;
#1442 = DIRECTION ( 'NONE',  ( -0.000000000000000000, 1.000000000000000000, -0.000000000000000000 ) ) ;
#1443 = LINE ( 'NONE', #2976, #3522 ) ;
#1444 = ORIENTED_EDGE ( 'NONE', *, *, #5935, .T. ) ;
#1445 = CARTESIAN_POINT ( 'NONE',  ( 0.8943150385542070202, -1.329006013093301908, 1.670000000000000151 ) ) ;
#1446 = CARTESIAN_POINT ( 'NONE',  ( -0.09473403789478840320, 0.03757059422236132262, 0.000000000000000000 ) ) ;
#1447 = ORIENTED_EDGE ( 'NONE', *, *, #5900, .T. ) ;
#1448 = CARTESIAN_POINT ( 'NONE',  ( -0.1046748063795661376, 0.2166323862451899063, 0.000000000000000000 ) ) ;
#1449 = ORIENTED_EDGE ( 'NONE', *, *, #16, .F. ) ;
#1450 = LINE ( 'NONE', #4749, #5605 ) ;
#1451 = UNCERTAINTY_MEASURE_WITH_UNIT (LENGTH_MEASURE( 1.000000000000000082E-05 ), #2525, 'distance_accuracy_value', 'NONE');
#1452 = ORIENTED_EDGE ( 'NONE', *, *, #4515, .F. ) ;
#1453 = LINE ( 'NONE', #4633, #1294 ) ;
#1454 = EDGE_LOOP ( 'NONE', ( #4530, #261, #1444, #2349 ) ) ;
#1455 = VECTOR ( 'NONE', #5128, 1000.000000000000000 ) ;
#1456 = AXIS2_PLACEMENT_3D ( 'NONE', #1536, #3471, #94 ) ;
#1457 = ORIENTED_EDGE ( 'NONE', *, *, #1335, .T. ) ;
#1458 = CARTESIAN_POINT ( 'NONE',  ( 0.2303062493071022787, 0.01191383614149920875, -0.000000000000000000 ) ) ;
#1459 = CARTESIAN_POINT ( 'NONE',  ( 0.3012883786913507222, 0.1731221202594723230, 0.02999999999999999889 ) ) ;
#1460 = CARTESIAN_POINT ( 'NONE',  ( -0.1677436098358698890, 0.03075110088486468843, 0.02999999999999999889 ) ) ;
#1461 = CARTESIAN_POINT ( 'NONE',  ( 0.2127015767106469890, 0.01333380786140285663, 0.02999999999999999889 ) ) ;
#1462 = CARTESIAN_POINT ( 'NONE',  ( -0.2535200296941133025, 0.01701632933467818118, 0.02999999999999999889 ) ) ;
#1463 = AXIS2_PLACEMENT_3D ( 'NONE', #1192, #3663, #1169 ) ;
#1464 = CIRCLE ( 'NONE', #5911, 0.04999999999999995420 ) ;
#1465 = LINE ( 'NONE', #5676, #2751 ) ;
#1466 = DIRECTION ( 'NONE',  ( 1.000000000000000000, 0.000000000000000000, -0.000000000000000000 ) ) ;
#1467 = LINE ( 'NONE', #2667, #6093 ) ;
#1468 = ADVANCED_FACE ( 'NONE', ( #3902 ), #6246, .F. ) ;
#1469 = CARTESIAN_POINT ( 'NONE',  ( -1.580000000000000071, 0.4000000000000000777, 0.1199999999999998707 ) ) ;
#1470 = PRESENTATION_LAYER_ASSIGNMENT (  '', '', ( #932 ) ) ;
#1471 = EDGE_CURVE ( 'NONE', #3455, #2868, #202, .T. ) ;
#1472 = CARTESIAN_POINT ( 'NONE',  ( -0.1121933175382087561, 0.03820083083016573983, 0.02999999999999999889 ) ) ;
#1473 = EDGE_CURVE ( 'NONE', #5176, #2975, #6290, .T. ) ;
#1474 =( NAMED_UNIT ( * ) PLANE_ANGLE_UNIT ( ) SI_UNIT ( $, .RADIAN. ) );
#1475 = FACE_OUTER_BOUND ( 'NONE', #677, .T. ) ;
#1476 = CARTESIAN_POINT ( 'NONE',  ( -0.2339286835402671350, 0.01701632933467818118, 0.02999999999999999889 ) ) ;
#1477 = VERTEX_POINT ( 'NONE', #5345 ) ;
#1478 =( NAMED_UNIT ( * ) PLANE_ANGLE_UNIT ( ) SI_UNIT ( $, .RADIAN. ) );
#1479 = CARTESIAN_POINT ( 'NONE',  ( 0.2599158806429182067, 0.03565094490319139359, 0.000000000000000000 ) ) ;
#1480 = CARTESIAN_POINT ( 'NONE',  ( -0.1903096092440094422, 0.1168714109927062317, 0.02999999999999999889 ) ) ;
#1481 =( NAMED_UNIT ( * ) SI_UNIT ( $, .STERADIAN. ) SOLID_ANGLE_UNIT ( ) );
#1482 = DIRECTION ( 'NONE',  ( -3.285461128743964857E-16, -0.000000000000000000, -1.000000000000000000 ) ) ;
#1483 = CARTESIAN_POINT ( 'NONE',  ( 0.2063749620348233615, 0.01454929836845761208, 0.000000000000000000 ) ) ;
#1484 = ORIENTED_EDGE ( 'NONE', *, *, #4164, .F. ) ;
#1485 = EDGE_CURVE ( 'NONE', #1003, #5543, #3438, .T. ) ;
#1486 = CARTESIAN_POINT ( 'NONE',  ( 1.749999999999999778, 0.4000000000000000777, 0.7799999999999988054 ) ) ;
#1487 = ORIENTED_EDGE ( 'NONE', *, *, #732, .T. ) ;
#1488 = FILL_AREA_STYLE ('',( #465 ) ) ;
#1489 = LINE ( 'NONE', #3029, #1698 ) ;
#1490 = CARTESIAN_POINT ( 'NONE',  ( 0.1045328549212713176, 0.01701632933467818118, 0.02999999999999999889 ) ) ;
#1491 = ORIENTED_EDGE ( 'NONE', *, *, #849, .T. ) ;
#1492 = EDGE_LOOP ( 'NONE', ( #2789, #2386, #2663, #5693 ) ) ;
#1493 = DIRECTION ( 'NONE',  ( 1.000000000000000000, 0.000000000000000000, 0.000000000000000000 ) ) ;
#1494 = STYLED_ITEM ( 'NONE', ( #3994 ), #3431 ) ;
#1495 = DIRECTION ( 'NONE',  ( -1.807003620809174188E-15, 0.000000000000000000, -1.000000000000000000 ) ) ;
#1496 = ORIENTED_EDGE ( 'NONE', *, *, #4239, .F. ) ;
#1497 = FACE_OUTER_BOUND ( 'NONE', #2365, .T. ) ;
#1498 = MECHANICAL_DESIGN_GEOMETRIC_PRESENTATION_REPRESENTATION (  '', ( #5793 ), #4351 ) ;
#1499 = CARTESIAN_POINT ( 'NONE',  ( -1.579999999999999627, -0.4000000000000000222, 0.8299999999999999600 ) ) ;
#1500 = FILL_AREA_STYLE_COLOUR ( '', #4898 ) ;
#1501 = FILL_AREA_STYLE ('',( #1948 ) ) ;
#1502 = CARTESIAN_POINT ( 'NONE',  ( -0.1376546450787286824, 0.1908945344628833474, 0.02999999999999999889 ) ) ;
#1503 = STYLED_ITEM ( 'NONE', ( #1730 ), #4470 ) ;
#1504 = LINE ( 'NONE', #3590, #196 ) ;
#1505 = DIRECTION ( 'NONE',  ( 1.000000000000000000, 0.000000000000000000, 0.000000000000000000 ) ) ;
#1506 = VECTOR ( 'NONE', #1833, 1000.000000000000000 ) ;
#1507 = EDGE_CURVE ( 'NONE', #986, #2785, #4750, .T. ) ;
#1508 = DIRECTION ( 'NONE',  ( 0.000000000000000000, -0.09853005703411681082, -0.9951340753189258370 ) ) ;
#1509 = CARTESIAN_POINT ( 'NONE',  ( 0.3211199493429200968, 0.05429825142066205257, 0.02999999999999999889 ) ) ;
#1510 = CARTESIAN_POINT ( 'NONE',  ( -0.1515834545129647881, 0.02298438811116405509, 0.02999999999999999889 ) ) ;
#1511 = SURFACE_STYLE_FILL_AREA ( #3957 ) ;
#1512 = FILL_AREA_STYLE ('',( #5910 ) ) ;
#1513 = AXIS2_PLACEMENT_3D ( 'NONE', #4289, #5309, #2841 ) ;
#1514 = CARTESIAN_POINT ( 'NONE',  ( -1.000000000000000222, 0.4000000000000000777, 0.06999999999999986788 ) ) ;
#1515 = VECTOR ( 'NONE', #320, 1000.000000000000000 ) ;
#1516 = DIRECTION ( 'NONE',  ( 0.2159927626290408520, 0.000000000000000000, 0.9763949643929319411 ) ) ;
#1517 = CARTESIAN_POINT ( 'NONE',  ( -0.1644639579601270551, 0.1766081622800272921, 0.02999999999999999889 ) ) ;
#1518 = SURFACE_SIDE_STYLE ('',( #3586 ) ) ;
#1519 = CARTESIAN_POINT ( 'NONE',  ( -0.5776535529154035453, 1.318617987725853702, 0.008057782875491435737 ) ) ;
#1520 = ORIENTED_EDGE ( 'NONE', *, *, #1473, .F. ) ;
#1521 = CARTESIAN_POINT ( 'NONE',  ( -0.1665566894930475550, 0.05611065878333622997, 0.02999999999999999889 ) ) ;
#1522 = FACE_OUTER_BOUND ( 'NONE', #2657, .T. ) ;
#1523 = EDGE_LOOP ( 'NONE', ( #1747, #1484, #85, #1999 ) ) ;
#1524 = VERTEX_POINT ( 'NONE', #4817 ) ;
#1525 = ORIENTED_EDGE ( 'NONE', *, *, #5080, .F. ) ;
#1526 = COLOUR_RGB ( '',0.7960784313725489669, 0.8235294117647058432, 0.9372549019607843146 ) ;
#1527 = FILL_AREA_STYLE_COLOUR ( '', #580 ) ;
#1528 = ORIENTED_EDGE ( 'NONE', *, *, #3944, .T. ) ;
#1529 = UNCERTAINTY_MEASURE_WITH_UNIT (LENGTH_MEASURE( 1.000000000000000082E-05 ), #649, 'distance_accuracy_value', 'NONE');
#1530 = MECHANICAL_DESIGN_GEOMETRIC_PRESENTATION_REPRESENTATION (  '', ( #4082 ), #2418 ) ;
#1531 = DIRECTION ( 'NONE',  ( -0.000000000000000000, 1.000000000000000000, -0.000000000000000000 ) ) ;
#1532 = CARTESIAN_POINT ( 'NONE',  ( 1.449859023382403800, -1.399999999999999911, 1.670000000000000151 ) ) ;
#1533 = LINE ( 'NONE', #925, #4241 ) ;
#1534 = ORIENTED_EDGE ( 'NONE', *, *, #1420, .T. ) ;
#1535 = SURFACE_STYLE_USAGE ( .BOTH. , #5407 ) ;
#1536 = CARTESIAN_POINT ( 'NONE',  ( -1.580000000000000071, -1.100000000000000089, 0.1199999999999998707 ) ) ;
#1537 = CARTESIAN_POINT ( 'NONE',  ( 0.2840130886246553521, 0.1874064354123089193, 0.000000000000000000 ) ) ;
#1538 = CARTESIAN_POINT ( 'NONE',  ( 0.3224585245159880542, 0.1187807148536018653, 0.000000000000000000 ) ) ;
#1539 = DIRECTION ( 'NONE',  ( 0.000000000000000000, -0.09853005703411681082, -0.9951340753189258370 ) ) ;
#1540 = DIRECTION ( 'NONE',  ( 0.000000000000000000, -1.000000000000000000, 0.000000000000000000 ) ) ;
#1541 =( GEOMETRIC_REPRESENTATION_CONTEXT ( 3 ) GLOBAL_UNCERTAINTY_ASSIGNED_CONTEXT ( ( #2097 ) ) GLOBAL_UNIT_ASSIGNED_CONTEXT ( ( #3723, #3260, #2718 ) ) REPRESENTATION_CONTEXT ( 'NONE', 'WORKASPACE' ) );
#1542 = EDGE_CURVE ( 'NONE', #2013, #5295, #735, .T. ) ;
#1543 = ORIENTED_EDGE ( 'NONE', *, *, #5045, .F. ) ;
#1544 = EDGE_CURVE ( 'NONE', #4575, #3249, #2962, .T. ) ;
#1545 = LINE ( 'NONE', #460, #6019 ) ;
#1546 = CARTESIAN_POINT ( 'NONE',  ( -0.2034521858546364526, 0.07974941016938469351, 0.02999999999999999889 ) ) ;
#1547 = EDGE_CURVE ( 'NONE', #988, #4564, #897, .T. ) ;
#1548 = CARTESIAN_POINT ( 'NONE',  ( 0.1636826084135955262, 0.06307879717046335766, -0.000000000000000000 ) ) ;
#1549 = ORIENTED_EDGE ( 'NONE', *, *, #5972, .F. ) ;
#1550 = EDGE_CURVE ( 'NONE', #1378, #5599, #1802, .T. ) ;
#1551 = CARTESIAN_POINT ( 'NONE',  ( -0.008287657899241539228, 0.1144522267705756352, 0.02999999999999999889 ) ) ;
#1552 = ORIENTED_EDGE ( 'NONE', *, *, #41, .F. ) ;
#1553 = CARTESIAN_POINT ( 'NONE',  ( -0.1376546450787286824, 0.1908945344628833474, 0.02999999999999999889 ) ) ;
#1554 = SURFACE_SIDE_STYLE ('',( #2336 ) ) ;
#1555 = CARTESIAN_POINT ( 'NONE',  ( -0.008287657899241539228, 0.01701632933467818118, 0.000000000000000000 ) ) ;
#1556 = DIRECTION ( 'NONE',  ( -1.000000000000000000, 0.000000000000000000, 0.000000000000000000 ) ) ;
#1557 = EDGE_LOOP ( 'NONE', ( #5489, #1764, #2926, #3600 ) ) ;
#1558 = EDGE_LOOP ( 'NONE', ( #4840, #565 ) ) ;
#1559 = DIRECTION ( 'NONE',  ( -1.285153437213423508E-16, 0.000000000000000000, 1.000000000000000000 ) ) ;
#1560 = ORIENTED_EDGE ( 'NONE', *, *, #3239, .T. ) ;
#1561 = CARTESIAN_POINT ( 'NONE',  ( 0.08658413697255337715, 0.03752914984749869398, 0.000000000000000000 ) ) ;
#1562 = ORIENTED_EDGE ( 'NONE', *, *, #5001, .F. ) ;
#1563 = CARTESIAN_POINT ( 'NONE',  ( -0.2082876578992415295, 0.1144922908731397238, 0.02999999999999999889 ) ) ;
#1564 = UNCERTAINTY_MEASURE_WITH_UNIT (LENGTH_MEASURE( 1.000000000000000082E-05 ), #2914, 'distance_accuracy_value', 'NONE');
#1565 = CARTESIAN_POINT ( 'NONE',  ( 0.3224815728699892969, 0.1168160088218576781, 0.02999999999999999889 ) ) ;
#1566 = PRODUCT ( 'LED-SMD_4P-L3.5-W2.8-BR-1', 'LED-SMD_4P-L3.5-W2.8-BR-1', '', ( #5433 ) ) ;
#1567 =( LENGTH_UNIT ( ) NAMED_UNIT ( * ) SI_UNIT ( .MILLI., .METRE. ) );
#1568 = ORIENTED_EDGE ( 'NONE', *, *, #4029, .T. ) ;
#1569 = STYLED_ITEM ( 'NONE', ( #4845 ), #1223 ) ;
#1570 = CARTESIAN_POINT ( 'NONE',  ( -0.3298822091812927959, 0.1780339575398064145, 0.000000000000000000 ) ) ;
#1571 = ADVANCED_FACE ( 'NONE', ( #5663 ), #328, .T. ) ;
#1572 = CARTESIAN_POINT ( 'NONE',  ( 0.08658413697255337715, 0.1349650472833961445, 0.02999999999999999889 ) ) ;
#1573 = COLOUR_RGB ( '',1.000000000000000000, 1.000000000000000000, 1.000000000000000000 ) ;
#1574 = FACE_OUTER_BOUND ( 'NONE', #6081, .T. ) ;
#1575 = LINE ( 'NONE', #1592, #2725 ) ;
#1576 = CARTESIAN_POINT ( 'NONE',  ( -0.1376546450787286824, 0.1908945344628833474, 0.02999999999999999889 ) ) ;
#1577 = PRESENTATION_LAYER_ASSIGNMENT (  '', '', ( #2558 ) ) ;
#1578 =( NAMED_UNIT ( * ) SI_UNIT ( $, .STERADIAN. ) SOLID_ANGLE_UNIT ( ) );
#1579 = VECTOR ( 'NONE', #2823, 1000.000000000000000 ) ;
#1580 = FILL_AREA_STYLE ('',( #3532 ) ) ;
#1581 =( NAMED_UNIT ( * ) PLANE_ANGLE_UNIT ( ) SI_UNIT ( $, .RADIAN. ) );
#1582 = ORIENTED_EDGE ( 'NONE', *, *, #498, .T. ) ;
#1583 = FILL_AREA_STYLE ('',( #3987 ) ) ;
#1584 = ORIENTED_EDGE ( 'NONE', *, *, #3191, .T. ) ;
#1585 = ORIENTED_EDGE ( 'NONE', *, *, #6300, .T. ) ;
#1586 = FACE_OUTER_BOUND ( 'NONE', #3005, .T. ) ;
#1587 = ORIENTED_EDGE ( 'NONE', *, *, #1867, .T. ) ;
#1588 = CARTESIAN_POINT ( 'NONE',  ( -0.008287657899241539228, 0.01701632933467818118, 0.02999999999999999889 ) ) ;
#1589 = EDGE_CURVE ( 'NONE', #4523, #5857, #818, .T. ) ;
#1590 = CARTESIAN_POINT ( 'NONE',  ( -0.1324112315556939534, 0.1923444876306504847, 0.02999999999999999889 ) ) ;
#1591 =( LENGTH_UNIT ( ) NAMED_UNIT ( * ) SI_UNIT ( .MILLI., .METRE. ) );
#1592 = CARTESIAN_POINT ( 'NONE',  ( 0.4404302908187072152, 0.03752914984749869398, 0.02999999999999999889 ) ) ;
#1593 = EDGE_LOOP ( 'NONE', ( #1090, #3335, #3491, #4695 ) ) ;
#1594 = LINE ( 'NONE', #4337, #300 ) ;
#1595 = ORIENTED_EDGE ( 'NONE', *, *, #2974, .F. ) ;
#1596 = VECTOR ( 'NONE', #288, 1000.000000000000000 ) ;
#1597 = ORIENTED_EDGE ( 'NONE', *, *, #968, .T. ) ;
#1598 = DIRECTION ( 'NONE',  ( 1.000000000000000000, 0.000000000000000000, 0.000000000000000000 ) ) ;
#1599 = UNCERTAINTY_MEASURE_WITH_UNIT (LENGTH_MEASURE( 1.000000000000000082E-05 ), #2121, 'distance_accuracy_value', 'NONE');
#1600 = CARTESIAN_POINT ( 'NONE',  ( 0.1467833729705873558, 0.1819336100867936235, 0.02999999999999999889 ) ) ;
#1601 = DIRECTION ( 'NONE',  ( -3.285461128743964857E-16, 0.000000000000000000, 1.000000000000000000 ) ) ;
#1602 = DIRECTION ( 'NONE',  ( 1.000000000000000000, 0.000000000000000000, -0.000000000000000000 ) ) ;
#1603 = VECTOR ( 'NONE', #3167, 1000.000000000000000 ) ;
#1604 = ADVANCED_FACE ( 'NONE', ( #3506 ), #4444, .F. ) ;
#1605 = SURFACE_STYLE_USAGE ( .BOTH. , #4517 ) ;
#1606 = PRESENTATION_STYLE_ASSIGNMENT (( #1324 ) ) ;
#1607 = CIRCLE ( 'NONE', #2395, 0.1700000000000000122 ) ;
#1608 = B_SPLINE_CURVE_WITH_KNOTS ( 'NONE', 3,
 ( #3445, #4885, #1509, #1953, #1881, #5403, #5933, #3939, #2872, #2959, #2916 ),
 .UNSPECIFIED., .F., .F.,
 ( 4, 1, 1, 1, 1, 1, 1, 1, 4 ),
 ( 0.000000000000000000, 0.1243285095938499452, 0.2471560163611867811, 0.3687797492913395536, 0.4907338624016478468, 0.6136137718478437142, 0.7389575757222154317, 0.8673105751912625339, 1.000000000000000000 ),
 .UNSPECIFIED. ) ;
#1609 = ORIENTED_EDGE ( 'NONE', *, *, #5750, .T. ) ;
#1610 = PLANE ( 'NONE',  #2393 ) ;
#1611 =( GEOMETRIC_REPRESENTATION_CONTEXT ( 3 ) GLOBAL_UNCERTAINTY_ASSIGNED_CONTEXT ( ( #2702 ) ) GLOBAL_UNIT_ASSIGNED_CONTEXT ( ( #5158, #2721, #1289 ) ) REPRESENTATION_CONTEXT ( 'NONE', 'WORKASPACE' ) );
#1612 = DIRECTION ( 'NONE',  ( -0.000000000000000000, 1.000000000000000000, -0.000000000000000000 ) ) ;
#1613 = CARTESIAN_POINT ( 'NONE',  ( 1.579999999999999627, 1.100000000000000089, 0.8299999999999999600 ) ) ;
#1614 = ORIENTED_EDGE ( 'NONE', *, *, #1081, .T. ) ;
#1615 = STYLED_ITEM ( 'NONE', ( #5079 ), #6044 ) ;
#1616 = EDGE_CURVE ( 'NONE', #4083, #3203, #2650, .T. ) ;
#1617 = VECTOR ( 'NONE', #3704, 1000.000000000000000 ) ;
#1618 = ADVANCED_FACE ( 'NONE', ( #4436 ), #1015, .F. ) ;
#1619 = CARTESIAN_POINT ( 'NONE',  ( 0.2126918285545666421, 0.2206441784328134481, 0.02999999999999999889 ) ) ;
#1620 = CARTESIAN_POINT ( 'NONE',  ( 1.750000000000000000, -1.100000000000000089, 0.1200000000000011890 ) ) ;
#1621 = DIRECTION ( 'NONE',  ( -0.1377586325825530533, 0.000000000000000000, -0.9904658293696886329 ) ) ;
#1622 = ORIENTED_EDGE ( 'NONE', *, *, #686, .T. ) ;
#1623 = EDGE_CURVE ( 'NONE', #5684, #4735, #581, .T. ) ;
#1624 = FILL_AREA_STYLE_COLOUR ( '', #3829 ) ;
#1625 = VECTOR ( 'NONE', #1531, 1000.000000000000000 ) ;
#1626 = DIRECTION ( 'NONE',  ( 1.000000000000000000, 0.000000000000000000, 1.285153437213423508E-16 ) ) ;
#1627 = CARTESIAN_POINT ( 'NONE',  ( 0.08658413697255337715, 0.1965035088218576864, 0.02999999999999999889 ) ) ;
#1628 = MECHANICAL_DESIGN_GEOMETRIC_PRESENTATION_REPRESENTATION (  '', ( #3742 ), #2941 ) ;
#1629 = CARTESIAN_POINT ( 'NONE',  ( 0.2126918285545666421, 0.2206441784328134481, 0.000000000000000000 ) ) ;
#1630 = ORIENTED_EDGE ( 'NONE', *, *, #4645, .T. ) ;
#1631 = SURFACE_STYLE_FILL_AREA ( #2377 ) ;
#1632 = ORIENTED_EDGE ( 'NONE', *, *, #4850, .T. ) ;
#1633 = ORIENTED_EDGE ( 'NONE', *, *, #4432, .F. ) ;
#1634 = CARTESIAN_POINT ( 'NONE',  ( 0.2940579764070169744, 0.02839792088626420796, 0.02999999999999999889 ) ) ;
#1635 = ADVANCED_FACE ( 'NONE', ( #663 ), #3475, .F. ) ;
#1636 = VERTEX_POINT ( 'NONE', #5436 ) ;
#1637 = CIRCLE ( 'NONE', #4431, 0.05000000000000002359 ) ;
#1638 = FILL_AREA_STYLE ('',( #5104 ) ) ;
#1639 = CARTESIAN_POINT ( 'NONE',  ( 0.2305201415060187664, 0.2221169837091195309, 0.02999999999999999889 ) ) ;
#1640 = PRESENTATION_LAYER_ASSIGNMENT (  '', '', ( #3389 ) ) ;
#1641 = ADVANCED_BREP_SHAPE_REPRESENTATION ( 'LED-SMD_4P-L3.5-W2.8-BR-1', ( #4846, #4240 ), #4015 ) ;
#1642 = COLOUR_RGB ( '',1.000000000000000000, 1.000000000000000000, 1.000000000000000000 ) ;
#1643 = CARTESIAN_POINT ( 'NONE',  ( -0.2339286835402671350, 0.01701632933467818118, 0.000000000000000000 ) ) ;
#1644 = CARTESIAN_POINT ( 'NONE',  ( 1.549999999999999822, 1.399999999999999911, 0.1799999999999999933 ) ) ;
#1645 = VECTOR ( 'NONE', #4321, 1000.000000000000000 ) ;
#1646 = DIRECTION ( 'NONE',  ( -3.285461128743964857E-16, 0.000000000000000000, 1.000000000000000000 ) ) ;
#1647 = CARTESIAN_POINT ( 'NONE',  ( -0.008287657899241539228, 0.03752914984749869398, 0.02999999999999999889 ) ) ;
#1648 = CARTESIAN_POINT ( 'NONE',  ( -0.4041610553351390189, 0.01701632933467818118, 0.02999999999999999889 ) ) ;
#1649 = FACE_OUTER_BOUND ( 'NONE', #5719, .T. ) ;
#1650 = AXIS2_PLACEMENT_3D ( 'NONE', #5908, #6361, #1427 ) ;
#1651 = MECHANICAL_DESIGN_GEOMETRIC_PRESENTATION_REPRESENTATION (  '', ( #135 ), #3220 ) ;
#1652 = LINE ( 'NONE', #3212, #2257 ) ;
#1653 = EDGE_CURVE ( 'NONE', #38, #255, #731, .T. ) ;
#1654 = CARTESIAN_POINT ( 'NONE',  ( 1.579999999999998961, 1.100000000000000089, -0.05000000000000007910 ) ) ;
#1655 = DIRECTION ( 'NONE',  ( -1.000000000000000000, 0.000000000000000000, -0.000000000000000000 ) ) ;
#1656 = DIRECTION ( 'NONE',  ( 0.000000000000000000, 0.000000000000000000, -1.000000000000000000 ) ) ;
#1657 = CARTESIAN_POINT ( 'NONE',  ( 1.550000000000000266, -1.399999999999999911, 0.9499999999999999556 ) ) ;
#1658 = COLOUR_RGB ( '',0.7960784313725489669, 0.8235294117647058432, 0.9372549019607843146 ) ;
#1659 = DIRECTION ( 'NONE',  ( 0.000000000000000000, 0.000000000000000000, -1.000000000000000000 ) ) ;
#1660 = CARTESIAN_POINT ( 'NONE',  ( 0.1455584959469123363, 0.1803176113859602525, 0.02999999999999999889 ) ) ;
#1661 = MECHANICAL_DESIGN_GEOMETRIC_PRESENTATION_REPRESENTATION (  '', ( #2558 ), #3565 ) ;
#1662 = EDGE_CURVE ( 'NONE', #3048, #5999, #3502, .T. ) ;
#1663 = CARTESIAN_POINT ( 'NONE',  ( 0.3635072138956303434, 0.03752914984749869398, 0.02999999999999999889 ) ) ;
#1664 = EDGE_LOOP ( 'NONE', ( #5996, #4605, #3410, #4141 ) ) ;
#1665 = DIRECTION ( 'NONE',  ( -0.000000000000000000, 1.000000000000000000, -0.000000000000000000 ) ) ;
#1666 = EDGE_CURVE ( 'NONE', #619, #5853, #3591, .T. ) ;
#1667 =( LENGTH_UNIT ( ) NAMED_UNIT ( * ) SI_UNIT ( .MILLI., .METRE. ) );
#1668 = CARTESIAN_POINT ( 'NONE',  ( 0.5776535529154035453, -1.335642303222658533, 0.1799999999999999933 ) ) ;
#1669 = ADVANCED_FACE ( 'NONE', ( #1429 ), #1114, .F. ) ;
#1670 = EDGE_LOOP ( 'NONE', ( #4980, #71, #5520, #3165 ) ) ;
#1671 = ORIENTED_EDGE ( 'NONE', *, *, #3101, .F. ) ;
#1672 = ORIENTED_EDGE ( 'NONE', *, *, #820, .T. ) ;
#1673 = FACE_OUTER_BOUND ( 'NONE', #966, .T. ) ;
#1674 = CARTESIAN_POINT ( 'NONE',  ( 0.3403414226154461431, 0.1217756427971103256, 0.02999999999999999889 ) ) ;
#1675 = FILL_AREA_STYLE_COLOUR ( '', #2802 ) ;
#1676 = ORIENTED_EDGE ( 'NONE', *, *, #1076, .T. ) ;
#1677 = CARTESIAN_POINT ( 'NONE',  ( 0.2223340677144922672, 0.03268738485017654710, 0.02999999999999999889 ) ) ;
#1678 = CARTESIAN_POINT ( 'NONE',  ( 1.579999999999999627, -0.4000000000000000222, 0.8299999999999999600 ) ) ;
#1679 = CARTESIAN_POINT ( 'NONE',  ( -0.2936642604633441511, 0.1016317139500628047, 0.02999999999999999889 ) ) ;
#1680 = CARTESIAN_POINT ( 'NONE',  ( -1.000000000000000222, 0.4000000000000000777, 0.06999999999999986788 ) ) ;
#1681 = DIRECTION ( 'NONE',  ( -0.000000000000000000, 0.000000000000000000, -1.000000000000000000 ) ) ;
#1682 = VECTOR ( 'NONE', #1186, 1000.000000000000000 ) ;
#1683 = AXIS2_PLACEMENT_3D ( 'NONE', #2595, #2048, #5694 ) ;
#1684 = CARTESIAN_POINT ( 'NONE',  ( -0.1724774984515205778, 0.03401718973332478607, 0.000000000000000000 ) ) ;
#1685 = ORIENTED_EDGE ( 'NONE', *, *, #4697, .T. ) ;
#1686 = DIRECTION ( 'NONE',  ( -1.807003620809174188E-15, 0.000000000000000000, -1.000000000000000000 ) ) ;
#1687 = VERTEX_POINT ( 'NONE', #3073 ) ;
#1688 = FILL_AREA_STYLE ('',( #3242 ) ) ;
#1689 = CARTESIAN_POINT ( 'NONE',  ( 0.3401665799735312246, 0.1288534099149464540, 0.02999999999999999889 ) ) ;
#1690 = CARTESIAN_POINT ( 'NONE',  ( 0.2303010175970262030, 0.2015397273180443150, 0.02999999999999999889 ) ) ;
#1691 = ADVANCED_FACE ( 'NONE', ( #5662 ), #1072, .F. ) ;
#1692 =( NAMED_UNIT ( * ) PLANE_ANGLE_UNIT ( ) SI_UNIT ( $, .RADIAN. ) );
#1693 = STYLED_ITEM ( 'NONE', ( #3580 ), #2545 ) ;
#1694 = VERTEX_POINT ( 'NONE', #4527 ) ;
#1695 = EDGE_CURVE ( 'NONE', #4230, #2921, #3103, .T. ) ;
#1696 = SURFACE_SIDE_STYLE ('',( #1976 ) ) ;
#1697 = CARTESIAN_POINT ( 'NONE',  ( -0.1797736064211314377, 0.1580929228100417250, 0.02999999999999999889 ) ) ;
#1698 = VECTOR ( 'NONE', #4076, 1000.000000000000000 ) ;
#1699 = CARTESIAN_POINT ( 'NONE',  ( -1.579999999999999627, 0.4000000000000000777, 0.8299999999999999600 ) ) ;
#1700 =( NAMED_UNIT ( * ) PLANE_ANGLE_UNIT ( ) SI_UNIT ( $, .RADIAN. ) );
#1701 = DIRECTION ( 'NONE',  ( -0.6683997558842921238, -0.7438022360371194797, 0.000000000000000000 ) ) ;
#1702 = ORIENTED_EDGE ( 'NONE', *, *, #1402, .T. ) ;
#1703 = ORIENTED_EDGE ( 'NONE', *, *, #2647, .F. ) ;
#1704 = ORIENTED_EDGE ( 'NONE', *, *, #5162, .T. ) ;
#1705 = UNCERTAINTY_MEASURE_WITH_UNIT (LENGTH_MEASURE( 1.000000000000000082E-05 ), #869, 'distance_accuracy_value', 'NONE');
#1706 = EDGE_CURVE ( 'NONE', #5295, #4308, #5618, .T. ) ;
#1707 = SURFACE_SIDE_STYLE ('',( #3115 ) ) ;
#1708 = CARTESIAN_POINT ( 'NONE',  ( -1.550000000000000266, 1.399999999999999911, 1.800000000000000044 ) ) ;
#1709 = CARTESIAN_POINT ( 'NONE',  ( 0.3386811059465742457, 0.1392404929600386809, 0.000000000000000000 ) ) ;
#1710 = CARTESIAN_POINT ( 'NONE',  ( 0.1884037323857908897, 0.02019676088551044732, 0.02999999999999999889 ) ) ;
#1711 =( NAMED_UNIT ( * ) SI_UNIT ( $, .STERADIAN. ) SOLID_ANGLE_UNIT ( ) );
#1712 = CARTESIAN_POINT ( 'NONE',  ( -1.000000000000000000, -1.100000000000000089, -0.05000000000000012074 ) ) ;
#1713 = CARTESIAN_POINT ( 'NONE',  ( -0.1728410961237206445, 0.1680967785165100592, 0.02999999999999999889 ) ) ;
#1714 = MECHANICAL_DESIGN_GEOMETRIC_PRESENTATION_REPRESENTATION (  '', ( #3389 ), #4946 ) ;
#1715 = DIRECTION ( 'NONE',  ( 1.000000000000000000, 1.548860246407863583E-16, -0.000000000000000000 ) ) ;
#1716 = LINE ( 'NONE', #1023, #2249 ) ;
#1717 = DIRECTION ( 'NONE',  ( 0.2149904497342420284, -0.09622604506497767218, -0.9718640104326434770 ) ) ;
#1718 = SURFACE_SIDE_STYLE ('',( #898 ) ) ;
#1719 = PLANE ( 'NONE',  #4276 ) ;
#1720 = CARTESIAN_POINT ( 'NONE',  ( 0.08658413697255337715, 0.03752914984749869398, 0.02999999999999999889 ) ) ;
#1721 = VECTOR ( 'NONE', #5714, 1000.000000000000000 ) ;
#1722 = ADVANCED_FACE ( 'NONE', ( #2952 ), #2706, .F. ) ;
#1723 = PRESENTATION_STYLE_ASSIGNMENT (( #5903 ) ) ;
#1724 = CIRCLE ( 'NONE', #5386, 0.04999999999999995420 ) ;
#1725 = PRESENTATION_LAYER_ASSIGNMENT (  '', '', ( #5836 ) ) ;
#1726 = LINE ( 'NONE', #6052, #3284 ) ;
#1727 = CARTESIAN_POINT ( 'NONE',  ( 0.3232783830933524949, 0.1764020145897502445, 0.02999999999999999889 ) ) ;
#1728 = PRESENTATION_LAYER_ASSIGNMENT (  '', '', ( #3935 ) ) ;
#1729 = PLANE ( 'NONE',  #596 ) ;
#1730 = PRESENTATION_STYLE_ASSIGNMENT (( #4043 ) ) ;
#1731 = EDGE_CURVE ( 'NONE', #6312, #1524, #809, .T. ) ;
#1732 = CARTESIAN_POINT ( 'NONE',  ( -0.3651386194377030381, 0.1016317139500628047, 0.02999999999999999889 ) ) ;
#1733 = CARTESIAN_POINT ( 'NONE',  ( 0.3328973525302039160, 0.1586893582995322627, 0.000000000000000000 ) ) ;
#1734 = DIRECTION ( 'NONE',  ( -3.285461128743964857E-16, -0.000000000000000000, -1.000000000000000000 ) ) ;
#1735 = ORIENTED_EDGE ( 'NONE', *, *, #233, .T. ) ;
#1736 = ORIENTED_EDGE ( 'NONE', *, *, #631, .F. ) ;
#1737 = VERTEX_POINT ( 'NONE', #5666 ) ;
#1738 = EDGE_CURVE ( 'NONE', #4895, #3757, #5569, .T. ) ;
#1739 = LINE ( 'NONE', #5784, #73 ) ;
#1740 = ORIENTED_EDGE ( 'NONE', *, *, #2137, .T. ) ;
#1741 = SURFACE_STYLE_FILL_AREA ( #5122 ) ;
#1742 = CARTESIAN_POINT ( 'NONE',  ( -0.1903389399505236446, 0.1145323549757038262, 0.02999999999999999889 ) ) ;
#1743 = CARTESIAN_POINT ( 'NONE',  ( -0.4041610553351390189, 0.01701632933467818118, 0.02999999999999999889 ) ) ;
#1744 = MECHANICAL_DESIGN_GEOMETRIC_PRESENTATION_REPRESENTATION (  '', ( #4932 ), #319 ) ;
#1745 = SURFACE_SIDE_STYLE ('',( #741 ) ) ;
#1746 = VERTEX_POINT ( 'NONE', #2218 ) ;
#1747 = ORIENTED_EDGE ( 'NONE', *, *, #4722, .F. ) ;
#1748 = CARTESIAN_POINT ( 'NONE',  ( 0.2932178323788557361, 0.1807388669368058809, 0.02999999999999999889 ) ) ;
#1749 = EDGE_LOOP ( 'NONE', ( #3257, #4647, #2995, #5843 ) ) ;
#1750 = CARTESIAN_POINT ( 'NONE',  ( 0.3635072138956303434, 0.01701632933467818118, 0.02999999999999999889 ) ) ;
#1751 = CARTESIAN_POINT ( 'NONE',  ( 0.3328973525302039160, 0.1586893582995322627, 0.02999999999999999889 ) ) ;
#1752 = DIRECTION ( 'NONE',  ( -1.000000000000000000, 0.000000000000000000, -1.807003620809174188E-15 ) ) ;
#1753 = VECTOR ( 'NONE', #3736, 1000.000000000000000 ) ;
#1754 = DIRECTION ( 'NONE',  ( -0.000000000000000000, 1.000000000000000000, -0.000000000000000000 ) ) ;
#1755 = CARTESIAN_POINT ( 'NONE',  ( -0.1849885356225280386, 0.1469029582918090771, 0.000000000000000000 ) ) ;
#1756 = CARTESIAN_POINT ( 'NONE',  ( 0.1681900548780425053, 0.1760105194755488822, 0.02999999999999999889 ) ) ;
#1757 = ADVANCED_FACE ( 'NONE', ( #1942 ), #2400, .T. ) ;
#1758 = CARTESIAN_POINT ( 'NONE',  ( 0.1492264126845367911, 0.1851567491673044019, 0.02999999999999999889 ) ) ;
#1759 = VERTEX_POINT ( 'NONE', #4724 ) ;
#1760 = CARTESIAN_POINT ( 'NONE',  ( -0.1903021939410310115, 0.1123140417219617576, 0.02999999999999999889 ) ) ;
#1761 = CARTESIAN_POINT ( 'NONE',  ( 1.579999999999999627, -0.4000000000000000222, 0.06999999999999986788 ) ) ;
#1762 = CARTESIAN_POINT ( 'NONE',  ( 0.1534274332116508655, 0.04436378999557335362, 0.02999999999999999889 ) ) ;
#1763 = SURFACE_SIDE_STYLE ('',( #1364 ) ) ;
#1764 = ORIENTED_EDGE ( 'NONE', *, *, #1019, .F. ) ;
#1765 = CARTESIAN_POINT ( 'NONE',  ( -0.008287657899241539228, 0.2170163293346781819, 0.02999999999999999889 ) ) ;
#1766 = CARTESIAN_POINT ( 'NONE',  ( 0.2684354858242756769, 0.1953316093871750869, 0.02999999999999999889 ) ) ;
#1767 = AXIS2_PLACEMENT_3D ( 'NONE', #3490, #1069, #4971 ) ;
#1768 = VECTOR ( 'NONE', #3616, 1000.000000000000000 ) ;
#1769 = CARTESIAN_POINT ( 'NONE',  ( 1.000000000000000222, 0.4000000000000000777, 0.06999999999999986788 ) ) ;
#1770 = ORIENTED_EDGE ( 'NONE', *, *, #5948, .T. ) ;
#1771 = PRESENTATION_LAYER_ASSIGNMENT (  '', '', ( #3439 ) ) ;
#1772 = CARTESIAN_POINT ( 'NONE',  ( 1.199999999999999956, 1.469576158976823553E-16, 1.830000000000000071 ) ) ;
#1773 = ORIENTED_EDGE ( 'NONE', *, *, #6215, .F. ) ;
#1774 = SURFACE_SIDE_STYLE ('',( #5 ) ) ;
#1775 =( NAMED_UNIT ( * ) SI_UNIT ( $, .STERADIAN. ) SOLID_ANGLE_UNIT ( ) );
#1776 = DIRECTION ( 'NONE',  ( 0.000000000000000000, 1.000000000000000000, 0.000000000000000000 ) ) ;
#1777 = CARTESIAN_POINT ( 'NONE',  ( 0.1717002683940842545, 0.2051389754724751713, 0.02999999999999999889 ) ) ;
#1778 = PRESENTATION_LAYER_ASSIGNMENT (  '', '', ( #1386 ) ) ;
#1779 = EDGE_CURVE ( 'NONE', #4711, #4692, #3131, .T. ) ;
#1780 = EDGE_CURVE ( 'NONE', #3044, #1781, #651, .T. ) ;
#1781 = VERTEX_POINT ( 'NONE', #4746 ) ;
#1782 = ORIENTED_EDGE ( 'NONE', *, *, #1420, .F. ) ;
#1783 =( LENGTH_UNIT ( ) NAMED_UNIT ( * ) SI_UNIT ( .MILLI., .METRE. ) );
#1784 = DIRECTION ( 'NONE',  ( 1.000000000000000000, 0.000000000000000000, 0.000000000000000000 ) ) ;
#1785 = CARTESIAN_POINT ( 'NONE',  ( -1.550000000000000266, 1.399999999999999911, 1.800000000000000044 ) ) ;
#1786 = CARTESIAN_POINT ( 'NONE',  ( -0.2339286835402671350, 0.01701632933467818118, 0.02999999999999999889 ) ) ;
#1787 = DIRECTION ( 'NONE',  ( 1.000000000000000000, 0.000000000000000000, 0.000000000000000000 ) ) ;
#1788 = ORIENTED_EDGE ( 'NONE', *, *, #2176, .T. ) ;
#1789 = EDGE_LOOP ( 'NONE', ( #5212, #4214, #5524, #3416 ) ) ;
#1790 = FILL_AREA_STYLE_COLOUR ( '', #941 ) ;
#1791 = ADVANCED_FACE ( 'NONE', ( #5742 ), #658, .F. ) ;
#1792 = LINE ( 'NONE', #1022, #3658 ) ;
#1793 = FILL_AREA_STYLE_COLOUR ( '', #3572 ) ;
#1794 = VECTOR ( 'NONE', #5049, 1000.000000000000000 ) ;
#1795 = EDGE_CURVE ( 'NONE', #3316, #4068, #817, .T. ) ;
#1796 = FILL_AREA_STYLE_COLOUR ( '', #1330 ) ;
#1797 = CARTESIAN_POINT ( 'NONE',  ( -0.1324112315556939534, 0.1923444876306504847, 0.000000000000000000 ) ) ;
#1798 = VECTOR ( 'NONE', #3093, 1000.000000000000000 ) ;
#1799 = CARTESIAN_POINT ( 'NONE',  ( 0.2126605205620721306, 0.1996890977669887601, 0.02999999999999999889 ) ) ;
#1800 = CARTESIAN_POINT ( 'NONE',  ( 0.2365886088725149272, 0.2220523437192570282, 0.000000000000000000 ) ) ;
#1801 = DIRECTION ( 'NONE',  ( 0.000000000000000000, -0.000000000000000000, -1.000000000000000000 ) ) ;
#1802 = LINE ( 'NONE', #452, #5277 ) ;
#1803 = CARTESIAN_POINT ( 'NONE',  ( -0.1440876375637189788, 0.04326023705843886485, -0.000000000000000000 ) ) ;
#1804 = CARTESIAN_POINT ( 'NONE',  ( 0.3222679023953973765, 0.1080560714063061589, 0.000000000000000000 ) ) ;
#1805 =( GEOMETRIC_REPRESENTATION_CONTEXT ( 3 ) GLOBAL_UNCERTAINTY_ASSIGNED_CONTEXT ( ( #1907 ) ) GLOBAL_UNIT_ASSIGNED_CONTEXT ( ( #6139, #2240, #5142 ) ) REPRESENTATION_CONTEXT ( 'NONE', 'WORKASPACE' ) );
#1806 = CARTESIAN_POINT ( 'NONE',  ( -1.580000000000000071, -0.4000000000000000222, 0.1199999999999998707 ) ) ;
#1807 = CARTESIAN_POINT ( 'NONE',  ( 0.08658413697255337715, 0.03752914984749869398, 0.02999999999999999889 ) ) ;
#1808 = CARTESIAN_POINT ( 'NONE',  ( 0.3012883786913507222, 0.1731221202594723230, 0.02999999999999999889 ) ) ;
#1809 = LINE ( 'NONE', #3148, #666 ) ;
#1810 = MECHANICAL_DESIGN_GEOMETRIC_PRESENTATION_REPRESENTATION (  '', ( #510 ), #6001 ) ;
#1811 = LINE ( 'NONE', #86, #5362 ) ;
#1812 = CARTESIAN_POINT ( 'NONE',  ( -0.1422620168736004886, 0.04261729087313972236, 0.000000000000000000 ) ) ;
#1813 = VERTEX_POINT ( 'NONE', #3796 ) ;
#1814 = DIRECTION ( 'NONE',  ( 0.000000000000000000, -0.000000000000000000, -1.000000000000000000 ) ) ;
#1815 = CIRCLE ( 'NONE', #1456, 0.1699999999999999567 ) ;
#1816 = PRESENTATION_LAYER_ASSIGNMENT (  '', '', ( #1503 ) ) ;
#1817 = CARTESIAN_POINT ( 'NONE',  ( 0.3370292003539612224, 0.08859548034369424396, 0.000000000000000000 ) ) ;
#1818 = ORIENTED_EDGE ( 'NONE', *, *, #6274, .T. ) ;
#1819 = FILL_AREA_STYLE_COLOUR ( '', #1997 ) ;
#1820 = ORIENTED_EDGE ( 'NONE', *, *, #1973, .T. ) ;
#1821 =( NAMED_UNIT ( * ) SI_UNIT ( $, .STERADIAN. ) SOLID_ANGLE_UNIT ( ) );
#1822 = EDGE_CURVE ( 'NONE', #4820, #3756, #2957, .T. ) ;
#1823 = ORIENTED_EDGE ( 'NONE', *, *, #4849, .F. ) ;
#1824 = DIRECTION ( 'NONE',  ( -0.000000000000000000, 1.000000000000000000, -0.000000000000000000 ) ) ;
#1825 = CARTESIAN_POINT ( 'NONE',  ( 0.2328181113315277440, 0.2221445344628833196, 0.000000000000000000 ) ) ;
#1826 = VERTEX_POINT ( 'NONE', #2835 ) ;
#1827 = DIRECTION ( 'NONE',  ( 0.000000000000000000, 0.000000000000000000, -1.000000000000000000 ) ) ;
#1828 = CARTESIAN_POINT ( 'NONE',  ( 0.3126857279459525074, 0.07625152942399536504, 0.02999999999999999889 ) ) ;
#1829 = ORIENTED_EDGE ( 'NONE', *, *, #151, .F. ) ;
#1830 = CARTESIAN_POINT ( 'NONE',  ( 1.549999999999999822, 0.4000000000000000777, 0.9499999999999999556 ) ) ;
#1831 =( LENGTH_UNIT ( ) NAMED_UNIT ( * ) SI_UNIT ( .MILLI., .METRE. ) );
#1832 = CARTESIAN_POINT ( 'NONE',  ( -0.1503452327461113902, 0.2089230362649185657, 0.02999999999999999889 ) ) ;
#1833 = DIRECTION ( 'NONE',  ( 1.000000000000000000, -0.000000000000000000, -0.000000000000000000 ) ) ;
#1834 = FACE_OUTER_BOUND ( 'NONE', #1209, .T. ) ;
#1835 = CARTESIAN_POINT ( 'NONE',  ( -0.1836841782220884345, 0.1861768537527224709, 0.02999999999999999889 ) ) ;
#1836 = LINE ( 'NONE', #5339, #695 ) ;
#1837 = CARTESIAN_POINT ( 'NONE',  ( 0.3342427584594107604, 0.07945105821566765536, 0.02999999999999999889 ) ) ;
#1838 = ORIENTED_EDGE ( 'NONE', *, *, #2110, .T. ) ;
#1839 = SURFACE_STYLE_USAGE ( .BOTH. , #1387 ) ;
#1840 = CARTESIAN_POINT ( 'NONE',  ( -0.2082876578992415295, 0.1144922908731397238, 0.02999999999999999889 ) ) ;
#1841 = PLANE ( 'NONE',  #2675 ) ;
#1842 = VECTOR ( 'NONE', #2695, 1000.000000000000000 ) ;
#1843 = DIRECTION ( 'NONE',  ( -0.000000000000000000, -0.000000000000000000, -1.000000000000000000 ) ) ;
#1844 = STYLED_ITEM ( 'NONE', ( #4672 ), #2697 ) ;
#1845 = EDGE_LOOP ( 'NONE', ( #2704, #4173, #5299, #6351 ) ) ;
#1846 = CARTESIAN_POINT ( 'NONE',  ( -0.1896121269468328541, 0.1015645899434683697, 0.000000000000000000 ) ) ;
#1847 = PRESENTATION_STYLE_ASSIGNMENT (( #2210 ) ) ;
#1848 = CARTESIAN_POINT ( 'NONE',  ( 0.2887590913547882776, 0.1841885295905074382, 0.000000000000000000 ) ) ;
#1849 =( NAMED_UNIT ( * ) SI_UNIT ( $, .STERADIAN. ) SOLID_ANGLE_UNIT ( ) );
#1850 = VERTEX_POINT ( 'NONE', #5755 ) ;
#1851 = MECHANICAL_DESIGN_GEOMETRIC_PRESENTATION_REPRESENTATION (  '', ( #5836 ), #6374 ) ;
#1852 = SURFACE_STYLE_FILL_AREA ( #846 ) ;
#1853 = CARTESIAN_POINT ( 'NONE',  ( -0.2073683751546098186, 0.1312161058078938347, 0.02999999999999999889 ) ) ;
#1854 = MECHANICAL_DESIGN_GEOMETRIC_PRESENTATION_REPRESENTATION (  '', ( #5660 ), #1541 ) ;
#1855 = EDGE_LOOP ( 'NONE', ( #5178, #74, #1266, #1021 ) ) ;
#1856 = EDGE_CURVE ( 'NONE', #4759, #3044, #5904, .T. ) ;
#1857 = CARTESIAN_POINT ( 'NONE',  ( 0.3211199493429200968, 0.05429825142066205257, 0.02999999999999999889 ) ) ;
#1858 = CARTESIAN_POINT ( 'NONE',  ( 0.2223340677144922672, 0.03268738485017654710, 0.02999999999999999889 ) ) ;
#1859 = VERTEX_POINT ( 'NONE', #5783 ) ;
#1860 = CARTESIAN_POINT ( 'NONE',  ( -0.1038573520255890448, 0.03780986297283379233, 0.000000000000000000 ) ) ;
#1861 = DIRECTION ( 'NONE',  ( 1.000000000000000000, -0.000000000000000000, -1.285153437213423508E-16 ) ) ;
#1862 = EDGE_CURVE ( 'NONE', #3934, #1746, #6369, .T. ) ;
#1863 = CARTESIAN_POINT ( 'NONE',  ( 0.2328181113315277440, 0.2221445344628833196, 0.02999999999999999889 ) ) ;
#1864 = ORIENTED_EDGE ( 'NONE', *, *, #3604, .F. ) ;
#1865 =( LENGTH_UNIT ( ) NAMED_UNIT ( * ) SI_UNIT ( .MILLI., .METRE. ) );
#1866 = CARTESIAN_POINT ( 'NONE',  ( 1.579999999999999849, 0.4000000000000000777, 0.7800000000000000266 ) ) ;
#1867 = EDGE_CURVE ( 'NONE', #4768, #2716, #5451, .T. ) ;
#1868 = FACE_OUTER_BOUND ( 'NONE', #2827, .T. ) ;
#1869 = CARTESIAN_POINT ( 'NONE',  ( 0.2835265681794501558, 0.04586509099680551038, 0.02999999999999999889 ) ) ;
#1870 = CYLINDRICAL_SURFACE ( 'NONE', #4774, 0.1700000000000000122 ) ;
#1871 = CARTESIAN_POINT ( 'NONE',  ( 0.2512064633621257093, 0.03379013784586235719, 0.000000000000000000 ) ) ;
#1872 = PLANE ( 'NONE',  #175 ) ;
#1873 = CARTESIAN_POINT ( 'NONE',  ( 0.3012883786913507222, 0.1731221202594723230, 0.000000000000000000 ) ) ;
#1874 = DIRECTION ( 'NONE',  ( -1.000000000000000000, 0.000000000000000000, 0.000000000000000000 ) ) ;
#1875 = CARTESIAN_POINT ( 'NONE',  ( -1.550000000000000266, 1.399999999999999911, 0.8299999999999999600 ) ) ;
#1876 = VECTOR ( 'NONE', #2980, 1000.000000000000000 ) ;
#1877 = PRESENTATION_STYLE_ASSIGNMENT (( #2468 ) ) ;
#1878 = CARTESIAN_POINT ( 'NONE',  ( -0.1549207294480473562, 0.2071795223174372202, 0.02999999999999999889 ) ) ;
#1879 = LINE ( 'NONE', #2653, #5664 ) ;
#1880 = LINE ( 'NONE', #1807, #3430 ) ;
#1881 = CARTESIAN_POINT ( 'NONE',  ( 0.3306784201292300440, 0.07068420514262034604, 0.02999999999999999889 ) ) ;
#1882 = CARTESIAN_POINT ( 'NONE',  ( -0.2082517169004348689, 0.1120202201024708966, 1.355252715606880543E-17 ) ) ;
#1883 = COLOUR_RGB ( '',1.000000000000000000, 1.000000000000000000, 1.000000000000000000 ) ;
#1884 = PLANE ( 'NONE',  #1650 ) ;
#1885 = PLANE ( 'NONE',  #4006 ) ;
#1886 = LINE ( 'NONE', #5958, #4831 ) ;
#1887 = AXIS2_PLACEMENT_3D ( 'NONE', #800, #468, #2855 ) ;
#1888 = DIRECTION ( 'NONE',  ( -0.000000000000000000, 1.000000000000000000, -0.000000000000000000 ) ) ;
#1889 = VERTEX_POINT ( 'NONE', #3625 ) ;
#1890 = ORIENTED_EDGE ( 'NONE', *, *, #3699, .F. ) ;
#1891 = CARTESIAN_POINT ( 'NONE',  ( 1.000000000000000000, -0.4000000000000000222, -0.05000000000000012074 ) ) ;
#1892 = EDGE_LOOP ( 'NONE', ( #5259, #4933, #4400, #1926, #5873, #961, #2193, #1457 ) ) ;
#1893 = AXIS2_PLACEMENT_3D ( 'NONE', #503, #521, #5888 ) ;
#1894 = MECHANICAL_DESIGN_GEOMETRIC_PRESENTATION_REPRESENTATION (  '', ( #3007 ), #5661 ) ;
#1895 = ORIENTED_EDGE ( 'NONE', *, *, #4519, .F. ) ;
#1896 = CARTESIAN_POINT ( 'NONE',  ( -0.1786551555514840905, 0.1912658300742073048, 0.02999999999999999889 ) ) ;
#1897 = EDGE_LOOP ( 'NONE', ( #1549, #2319, #3015, #6224 ) ) ;
#1898 = VERTEX_POINT ( 'NONE', #2130 ) ;
#1899 = CIRCLE ( 'NONE', #4088, 0.05000000000000002359 ) ;
#1900 = DIRECTION ( 'NONE',  ( 0.000000000000000000, -1.000000000000000000, 0.000000000000000000 ) ) ;
#1901 = ORIENTED_EDGE ( 'NONE', *, *, #4825, .T. ) ;
#1902 = STYLED_ITEM ( 'NONE', ( #512 ), #1927 ) ;
#1903 = CARTESIAN_POINT ( 'NONE',  ( -0.1197431180749621848, 0.03874797813351738701, 0.000000000000000000 ) ) ;
#1904 = CARTESIAN_POINT ( 'NONE',  ( -1.550000000000000266, -1.399999999999999911, 0.9499999999999999556 ) ) ;
#1905 = CARTESIAN_POINT ( 'NONE',  ( 0.2305201415060187664, 0.2221169837091195309, -0.000000000000000000 ) ) ;
#1906 = DIRECTION ( 'NONE',  ( -0.000000000000000000, -0.000000000000000000, -1.000000000000000000 ) ) ;
#1907 = UNCERTAINTY_MEASURE_WITH_UNIT (LENGTH_MEASURE( 1.000000000000000082E-05 ), #6139, 'distance_accuracy_value', 'NONE');
#1908 = CIRCLE ( 'NONE', #4412, 0.1699999999999999567 ) ;
#1909 = VECTOR ( 'NONE', #1304, 1000.000000000000000 ) ;
#1910 = FILL_AREA_STYLE_COLOUR ( '', #3967 ) ;
#1911 = DIRECTION ( 'NONE',  ( -0.000000000000000000, -1.000000000000000000, -0.000000000000000000 ) ) ;
#1912 = ORIENTED_EDGE ( 'NONE', *, *, #5505, .F. ) ;
#1913 = FILL_AREA_STYLE ('',( #397 ) ) ;
#1914 = CARTESIAN_POINT ( 'NONE',  ( -0.1528884789001920819, 0.04684835331193148295, 0.000000000000000000 ) ) ;
#1915 = VECTOR ( 'NONE', #5902, 1000.000000000000000 ) ;
#1916 = EDGE_CURVE ( 'NONE', #5211, #1898, #6061, .T. ) ;
#1917 = CARTESIAN_POINT ( 'NONE',  ( 0.2629444914205252837, 0.1972416330399576756, 0.02999999999999999889 ) ) ;
#1918 = EDGE_LOOP ( 'NONE', ( #5927, #5099, #1331, #4856 ) ) ;
#1919 = CARTESIAN_POINT ( 'NONE',  ( -0.2535200296941133025, 0.01701632933467818118, 0.02999999999999999889 ) ) ;
#1920 = VECTOR ( 'NONE', #2696, 1000.000000000000000 ) ;
#1921 = CARTESIAN_POINT ( 'NONE',  ( -0.1232058786005325868, 0.01763460489689425148, 0.02999999999999999889 ) ) ;
#1922 = ORIENTED_EDGE ( 'NONE', *, *, #1267, .T. ) ;
#1923 = CARTESIAN_POINT ( 'NONE',  ( -1.579999999999998517, -1.100000000000000089, 0.9499999999999999556 ) ) ;
#1924 = CARTESIAN_POINT ( 'NONE',  ( -0.07964205440881502729, 0.1964931668604011361, -0.000000000000000000 ) ) ;
#1925 = PRESENTATION_LAYER_ASSIGNMENT (  '', '', ( #1494 ) ) ;
#1926 = ORIENTED_EDGE ( 'NONE', *, *, #1428, .T. ) ;
#1927 = ADVANCED_FACE ( 'NONE', ( #5668 ), #4894, .F. ) ;
#1928 = CARTESIAN_POINT ( 'NONE',  ( -0.1769531744839433762, 0.03770244775316093644, 0.02999999999999999889 ) ) ;
#1929 = CARTESIAN_POINT ( 'NONE',  ( -0.1705237818534671157, 0.05991471528641996447, 0.02999999999999999889 ) ) ;
#1930 = VERTEX_POINT ( 'NONE', #3159 ) ;
#1931 =( GEOMETRIC_REPRESENTATION_CONTEXT ( 3 ) GLOBAL_UNCERTAINTY_ASSIGNED_CONTEXT ( ( #3063 ) ) GLOBAL_UNIT_ASSIGNED_CONTEXT ( ( #88, #1996, #3483 ) ) REPRESENTATION_CONTEXT ( 'NONE', 'WORKASPACE' ) );
#1932 = VERTEX_POINT ( 'NONE', #4611 ) ;
#1933 = DIRECTION ( 'NONE',  ( -1.000000000000000000, 0.000000000000000000, -0.000000000000000000 ) ) ;
#1934 = PRESENTATION_LAYER_ASSIGNMENT (  '', '', ( #5660 ) ) ;
#1936 = EDGE_CURVE ( 'NONE', #5857, #5305, #902, .T. ) ;
#1935 = EDGE_LOOP ( 'NONE', ( #2104, #2274, #3332, #933 ) ) ;
#1937 = PRESENTATION_STYLE_ASSIGNMENT (( #3728 ) ) ;
#1938 = CARTESIAN_POINT ( 'NONE',  ( -0.008287657899241539228, 0.1144522267705756352, 0.000000000000000000 ) ) ;
#1939 = CARTESIAN_POINT ( 'NONE',  ( 0.08658413697255337715, 0.1349650472833961445, 0.000000000000000000 ) ) ;
#1940 = DIRECTION ( 'NONE',  ( -0.000000000000000000, -1.000000000000000000, -0.000000000000000000 ) ) ;
#1941 = EDGE_CURVE ( 'NONE', #5891, #4787, #6213, .T. ) ;
#1942 = FACE_OUTER_BOUND ( 'NONE', #3922, .T. ) ;
#1943 = CARTESIAN_POINT ( 'NONE',  ( 0.08658413697255337715, 0.1144522267705756352, 0.02999999999999999889 ) ) ;
#1944 = MECHANICAL_DESIGN_GEOMETRIC_PRESENTATION_REPRESENTATION (  '', ( #112 ), #4733 ) ;
#1945 = CARTESIAN_POINT ( 'NONE',  ( 0.3224815728699892969, 0.1168160088218576781, 0.000000000000000000 ) ) ;
#1946 =( LENGTH_UNIT ( ) NAMED_UNIT ( * ) SI_UNIT ( .MILLI., .METRE. ) );
#1947 = ADVANCED_FACE ( 'NONE', ( #970 ), #1111, .F. ) ;
#1948 = FILL_AREA_STYLE_COLOUR ( '', #2700 ) ;
#1949 = CARTESIAN_POINT ( 'NONE',  ( 0.2258238823856318356, 0.01196457418828299375, 0.02999999999999999889 ) ) ;
#1950 = PRESENTATION_STYLE_ASSIGNMENT (( #6379 ) ) ;
#1951 = DIRECTION ( 'NONE',  ( 0.000000000000000000, 0.000000000000000000, 1.000000000000000000 ) ) ;
#1952 = DIRECTION ( 'NONE',  ( -0.000000000000000000, 1.000000000000000000, -0.000000000000000000 ) ) ;
#1953 = CARTESIAN_POINT ( 'NONE',  ( 0.3262699884029854891, 0.06231459320685923259, 0.02999999999999999889 ) ) ;
#1954 = VERTEX_POINT ( 'NONE', #2107 ) ;
#1955 = CARTESIAN_POINT ( 'NONE',  ( -0.1061642604633440956, 0.01701632933467818118, 1.355252715606880543E-17 ) ) ;
#1956 = VECTOR ( 'NONE', #6103, 1000.000000000000000 ) ;
#1957 = LINE ( 'NONE', #2840, #1045 ) ;
#1958 = CARTESIAN_POINT ( 'NONE',  ( -1.629999999999999893, 0.4000000000000000777, 0.7799999999999996936 ) ) ;
#1959 = DIRECTION ( 'NONE',  ( -0.1371063245349692372, 0.09720021651107783878, -0.9857758232390928521 ) ) ;
#1960 = ORIENTED_EDGE ( 'NONE', *, *, #5515, .T. ) ;
#1961 =( NAMED_UNIT ( * ) SI_UNIT ( $, .STERADIAN. ) SOLID_ANGLE_UNIT ( ) );
#1962 = ORIENTED_EDGE ( 'NONE', *, *, #3444, .T. ) ;
#1963 = CARTESIAN_POINT ( 'NONE',  ( 0.4583790087674252112, 0.2170163293346781819, 0.02999999999999999889 ) ) ;
#1964 = VECTOR ( 'NONE', #3652, 1000.000000000000000 ) ;
#1965 = PRESENTATION_LAYER_ASSIGNMENT (  '', '', ( #6202 ) ) ;
#1966 = ORIENTED_EDGE ( 'NONE', *, *, #488, .T. ) ;
#1967 = LINE ( 'NONE', #5302, #4071 ) ;
#1968 = CARTESIAN_POINT ( 'NONE',  ( -0.1902519888114413416, 0.1214665072422752568, 0.02999999999999999889 ) ) ;
#1969 = DIRECTION ( 'NONE',  ( -0.000000000000000000, 1.000000000000000000, -0.000000000000000000 ) ) ;
#1970 = CARTESIAN_POINT ( 'NONE',  ( 0.2347287934051546787, 0.01190309520966101146, 3.388131789017201356E-18 ) ) ;
#1971 = CARTESIAN_POINT ( 'NONE',  ( 0.2127015767106469890, 0.01333380786140285663, 0.000000000000000000 ) ) ;
#1972 = AXIS2_PLACEMENT_3D ( 'NONE', #4468, #5437, #571 ) ;
#1973 = EDGE_CURVE ( 'NONE', #2896, #988, #647, .T. ) ;
#1974 = ORIENTED_EDGE ( 'NONE', *, *, #331, .F. ) ;
#1975 = CARTESIAN_POINT ( 'NONE',  ( -1.579999999999999849, -1.100000000000000089, 0.7800000000000000266 ) ) ;
#1976 = SURFACE_STYLE_FILL_AREA ( #2734 ) ;
#1977 = CARTESIAN_POINT ( 'NONE',  ( 0.3389595543585182669, 0.09812208116716245043, 0.000000000000000000 ) ) ;
#1978 = FILL_AREA_STYLE_COLOUR ( '', #3780 ) ;
#1979 = EDGE_CURVE ( 'NONE', #4580, #4451, #5422, .T. ) ;
#1980 = CARTESIAN_POINT ( 'NONE',  ( -1.549999999999999822, 1.399999999999999911, 0.1799999999999999933 ) ) ;
#1981 = CARTESIAN_POINT ( 'NONE',  ( -0.08838930655691272509, 0.03754332678315971950, 0.02999999999999999889 ) ) ;
#1982 = EDGE_CURVE ( 'NONE', #6114, #3419, #2630, .T. ) ;
#1983 = SURFACE_STYLE_FILL_AREA ( #4084 ) ;
#1984 = CARTESIAN_POINT ( 'NONE',  ( 1.580000000000000071, -1.100000000000000089, 0.1199999999999999123 ) ) ;
#1985 = ORIENTED_EDGE ( 'NONE', *, *, #1616, .T. ) ;
#1986 = CARTESIAN_POINT ( 'NONE',  ( 0.2358669550684054927, 0.03246008821096201674, -0.000000000000000000 ) ) ;
#1987 = CARTESIAN_POINT ( 'NONE',  ( -0.1494053499891331294, 0.1864647148304039437, 0.02999999999999999889 ) ) ;
#1988 = CARTESIAN_POINT ( 'NONE',  ( 0.3209490210092163509, 0.1340397880056959645, 0.02999999999999999889 ) ) ;
#1989 = FILL_AREA_STYLE ('',( #5963 ) ) ;
#1990 = CARTESIAN_POINT ( 'NONE',  ( -0.1577317363092074209, 0.04959361444047707956, 0.000000000000000000 ) ) ;
#1991 = ORIENTED_EDGE ( 'NONE', *, *, #4728, .F. ) ;
#1992 = LINE ( 'NONE', #5426, #176 ) ;
#1993 = ADVANCED_FACE ( 'NONE', ( #4880 ), #798, .T. ) ;
#1994 = CARTESIAN_POINT ( 'NONE',  ( -0.008287657899241539228, 0.01701632933467818118, 0.02999999999999999889 ) ) ;
#1995 = ORIENTED_EDGE ( 'NONE', *, *, #4191, .F. ) ;
#1996 =( NAMED_UNIT ( * ) PLANE_ANGLE_UNIT ( ) SI_UNIT ( $, .RADIAN. ) );
#1997 = COLOUR_RGB ( '',1.000000000000000000, 1.000000000000000000, 1.000000000000000000 ) ;
#1998 = PLANE ( 'NONE',  #5416 ) ;
#1999 = ORIENTED_EDGE ( 'NONE', *, *, #560, .T. ) ;
#2000 = DIRECTION ( 'NONE',  ( -0.000000000000000000, -0.000000000000000000, 1.000000000000000000 ) ) ;
#2001 = AXIS2_PLACEMENT_3D ( 'NONE', #1743, #5239, #3254 ) ;
#2002 = EDGE_LOOP ( 'NONE', ( #679, #5257, #3100, #3080 ) ) ;
#2003 = AXIS2_PLACEMENT_3D ( 'NONE', #322, #3763, #5726 ) ;
#2004 = VERTEX_POINT ( 'NONE', #3225 ) ;
#2005 = CARTESIAN_POINT ( 'NONE',  ( -0.2082876578992415295, 0.1144922908731397238, 0.02999999999999999889 ) ) ;
#2006 = FILL_AREA_STYLE_COLOUR ( '', #1357 ) ;
#2007 = CARTESIAN_POINT ( 'NONE',  ( 0.2325777267161431294, 0.01188812420647305385, 0.02999999999999999889 ) ) ;
#2008 = CARTESIAN_POINT ( 'NONE',  ( -0.1831543900130765401, 0.07854737619768645263, 0.000000000000000000 ) ) ;
#2009 = LINE ( 'NONE', #3997, #3962 ) ;
#2010 = SURFACE_STYLE_FILL_AREA ( #75 ) ;
#2011 = STYLED_ITEM ( 'NONE', ( #5977 ), #2232 ) ;
#2012 = DIRECTION ( 'NONE',  ( 0.9904658293696886329, 0.000000000000000000, -0.1377586325825530533 ) ) ;
#2013 = VERTEX_POINT ( 'NONE', #4178 ) ;
#2014 = EDGE_CURVE ( 'NONE', #3456, #5006, #2476, .T. ) ;
#2015 = CARTESIAN_POINT ( 'NONE',  ( -0.2012256629235950611, 0.07347328192109571499, 0.02999999999999999889 ) ) ;
#2016 = DIRECTION ( 'NONE',  ( -0.000000000000000000, 1.000000000000000000, -0.000000000000000000 ) ) ;
#2017 = UNCERTAINTY_MEASURE_WITH_UNIT (LENGTH_MEASURE( 1.000000000000000082E-05 ), #5378, 'distance_accuracy_value', 'NONE');
#2018 =( LENGTH_UNIT ( ) NAMED_UNIT ( * ) SI_UNIT ( .MILLI., .METRE. ) );
#2019 = VECTOR ( 'NONE', #494, 1000.000000000000000 ) ;
#2020 = LINE ( 'NONE', #1765, #4662 ) ;
#2021 = CARTESIAN_POINT ( 'NONE',  ( 0.4583790087674252112, 0.2170163293346781819, 0.02999999999999999889 ) ) ;
#2022 = PLANE ( 'NONE',  #1767 ) ;
#2023 = VECTOR ( 'NONE', #4798, 1000.000000000000000 ) ;
#2024 = DIRECTION ( 'NONE',  ( -0.7941277684358858391, 0.6077508431907272524, 0.000000000000000000 ) ) ;
#2025 = EDGE_CURVE ( 'NONE', #2190, #3120, #115, .T. ) ;
#2026 = DIRECTION ( 'NONE',  ( -3.285461128743964857E-16, 0.000000000000000000, 1.000000000000000000 ) ) ;
#2027 = CARTESIAN_POINT ( 'NONE',  ( 0.2452621900742329442, 0.01241225093805167073, 3.388131789017201356E-18 ) ) ;
#2028 = CARTESIAN_POINT ( 'NONE',  ( -1.431778013715337750, -1.399999999999999911, 1.800000000000000044 ) ) ;
#2029 = VECTOR ( 'NONE', #1028, 1000.000000000000000 ) ;
#2030 = ORIENTED_EDGE ( 'NONE', *, *, #1081, .F. ) ;
#2031 = CARTESIAN_POINT ( 'NONE',  ( -1.550000000000000266, 1.399999999999999911, 1.800000000000000044 ) ) ;
#2032 = ORIENTED_EDGE ( 'NONE', *, *, #2523, .T. ) ;
#2033 = EDGE_LOOP ( 'NONE', ( #1326, #4109, #3057, #5421 ) ) ;
#2034 = CARTESIAN_POINT ( 'NONE',  ( -1.750000000000000000, -1.100000000000000089, 0.1200000000000011890 ) ) ;
#2035 = DIRECTION ( 'NONE',  ( -0.000000000000000000, -0.000000000000000000, -1.000000000000000000 ) ) ;
#2036 = ORIENTED_EDGE ( 'NONE', *, *, #5926, .T. ) ;
#2037 = PRESENTATION_LAYER_ASSIGNMENT (  '', '', ( #6151 ) ) ;
#2038 = CARTESIAN_POINT ( 'NONE',  ( 0.4404302908187072152, 0.2170163293346781819, 0.02999999999999999889 ) ) ;
#2039 = ADVANCED_FACE ( 'NONE', ( #2945 ), #1729, .T. ) ;
#2040 = CARTESIAN_POINT ( 'NONE',  ( 0.1684238245413893220, 0.05787404698433836620, 0.000000000000000000 ) ) ;
#2041 = ORIENTED_EDGE ( 'NONE', *, *, #4722, .T. ) ;
#2042 = FACE_OUTER_BOUND ( 'NONE', #3948, .T. ) ;
#2043 = ORIENTED_EDGE ( 'NONE', *, *, #41, .T. ) ;
#2044 = ORIENTED_EDGE ( 'NONE', *, *, #2733, .T. ) ;
#2045 = LINE ( 'NONE', #2505, #3696 ) ;
#2046 = CARTESIAN_POINT ( 'NONE',  ( 0.2599158806429182067, 0.03565094490319139359, 0.000000000000000000 ) ) ;
#2047 = MECHANICAL_DESIGN_GEOMETRIC_PRESENTATION_REPRESENTATION (  '', ( #4920 ), #3396 ) ;
#2048 = DIRECTION ( 'NONE',  ( -0.000000000000000000, -1.000000000000000000, -0.000000000000000000 ) ) ;
#2049 =( NAMED_UNIT ( * ) SI_UNIT ( $, .STERADIAN. ) SOLID_ANGLE_UNIT ( ) );
#2050 = CARTESIAN_POINT ( 'NONE',  ( -1.199999999999999956, 0.000000000000000000, 1.830000000000000071 ) ) ;
#2051 = CARTESIAN_POINT ( 'NONE',  ( -0.1805560340468553293, 0.07343087141642493099, 0.000000000000000000 ) ) ;
#2052 = MECHANICAL_DESIGN_GEOMETRIC_PRESENTATION_REPRESENTATION (  '', ( #1293 ), #2930 ) ;
#2053 = EDGE_CURVE ( 'NONE', #3919, #6314, #1173, .T. ) ;
#2054 = CARTESIAN_POINT ( 'NONE',  ( 0.3224815728699892969, 0.1168160088218576781, 0.02999999999999999889 ) ) ;
#2055 = PLANE ( 'NONE',  #3432 ) ;
#2056 = EDGE_LOOP ( 'NONE', ( #5821, #4087, #5527, #5470 ) ) ;
#2057 =( LENGTH_UNIT ( ) NAMED_UNIT ( * ) SI_UNIT ( .MILLI., .METRE. ) );
#2058 = EDGE_CURVE ( 'NONE', #5543, #419, #1637, .T. ) ;
#2059 = DIRECTION ( 'NONE',  ( 1.000000000000000000, -0.000000000000000000, -0.000000000000000000 ) ) ;
#2060 = LINE ( 'NONE', #6157, #5950 ) ;
#2061 =( NAMED_UNIT ( * ) SI_UNIT ( $, .STERADIAN. ) SOLID_ANGLE_UNIT ( ) );
#2062 =( GEOMETRIC_REPRESENTATION_CONTEXT ( 3 ) GLOBAL_UNCERTAINTY_ASSIGNED_CONTEXT ( ( #5718 ) ) GLOBAL_UNIT_ASSIGNED_CONTEXT ( ( #6004, #1141, #5597 ) ) REPRESENTATION_CONTEXT ( 'NONE', 'WORKASPACE' ) );
#2063 = ORIENTED_EDGE ( 'NONE', *, *, #190, .F. ) ;
#2064 = LINE ( 'NONE', #2782, #4552 ) ;
#2065 = ORIENTED_EDGE ( 'NONE', *, *, #4602, .T. ) ;
#2066 = CARTESIAN_POINT ( 'NONE',  ( 0.5776535529154035453, -1.291435105736244315, -0.2664839452782558071 ) ) ;
#2067 = DIRECTION ( 'NONE',  ( -1.000000000000000000, 0.000000000000000000, 0.000000000000000000 ) ) ;
#2068 = CARTESIAN_POINT ( 'NONE',  ( -0.1902519888114413416, 0.1214665072422752568, 0.000000000000000000 ) ) ;
#2069 = CARTESIAN_POINT ( 'NONE',  ( 0.2986411433130317095, 0.03150963576761529883, 3.388131789017201356E-18 ) ) ;
#2070 = ADVANCED_FACE ( 'NONE', ( #6201 ), #2216, .T. ) ;
#2071 = CARTESIAN_POINT ( 'NONE',  ( 0.3138055016128484254, 0.04543173865148977114, 0.02999999999999999889 ) ) ;
#2072 = EDGE_LOOP ( 'NONE', ( #1782, #992, #2244, #3830, #947, #5890, #6025 ) ) ;
#2073 = CARTESIAN_POINT ( 'NONE',  ( 0.3404302908187072374, 0.1181781883090371604, 0.000000000000000000 ) ) ;
#2074 = AXIS2_PLACEMENT_3D ( 'NONE', #1975, #4391, #3977 ) ;
#2075 = FILL_AREA_STYLE_COLOUR ( '', #5675 ) ;
#2076 = ORIENTED_EDGE ( 'NONE', *, *, #3936, .T. ) ;
#2077 = FILL_AREA_STYLE_COLOUR ( '', #1367 ) ;
#2078 = ORIENTED_EDGE ( 'NONE', *, *, #6054, .F. ) ;
#2079 = FILL_AREA_STYLE ('',( #5976 ) ) ;
#2080 = ORIENTED_EDGE ( 'NONE', *, *, #808, .F. ) ;
#2081 =( GEOMETRIC_REPRESENTATION_CONTEXT ( 3 ) GLOBAL_UNCERTAINTY_ASSIGNED_CONTEXT ( ( #3541 ) ) GLOBAL_UNIT_ASSIGNED_CONTEXT ( ( #5171, #4640, #5606 ) ) REPRESENTATION_CONTEXT ( 'NONE', 'WORKASPACE' ) );
#2082 = B_SPLINE_CURVE_WITH_KNOTS ( 'NONE', 3,
 ( #2787, #3265, #5780, #3835, #6252, #3792, #5799, #5317, #3292, #4318, #355, #2832, #886, #332, #2351, #5819, #3466, #971, #3383 ),
 .UNSPECIFIED., .F., .F.,
 ( 4, 1, 1, 1, 1, 1, 1, 1, 1, 1, 1, 1, 1, 1, 1, 1, 4 ),
 ( 0.000000000000000000, 0.06154496601632396952, 0.1216942964020305551, 0.1811548554526335175, 0.2398753889119566718, 0.2987019424504289145, 0.3576474237092013841, 0.4176048428493669973, 0.4784940407282911590, 0.5404070506371330129, 0.6023449938728033803, 0.6650043279232340510, 0.7285593088233761616, 0.7936505420268857858, 0.8605342675902676319, 0.9292359605619637808, 1.000000000000000000 ),
 .UNSPECIFIED. ) ;
#2083 = SURFACE_SIDE_STYLE ('',( #5995 ) ) ;
#2084 = FACE_OUTER_BOUND ( 'NONE', #2056, .T. ) ;
#2085 = STYLED_ITEM ( 'NONE', ( #2491 ), #5024 ) ;
#2086 = FILL_AREA_STYLE_COLOUR ( '', #3302 ) ;
#2087 = DIRECTION ( 'NONE',  ( 0.000000000000000000, 0.09812689387754343351, 0.9951739107803948547 ) ) ;
#2088 = CARTESIAN_POINT ( 'NONE',  ( -0.1061642604633440956, 0.01701632933467818118, 0.02999999999999999889 ) ) ;
#2089 = CARTESIAN_POINT ( 'NONE',  ( 1.550000000000000266, -1.335642303222658311, 0.1799999999999999933 ) ) ;
#2090 = VECTOR ( 'NONE', #4982, 1000.000000000000000 ) ;
#2091 = LINE ( 'NONE', #2391, #5746 ) ;
#2092 = CARTESIAN_POINT ( 'NONE',  ( -1.550000000000000266, -0.3999999999999999667, 0.9499999999999999556 ) ) ;
#2093 = DIRECTION ( 'NONE',  ( 0.9034962347415942396, 0.4285960263555439465, -0.000000000000000000 ) ) ;
#2094 = STYLED_ITEM ( 'NONE', ( #2253 ), #1947 ) ;
#2095 = EDGE_CURVE ( 'NONE', #258, #4999, #3420, .T. ) ;
#2096 = PLANE ( 'NONE',  #5739 ) ;
#2097 = UNCERTAINTY_MEASURE_WITH_UNIT (LENGTH_MEASURE( 1.000000000000000082E-05 ), #3723, 'distance_accuracy_value', 'NONE');
#2098 = LINE ( 'NONE', #3921, #279 ) ;
#2099 = EDGE_CURVE ( 'NONE', #2471, #291, #4113, .T. ) ;
#2100 = VECTOR ( 'NONE', #431, 1000.000000000000000 ) ;
#2101 =( NAMED_UNIT ( * ) SI_UNIT ( $, .STERADIAN. ) SOLID_ANGLE_UNIT ( ) );
#2102 = CARTESIAN_POINT ( 'NONE',  ( -0.1232058786005325868, 0.01763460489689425148, 0.000000000000000000 ) ) ;
#2103 = ADVANCED_FACE ( 'NONE', ( #1497 ), #3267, .F. ) ;
#2104 = ORIENTED_EDGE ( 'NONE', *, *, #5291, .F. ) ;
#2105 = ORIENTED_EDGE ( 'NONE', *, *, #975, .T. ) ;
#2106 = ORIENTED_EDGE ( 'NONE', *, *, #3699, .T. ) ;
#2107 = CARTESIAN_POINT ( 'NONE',  ( -1.406210549184707448, 1.335642303222658089, 0.1799999999999999933 ) ) ;
#2108 = LINE ( 'NONE', #4380, #4764 ) ;
#2109 = PLANE ( 'NONE',  #4664 ) ;
#2110 = EDGE_CURVE ( 'NONE', #1898, #2181, #3492, .T. ) ;
#2111 = DIRECTION ( 'NONE',  ( -0.6683997558842921238, -0.7438022360371194797, 0.000000000000000000 ) ) ;
#2112 = DIRECTION ( 'NONE',  ( 0.7970624896273539317, 0.6038968352533770068, 0.000000000000000000 ) ) ;
#2113 = ORIENTED_EDGE ( 'NONE', *, *, #1346, .T. ) ;
#2114 = COLOUR_RGB ( '',1.000000000000000000, 0.9490196078431372140, 0.8352941176470588536 ) ;
#2115 = EDGE_LOOP ( 'NONE', ( #3529, #3646, #4394, #1585 ) ) ;
#2116 = VERTEX_POINT ( 'NONE', #1389 ) ;
#2117 = CARTESIAN_POINT ( 'NONE',  ( 0.3019822662245076894, 0.1992632090798262534, 0.000000000000000000 ) ) ;
#2118 = ADVANCED_FACE ( 'NONE', ( #880 ), #2428, .T. ) ;
#2119 = CARTESIAN_POINT ( 'NONE',  ( 0.000000000000000000, 0.000000000000000000, 0.02999999999999999889 ) ) ;
#2120 = DIRECTION ( 'NONE',  ( -0.000000000000000000, -0.000000000000000000, -1.000000000000000000 ) ) ;
#2121 =( LENGTH_UNIT ( ) NAMED_UNIT ( * ) SI_UNIT ( .MILLI., .METRE. ) );
#2122 = CARTESIAN_POINT ( 'NONE',  ( 1.579999999999999627, 0.4000000000000000777, 0.8299999999999999600 ) ) ;
#2123 = FACE_OUTER_BOUND ( 'NONE', #3480, .T. ) ;
#2124 = LINE ( 'NONE', #996, #2674 ) ;
#2125 = CARTESIAN_POINT ( 'NONE',  ( -0.1851922230187118823, 0.04614783006350815092, 0.000000000000000000 ) ) ;
#2126 = FILL_AREA_STYLE ('',( #1793 ) ) ;
#2127 = AXIS2_PLACEMENT_3D ( 'NONE', #2662, #717, #2151 ) ;
#2128 = B_SPLINE_CURVE_WITH_KNOTS ( 'NONE', 3,
 ( #2334, #6325, #3387, #448, #3867, #4363, #4323, #4890, #2420, #1924, #2919 ),
 .UNSPECIFIED., .F., .F.,
 ( 4, 1, 1, 1, 1, 1, 1, 1, 4 ),
 ( 0.000000000000000000, 0.08431861695858090811, 0.1792845142139042058, 0.2865825276465601146, 0.4051114834342786630, 0.5355928734189734364, 0.6781902099934136174, 0.8329758397604892783, 1.000000000000000000 ),
 .UNSPECIFIED. ) ;
#2129 = CARTESIAN_POINT ( 'NONE',  ( 0.3404302908187072374, 0.1181781883090371604, 0.02999999999999999889 ) ) ;
#2130 = CARTESIAN_POINT ( 'NONE',  ( -0.2839286835402671794, 0.08111889343724229540, 0.000000000000000000 ) ) ;
#2131 = DIRECTION ( 'NONE',  ( 0.9079593845004516606, -0.4190581774617469502, 0.000000000000000000 ) ) ;
#2132 = FILL_AREA_STYLE ('',( #4547 ) ) ;
#2133 = ADVANCED_FACE ( 'NONE', ( #6355 ), #4581, .T. ) ;
#2134 =( NAMED_UNIT ( * ) PLANE_ANGLE_UNIT ( ) SI_UNIT ( $, .RADIAN. ) );
#2135 = ORIENTED_EDGE ( 'NONE', *, *, #6172, .F. ) ;
#2136 = MECHANICAL_DESIGN_GEOMETRIC_PRESENTATION_REPRESENTATION (  '', ( #5670 ), #2473 ) ;
#2137 = EDGE_CURVE ( 'NONE', #5855, #5305, #4186, .T. ) ;
#2138 = LINE ( 'NONE', #213, #1842 ) ;
#2139 = SURFACE_STYLE_USAGE ( .BOTH. , #3116 ) ;
#2140 = CARTESIAN_POINT ( 'NONE',  ( -0.1644639579601270551, 0.1766081622800272921, 0.000000000000000000 ) ) ;
#2141 =( NAMED_UNIT ( * ) PLANE_ANGLE_UNIT ( ) SI_UNIT ( $, .RADIAN. ) );
#2142 = DIRECTION ( 'NONE',  ( -1.807003620809174188E-15, -0.000000000000000000, 1.000000000000000000 ) ) ;
#2143 = ORIENTED_EDGE ( 'NONE', *, *, #4180, .F. ) ;
#2144 =( NAMED_UNIT ( * ) SI_UNIT ( $, .STERADIAN. ) SOLID_ANGLE_UNIT ( ) );
#2145 = CARTESIAN_POINT ( 'NONE',  ( -0.1137481642349951749, 0.2160843596252971510, 0.02999999999999999889 ) ) ;
#2146 = CARTESIAN_POINT ( 'NONE',  ( -1.580000000000000071, 0.4000000000000000777, 0.1199999999999998707 ) ) ;
#2147 = PRESENTATION_LAYER_ASSIGNMENT (  '', '', ( #3946 ) ) ;
#2148 = ORIENTED_EDGE ( 'NONE', *, *, #4195, .T. ) ;
#2149 = DIRECTION ( 'NONE',  ( -0.000000000000000000, 1.000000000000000000, -0.000000000000000000 ) ) ;
#2150 = CARTESIAN_POINT ( 'NONE',  ( -0.1869388715565518388, 0.1409207667389356933, 0.000000000000000000 ) ) ;
#2151 = DIRECTION ( 'NONE',  ( -1.807003620809174188E-15, 0.000000000000000000, -1.000000000000000000 ) ) ;
#2152 = ORIENTED_EDGE ( 'NONE', *, *, #4597, .F. ) ;
#2153 = VECTOR ( 'NONE', #3749, 1000.000000000000000 ) ;
#2154 = CARTESIAN_POINT ( 'NONE',  ( -0.1886198590634157735, 0.09541852061423301834, 0.02999999999999999889 ) ) ;
#2155 = CARTESIAN_POINT ( 'NONE',  ( -1.549999999999999822, -1.400000000000000355, 0.8299999999999999600 ) ) ;
#2156 = MECHANICAL_DESIGN_GEOMETRIC_PRESENTATION_REPRESENTATION (  '', ( #1844 ), #5068 ) ;
#2157 = VECTOR ( 'NONE', #2059, 1000.000000000000000 ) ;
#2158 = SURFACE_SIDE_STYLE ('',( #3458 ) ) ;
#2159 = DIRECTION ( 'NONE',  ( 1.000000000000000000, 0.000000000000000000, 0.000000000000000000 ) ) ;
#2160 = CARTESIAN_POINT ( 'NONE',  ( -0.1364380316169189200, 0.2130773331052806530, 0.02999999999999999889 ) ) ;
#2161 = ADVANCED_FACE ( 'NONE', ( #4494 ), #167, .T. ) ;
#2162 = VERTEX_POINT ( 'NONE', #1490 ) ;
#2163 = STYLED_ITEM ( 'NONE', ( #4978 ), #4549 ) ;
#2164 = UNCERTAINTY_MEASURE_WITH_UNIT (LENGTH_MEASURE( 1.000000000000000082E-05 ), #825, 'distance_accuracy_value', 'NONE');
#2165 = CARTESIAN_POINT ( 'NONE',  ( 0.2440093189096195214, 0.2218709032676669246, 0.02999999999999999889 ) ) ;
#2166 = STYLED_ITEM ( 'NONE', ( #2922 ), #5683 ) ;
#2167 = SURFACE_SIDE_STYLE ('',( #3887 ) ) ;
#2168 = VECTOR ( 'NONE', #4247, 1000.000000000000000 ) ;
#2169 = EDGE_CURVE ( 'NONE', #2868, #5139, #4132, .T. ) ;
#2170 = SURFACE_SIDE_STYLE ('',( #4777 ) ) ;
#2171 = CARTESIAN_POINT ( 'NONE',  ( -0.1688195030189070245, 0.1725513451213100402, 0.000000000000000000 ) ) ;
#2172 = CARTESIAN_POINT ( 'NONE',  ( 0.1758026699701651374, 0.1827709275356421970, 0.02999999999999999889 ) ) ;
#2173 = SURFACE_STYLE_FILL_AREA ( #3071 ) ;
#2174 = CARTESIAN_POINT ( 'NONE',  ( 1.000000000000000000, -1.100000000000000089, -0.05000000000000012074 ) ) ;
#2175 = FACE_OUTER_BOUND ( 'NONE', #3988, .T. ) ;
#2176 = EDGE_CURVE ( 'NONE', #6179, #6147, #5487, .T. ) ;
#2177 = PLANE ( 'NONE',  #2722 ) ;
#2178 = CARTESIAN_POINT ( 'NONE',  ( -0.1825545560936035761, 0.1526069303030223312, 0.000000000000000000 ) ) ;
#2179 = EDGE_CURVE ( 'NONE', #4716, #4941, #3175, .T. ) ;
#2180 = CARTESIAN_POINT ( 'NONE',  ( 0.000000000000000000, 0.000000000000000000, 1.830000000000000071 ) ) ;
#2181 = VERTEX_POINT ( 'NONE', #4563 ) ;
#2182 = CARTESIAN_POINT ( 'NONE',  ( 1.629999999999999893, 0.4000000000000000777, 0.1200000000000002176 ) ) ;
#2183 = AXIS2_PLACEMENT_3D ( 'NONE', #2670, #5108, #835 ) ;
#2184 = FACE_OUTER_BOUND ( 'NONE', #2899, .T. ) ;
#2185 = CARTESIAN_POINT ( 'NONE',  ( -1.579999999999999627, 0.4000000000000000777, 0.8299999999999999600 ) ) ;
#2186 = ORIENTED_EDGE ( 'NONE', *, *, #5298, .F. ) ;
#2187 = ORIENTED_EDGE ( 'NONE', *, *, #4775, .F. ) ;
#2188 = ORIENTED_EDGE ( 'NONE', *, *, #1544, .F. ) ;
#2189 = SURFACE_STYLE_FILL_AREA ( #360 ) ;
#2190 = VERTEX_POINT ( 'NONE', #23 ) ;
#2191 = VECTOR ( 'NONE', #5738, 1000.000000000000000 ) ;
#2192 = CARTESIAN_POINT ( 'NONE',  ( 0.2365886088725149272, 0.2220523437192570282, 0.02999999999999999889 ) ) ;
#2193 = ORIENTED_EDGE ( 'NONE', *, *, #3527, .T. ) ;
#2194 = DIRECTION ( 'NONE',  ( 0.000000000000000000, 0.000000000000000000, -1.000000000000000000 ) ) ;
#2195 = COLOUR_RGB ( '',0.7960784313725489669, 0.8235294117647058432, 0.9372549019607843146 ) ;
#2196 = ORIENTED_EDGE ( 'NONE', *, *, #3324, .F. ) ;
#2197 = PLANE ( 'NONE',  #5323 ) ;
#2198 = CARTESIAN_POINT ( 'NONE',  ( 0.3362914604499180893, 0.1491920014659390559, 0.02999999999999999889 ) ) ;
#2199 = LINE ( 'NONE', #2155, #3215 ) ;
#2200 = CARTESIAN_POINT ( 'NONE',  ( 0.2063749620348233615, 0.01454929836845761208, 0.02999999999999999889 ) ) ;
#2201 = SURFACE_STYLE_FILL_AREA ( #1512 ) ;
#2202 = ADVANCED_FACE ( 'NONE', ( #5109 ), #1422, .T. ) ;
#2203 = FILL_AREA_STYLE_COLOUR ( '', #5348 ) ;
#2204 = CARTESIAN_POINT ( 'NONE',  ( 1.579999999999998961, -1.100000000000000089, -0.05000000000000007910 ) ) ;
#2205 = DIRECTION ( 'NONE',  ( -0.000000000000000000, -1.000000000000000000, -0.000000000000000000 ) ) ;
#2206 = SURFACE_STYLE_FILL_AREA ( #234 ) ;
#2207 = CARTESIAN_POINT ( 'NONE',  ( 0.000000000000000000, 0.000000000000000000, 0.000000000000000000 ) ) ;
#2208 =( NAMED_UNIT ( * ) SI_UNIT ( $, .STERADIAN. ) SOLID_ANGLE_UNIT ( ) );
#2209 = MECHANICAL_DESIGN_GEOMETRIC_PRESENTATION_REPRESENTATION (  '', ( #6288 ), #1196 ) ;
#2210 = SURFACE_STYLE_USAGE ( .BOTH. , #2252 ) ;
#2211 = VERTEX_POINT ( 'NONE', #2586 ) ;
#2212 =( GEOMETRIC_REPRESENTATION_CONTEXT ( 3 ) GLOBAL_UNCERTAINTY_ASSIGNED_CONTEXT ( ( #1255 ) ) GLOBAL_UNIT_ASSIGNED_CONTEXT ( ( #4275, #5294, #403 ) ) REPRESENTATION_CONTEXT ( 'NONE', 'WORKASPACE' ) );
#2213 = VECTOR ( 'NONE', #2717, 1000.000000000000114 ) ;
#2214 =( NAMED_UNIT ( * ) PLANE_ANGLE_UNIT ( ) SI_UNIT ( $, .RADIAN. ) );
#2215 = ORIENTED_EDGE ( 'NONE', *, *, #3016, .F. ) ;
#2216 = PLANE ( 'NONE',  #3230 ) ;
#2217 = DIRECTION ( 'NONE',  ( 0.000000000000000000, -0.000000000000000000, -1.000000000000000000 ) ) ;
#2218 = CARTESIAN_POINT ( 'NONE',  ( -0.5776535529154035453, -1.335642303222658533, 0.1799999999999999933 ) ) ;
#2219 = FACE_OUTER_BOUND ( 'NONE', #3012, .T. ) ;
#2220 = CARTESIAN_POINT ( 'NONE',  ( -0.06213381174539531898, 0.03752914984749869398, 0.02999999999999999889 ) ) ;
#2221 = CARTESIAN_POINT ( 'NONE',  ( 0.1619314851287003698, 0.1979984622773851011, 0.02999999999999999889 ) ) ;
#2222 = PRESENTATION_LAYER_ASSIGNMENT (  '', '', ( #1124 ) ) ;
#2223 = ORIENTED_EDGE ( 'NONE', *, *, #2309, .F. ) ;
#2224 = CARTESIAN_POINT ( 'NONE',  ( -0.5776535529154035453, -1.317820171807394525, 0.000000000000000000 ) ) ;
#2225 = LINE ( 'NONE', #4375, #491 ) ;
#2226 = FILL_AREA_STYLE_COLOUR ( '', #428 ) ;
#2227 = DIRECTION ( 'NONE',  ( -0.000000000000000000, 1.000000000000000000, -0.000000000000000000 ) ) ;
#2228 = PLANE ( 'NONE',  #795 ) ;
#2229 = VERTEX_POINT ( 'NONE', #5502 ) ;
#2230 = DIRECTION ( 'NONE',  ( -0.000000000000000000, -0.000000000000000000, -1.000000000000000000 ) ) ;
#2231 = DIRECTION ( 'NONE',  ( -0.000000000000000000, 0.000000000000000000, 1.000000000000000000 ) ) ;
#2232 = ADVANCED_FACE ( 'NONE', ( #354 ), #1870, .T. ) ;
#2233 = EDGE_LOOP ( 'NONE', ( #4059, #5222, #3909, #4879 ) ) ;
#2234 = ORIENTED_EDGE ( 'NONE', *, *, #3481, .T. ) ;
#2235 = EDGE_CURVE ( 'NONE', #1930, #2529, #573, .T. ) ;
#2236 = DIRECTION ( 'NONE',  ( -3.285461128743964857E-16, -0.000000000000000000, -1.000000000000000000 ) ) ;
#2237 = CARTESIAN_POINT ( 'NONE',  ( -1.579999999999999849, 0.4000000000000000777, 0.7800000000000000266 ) ) ;
#2238 = EDGE_LOOP ( 'NONE', ( #69, #4374, #1895, #179 ) ) ;
#2239 = VECTOR ( 'NONE', #5140, 1000.000000000000000 ) ;
#2240 =( NAMED_UNIT ( * ) PLANE_ANGLE_UNIT ( ) SI_UNIT ( $, .RADIAN. ) );
#2241 = CARTESIAN_POINT ( 'NONE',  ( 0.3170116892521288587, 0.1846029745701233404, 0.02999999999999999889 ) ) ;
#2242 = B_SPLINE_SURFACE_WITH_KNOTS ( 'NONE', 3, 1, ( 
 ( #4334, #6295 ),
 ( #421, #2311 ),
 ( #1858, #4788 ),
 ( #5249, #1337 ),
 ( #4357, #1362 ),
 ( #2852, #3337 ),
 ( #2771, #6275 ),
 ( #3863, #2807 ),
 ( #6321, #822 ),
 ( #5752, #4847 ),
 ( #911, #1406 ) ),
 .UNSPECIFIED., .F., .F., .F.,
 ( 4, 1, 1, 1, 1, 1, 1, 1, 4 ),
 ( 2, 2 ),
 ( 0.000000000000000000, 0.1285151895116619924, 0.2529486363526580184, 0.3747547340060052301, 0.4959397538670500261, 0.6171806414298928178, 0.7409094692781375002, 0.8678111481862031962, 1.000000000000000000 ),
 ( 0.000000000000000000, 1.000000000000000000 ),
 .UNSPECIFIED. ) ;
#2243 = CARTESIAN_POINT ( 'NONE',  ( -0.09473403789478840320, 0.03757059422236132262, 0.000000000000000000 ) ) ;
#2244 = ORIENTED_EDGE ( 'NONE', *, *, #3191, .F. ) ;
#2245 = CARTESIAN_POINT ( 'NONE',  ( 1.579999999999999849, -0.4000000000000000222, 0.7800000000000000266 ) ) ;
#2246 = CARTESIAN_POINT ( 'NONE',  ( -0.1598219665627239328, 0.1803304087177835802, 0.000000000000000000 ) ) ;
#2247 = PRESENTATION_LAYER_ASSIGNMENT (  '', '', ( #2339 ) ) ;
#2248 = SURFACE_SIDE_STYLE ('',( #6199 ) ) ;
#2249 = VECTOR ( 'NONE', #413, 1000.000000000000000 ) ;
#2250 =( NAMED_UNIT ( * ) SI_UNIT ( $, .STERADIAN. ) SOLID_ANGLE_UNIT ( ) );
#2251 = CARTESIAN_POINT ( 'NONE',  ( 0.2339399062033226118, 0.2016317139500628242, 0.02999999999999999889 ) ) ;
#2252 = SURFACE_SIDE_STYLE ('',( #5715 ) ) ;
#2253 = PRESENTATION_STYLE_ASSIGNMENT (( #6038 ) ) ;
#2254 = UNCERTAINTY_MEASURE_WITH_UNIT (LENGTH_MEASURE( 1.000000000000000082E-05 ), #1865, 'distance_accuracy_value', 'NONE');
#2255 = CARTESIAN_POINT ( 'NONE',  ( 0.2000784800838662780, 0.2179399846452313161, 0.000000000000000000 ) ) ;
#2256 = SURFACE_STYLE_FILL_AREA ( #12 ) ;
#2257 = VECTOR ( 'NONE', #1701, 1000.000000000000000 ) ;
#2258 = STYLED_ITEM ( 'NONE', ( #6058 ), #4846 ) ;
#2259 = CARTESIAN_POINT ( 'NONE',  ( 0.3403573768304597458, 0.1147554943592814375, 0.02999999999999999889 ) ) ;
#2260 = CARTESIAN_POINT ( 'NONE',  ( -0.5776535529154035453, 1.399999999999999911, 0.000000000000000000 ) ) ;
#2261 =( GEOMETRIC_REPRESENTATION_CONTEXT ( 3 ) GLOBAL_UNCERTAINTY_ASSIGNED_CONTEXT ( ( #5475 ) ) GLOBAL_UNIT_ASSIGNED_CONTEXT ( ( #1147, #1122, #4578 ) ) REPRESENTATION_CONTEXT ( 'NONE', 'WORKASPACE' ) );
#2262 = CARTESIAN_POINT ( 'NONE',  ( -0.2839286835402671794, 0.08111889343724229540, 0.000000000000000000 ) ) ;
#2263 = EDGE_CURVE ( 'NONE', #6238, #487, #1504, .T. ) ;
#2264 = FILL_AREA_STYLE ('',( #761 ) ) ;
#2265 = CARTESIAN_POINT ( 'NONE',  ( 0.2652905922757161639, 0.2181297430975046858, 0.02999999999999999889 ) ) ;
#2266 = SURFACE_STYLE_FILL_AREA ( #2472 ) ;
#2267 = SURFACE_STYLE_USAGE ( .BOTH. , #2296 ) ;
#2268 = ADVANCED_FACE ( 'NONE', ( #2638 ), #4968, .T. ) ;
#2269 = CARTESIAN_POINT ( 'NONE',  ( 0.1940327520336621592, 0.2159891104557121744, 0.000000000000000000 ) ) ;
#2270 = ORIENTED_EDGE ( 'NONE', *, *, #309, .F. ) ;
#2271 = EDGE_LOOP ( 'NONE', ( #4266, #3884, #1208, #220 ) ) ;
#2272 = EDGE_CURVE ( 'NONE', #1477, #3295, #3964, .T. ) ;
#2273 = VECTOR ( 'NONE', #4004, 1000.000000000000000 ) ;
#2274 = ORIENTED_EDGE ( 'NONE', *, *, #3239, .F. ) ;
#2275 = CARTESIAN_POINT ( 'NONE',  ( -0.1665566894930475550, 0.05611065878333622997, 0.000000000000000000 ) ) ;
#2276 = LINE ( 'NONE', #3364, #683 ) ;
#2277 = CARTESIAN_POINT ( 'NONE',  ( 1.629999999999999893, 0.4000000000000000777, 0.7799999999999996936 ) ) ;
#2278 = DIRECTION ( 'NONE',  ( 0.000000000000000000, 0.000000000000000000, 1.000000000000000000 ) ) ;
#2279 = EDGE_LOOP ( 'NONE', ( #1525, #568, #6380, #2846 ) ) ;
#2280 = MECHANICAL_DESIGN_GEOMETRIC_PRESENTATION_REPRESENTATION (  '', ( #4193 ), #858 ) ;
#2281 = CARTESIAN_POINT ( 'NONE',  ( -0.1994211974875719495, 0.1613019686606612380, 0.02999999999999999889 ) ) ;
#2282 = ORIENTED_EDGE ( 'NONE', *, *, #3789, .T. ) ;
#2283 = FACE_OUTER_BOUND ( 'NONE', #955, .T. ) ;
#2284 = ORIENTED_EDGE ( 'NONE', *, *, #2403, .F. ) ;
#2285 = FACE_OUTER_BOUND ( 'NONE', #827, .T. ) ;
#2286 = B_SPLINE_SURFACE_WITH_KNOTS ( 'NONE', 3, 1, ( 
 ( #2007, #4918 ),
 ( #4939, #1970 ),
 ( #1056, #2993 ),
 ( #64, #2027 ),
 ( #5492, #2924 ),
 ( #13, #3435 ),
 ( #3930, #2597 ),
 ( #629, #3598 ),
 ( #3576, #5598 ),
 ( #1073, #4572 ),
 ( #5537, #1094 ),
 ( #2553, #5058 ),
 ( #1634, #5556 ),
 ( #4614, #2069 ),
 ( #6023, #4548 ),
 ( #2616, #3051 ),
 ( #120, #2572 ),
 ( #1160, #6090 ),
 ( #6005, #653 ) ),
 .UNSPECIFIED., .F., .F., .F.,
 ( 4, 1, 1, 1, 1, 1, 1, 1, 1, 1, 1, 1, 1, 1, 1, 1, 4 ),
 ( 2, 2 ),
 ( 0.000000000000000000, 0.06966280089907737894, 0.1377495622582731727, 0.2039167435177828003, 0.2687798623293363720, 0.3324137064772237915, 0.3947535404471397835, 0.4561800316591685389, 0.5169956491967199197, 0.5773959379659520108, 0.6371983435092756221, 0.6969991842614547961, 0.7567561942255596197, 0.8165539052726078495, 0.8769479965978702607, 0.9381317879205951504, 1.000000000000000000 ),
 ( 0.000000000000000000, 1.000000000000000000 ),
 .UNSPECIFIED. ) ;
#2287 = ORIENTED_EDGE ( 'NONE', *, *, #2856, .T. ) ;
#2288 = DIRECTION ( 'NONE',  ( 0.000000000000000000, 0.000000000000000000, -1.000000000000000000 ) ) ;
#2289 = LINE ( 'NONE', #77, #2440 ) ;
#2290 = DIRECTION ( 'NONE',  ( -1.807003620809174188E-15, 0.000000000000000000, -1.000000000000000000 ) ) ;
#2291 = FACE_OUTER_BOUND ( 'NONE', #547, .T. ) ;
#2292 =( NAMED_UNIT ( * ) SI_UNIT ( $, .STERADIAN. ) SOLID_ANGLE_UNIT ( ) );
#2293 = LINE ( 'NONE', #1663, #3857 ) ;
#2294 = CARTESIAN_POINT ( 'NONE',  ( -0.1851922230187118823, 0.04614783006350815092, 0.02999999999999999889 ) ) ;
#2295 = CARTESIAN_POINT ( 'NONE',  ( -0.1425210112112701988, 0.2116265805118687782, 0.000000000000000000 ) ) ;
#2296 = SURFACE_SIDE_STYLE ('',( #838 ) ) ;
#2297 = CARTESIAN_POINT ( 'NONE',  ( 0.1717002683940842545, 0.2051389754724751713, 0.000000000000000000 ) ) ;
#2298 = AXIS2_PLACEMENT_3D ( 'NONE', #251, #5582, #6113 ) ;
#2299 = CARTESIAN_POINT ( 'NONE',  ( 0.3030367480105515265, 0.06261407697154003360, 0.02999999999999999889 ) ) ;
#2300 = DIRECTION ( 'NONE',  ( 0.000000000000000000, 0.000000000000000000, 1.000000000000000000 ) ) ;
#2301 = CARTESIAN_POINT ( 'NONE',  ( -0.1836841782220884345, 0.1861768537527224709, 0.02999999999999999889 ) ) ;
#2302 = ORIENTED_EDGE ( 'NONE', *, *, #104, .F. ) ;
#2303 = CARTESIAN_POINT ( 'NONE',  ( -0.1422620168736004886, 0.04261729087313972236, 0.000000000000000000 ) ) ;
#2304 = PRESENTATION_LAYER_ASSIGNMENT (  '', '', ( #6288 ) ) ;
#2305 = CARTESIAN_POINT ( 'NONE',  ( 1.549999999999999822, -1.100000000000000089, 0.9499999999999999556 ) ) ;
#2306 = VERTEX_POINT ( 'NONE', #5466 ) ;
#2307 = CARTESIAN_POINT ( 'NONE',  ( -0.1882335910108350330, 0.1805432343118973937, 0.000000000000000000 ) ) ;
#2308 = PRESENTATION_LAYER_ASSIGNMENT (  '', '', ( #4990 ) ) ;
#2309 = EDGE_CURVE ( 'NONE', #5600, #3316, #1177, .T. ) ;
#2310 = CARTESIAN_POINT ( 'NONE',  ( 1.629999999999999893, -1.100000000000000089, 0.7799999999999996936 ) ) ;
#2311 = CARTESIAN_POINT ( 'NONE',  ( 0.2292063367956304887, 0.03249744641934537021, 0.000000000000000000 ) ) ;
#2312 = CARTESIAN_POINT ( 'NONE',  ( -0.1376546450787286824, 0.1908945344628833474, 0.02999999999999999889 ) ) ;
#2313 = ORIENTED_EDGE ( 'NONE', *, *, #353, .F. ) ;
#2314 =( NAMED_UNIT ( * ) SI_UNIT ( $, .STERADIAN. ) SOLID_ANGLE_UNIT ( ) );
#2315 = CARTESIAN_POINT ( 'NONE',  ( -0.08456970918129284864, 0.2170163293346781819, 0.000000000000000000 ) ) ;
#2316 = CARTESIAN_POINT ( 'NONE',  ( 0.2305201415060187664, 0.2221169837091195309, 0.000000000000000000 ) ) ;
#2317 = EDGE_CURVE ( 'NONE', #1399, #4227, #2867, .T. ) ;
#2318 = AXIS2_PLACEMENT_3D ( 'NONE', #1168, #3102, #2159 ) ;
#2319 = ORIENTED_EDGE ( 'NONE', *, *, #3448, .F. ) ;
#2320 = CARTESIAN_POINT ( 'NONE',  ( -0.1528884789001920819, 0.04684835331193148295, 0.000000000000000000 ) ) ;
#2321 = DIRECTION ( 'NONE',  ( 0.4188422247446084157, 0.9080590238365492395, 0.000000000000000000 ) ) ;
#2322 = CARTESIAN_POINT ( 'NONE',  ( 1.580000000000000071, 1.100000000000000089, 0.1199999999999999123 ) ) ;
#2323 = CARTESIAN_POINT ( 'NONE',  ( -0.1675683000499899045, 0.2001641278555729431, 0.02999999999999999889 ) ) ;
#2324 = CARTESIAN_POINT ( 'NONE',  ( 1.629999999999999893, 0.4000000000000000777, 0.7799999999999996936 ) ) ;
#2325 = EDGE_LOOP ( 'NONE', ( #4315, #5519, #2861, #1788 ) ) ;
#2326 = VECTOR ( 'NONE', #4037, 1000.000000000000000 ) ;
#2327 = DIRECTION ( 'NONE',  ( -0.000000000000000000, -1.000000000000000000, -0.000000000000000000 ) ) ;
#2328 =( NAMED_UNIT ( * ) PLANE_ANGLE_UNIT ( ) SI_UNIT ( $, .RADIAN. ) );
#2329 = DIRECTION ( 'NONE',  ( 1.000000000000000000, 0.000000000000000000, 0.000000000000000000 ) ) ;
#2330 = CARTESIAN_POINT ( 'NONE',  ( -0.2034521858546364526, 0.07974941016938469351, 0.02999999999999999889 ) ) ;
#2331 = CARTESIAN_POINT ( 'NONE',  ( 0.1841238081503289159, 0.1884673771743666237, 0.02999999999999999889 ) ) ;
#2332 = CARTESIAN_POINT ( 'NONE',  ( 1.000000000000000222, -1.100000000000000089, 0.06999999999999986788 ) ) ;
#2333 = CARTESIAN_POINT ( 'NONE',  ( 1.549999999999999822, -1.100000000000000089, 0.8299999999999999600 ) ) ;
#2334 = CARTESIAN_POINT ( 'NONE',  ( -0.1376546450787286824, 0.1908945344628833474, 0.000000000000000000 ) ) ;
#2335 = LINE ( 'NONE', #927, #5191 ) ;
#2336 = SURFACE_STYLE_FILL_AREA ( #4503 ) ;
#2337 = DIRECTION ( 'NONE',  ( 0.000000000000000000, 0.000000000000000000, 1.000000000000000000 ) ) ;
#2338 = CARTESIAN_POINT ( 'NONE',  ( 0.1612636241520405689, 0.06573427805262690993, 0.02999999999999999889 ) ) ;
#2339 = STYLED_ITEM ( 'NONE', ( #5495 ), #3083 ) ;
#2340 = CARTESIAN_POINT ( 'NONE',  ( 0.1534274332116508655, 0.04436378999557335362, 0.000000000000000000 ) ) ;
#2341 = CARTESIAN_POINT ( 'NONE',  ( 0.2932178323788557361, 0.1807388669368058809, 0.02999999999999999889 ) ) ;
#2342 = CARTESIAN_POINT ( 'NONE',  ( -1.000000000000000000, -0.4000000000000000222, -0.05000000000000012074 ) ) ;
#2343 = PRESENTATION_STYLE_ASSIGNMENT (( #1225 ) ) ;
#2344 = LINE ( 'NONE', #1325, #2023 ) ;
#2345 = PRESENTATION_LAYER_ASSIGNMENT (  '', '', ( #510 ) ) ;
#2346 = CARTESIAN_POINT ( 'NONE',  ( -0.2081667174329029923, 0.1229487235568305081, 0.000000000000000000 ) ) ;
#2347 = COLOUR_RGB ( '',1.000000000000000000, 1.000000000000000000, 1.000000000000000000 ) ;
#2348 = CARTESIAN_POINT ( 'NONE',  ( -0.3288004784120621138, 0.2170163293346781819, 0.02999999999999999889 ) ) ;
#2349 = ORIENTED_EDGE ( 'NONE', *, *, #70, .T. ) ;
#2350 = MECHANICAL_DESIGN_GEOMETRIC_PRESENTATION_REPRESENTATION (  '', ( #1693 ), #3013 ) ;
#2351 = CARTESIAN_POINT ( 'NONE',  ( -0.2061579790574435134, 0.1391997552970636320, 0.000000000000000000 ) ) ;
#2352 = EDGE_LOOP ( 'NONE', ( #4176, #910, #217, #6115 ) ) ;
#2353 =( LENGTH_UNIT ( ) NAMED_UNIT ( * ) SI_UNIT ( .MILLI., .METRE. ) );
#2354 = EDGE_CURVE ( 'NONE', #3879, #8, #2482, .T. ) ;
#2355 = CARTESIAN_POINT ( 'NONE',  ( -0.1121933175382087561, 0.03820083083016573983, 0.000000000000000000 ) ) ;
#2356 = ORIENTED_EDGE ( 'NONE', *, *, #484, .F. ) ;
#2357 = SURFACE_STYLE_USAGE ( .BOTH. , #358 ) ;
#2358 = LINE ( 'NONE', #2333, #2826 ) ;
#2359 = ORIENTED_EDGE ( 'NONE', *, *, #2272, .F. ) ;
#2360 = LINE ( 'NONE', #2174, #5525 ) ;
#2361 = CARTESIAN_POINT ( 'NONE',  ( 0.08658413697255337715, 0.1965035088218576864, 0.000000000000000000 ) ) ;
#2362 = EDGE_LOOP ( 'NONE', ( #4091, #4479, #1088, #4382 ) ) ;
#2363 = VECTOR ( 'NONE', #286, 1000.000000000000114 ) ;
#2364 = CARTESIAN_POINT ( 'NONE',  ( 0.3222679023953973765, 0.1080560714063061589, 0.02999999999999999889 ) ) ;
#2365 = EDGE_LOOP ( 'NONE', ( #3648, #1339, #2978, #5844, #868, #3211, #5379, #1528, #4331, #5727 ) ) ;
#2366 = CARTESIAN_POINT ( 'NONE',  ( 0.2420937779192636197, 0.03257629895776990858, 0.000000000000000000 ) ) ;
#2367 = LINE ( 'NONE', #1943, #5380 ) ;
#2368 = CARTESIAN_POINT ( 'NONE',  ( 0.3048762250230772075, 0.1689298721686677551, 0.000000000000000000 ) ) ;
#2369 = CARTESIAN_POINT ( 'NONE',  ( 1.580000000000000071, -1.100000000000000089, 0.1199999999999998707 ) ) ;
#2370 = DIRECTION ( 'NONE',  ( 1.000000000000000000, 0.000000000000000000, -0.000000000000000000 ) ) ;
#2371 = EDGE_CURVE ( 'NONE', #4759, #3847, #6365, .T. ) ;
#2372 = CARTESIAN_POINT ( 'NONE',  ( -0.1836841782220884345, 0.1861768537527224709, 0.000000000000000000 ) ) ;
#2373 = CIRCLE ( 'NONE', #3078, 1.199999999999999956 ) ;
#2374 = VECTOR ( 'NONE', #635, 1000.000000000000000 ) ;
#2375 = SURFACE_SIDE_STYLE ('',( #1108 ) ) ;
#2376 = ORIENTED_EDGE ( 'NONE', *, *, #5227, .F. ) ;
#2377 = FILL_AREA_STYLE ('',( #1796 ) ) ;
#2378 = CARTESIAN_POINT ( 'NONE',  ( -0.2075449305015365231, 0.09996926669925663977, 0.02999999999999999889 ) ) ;
#2379 = CARTESIAN_POINT ( 'NONE',  ( 0.000000000000000000, 0.000000000000000000, 1.830000000000000071 ) ) ;
#2380 = B_SPLINE_SURFACE_WITH_KNOTS ( 'NONE', 3, 1, ( 
 ( #1742, #3145 ),
 ( #208, #6130 ),
 ( #3701, #1214 ),
 ( #743, #4190 ),
 ( #4148, #1233 ),
 ( #5702, #3675 ),
 ( #724, #4167 ),
 ( #1275, #2178 ),
 ( #1697, #5149 ),
 ( #2735, #4686 ),
 ( #1713, #296 ),
 ( #3739, #4243 ),
 ( #4731, #2140 ),
 ( #6282, #2246 ),
 ( #5214, #392 ),
 ( #4794, #5722 ),
 ( #6262, #3848 ),
 ( #3824, #3328 ),
 ( #4752, #4260 ) ),
 .UNSPECIFIED., .F., .F., .F.,
 ( 4, 1, 1, 1, 1, 1, 1, 1, 1, 1, 1, 1, 1, 1, 1, 1, 4 ),
 ( 2, 2 ),
 ( 0.000000000000000000, 0.07015117599727850595, 0.1378126061901915334, 0.2032262471813940652, 0.2671740552944736335, 0.3300240034081791118, 0.3917942717866856883, 0.4530843989971406471, 0.5143339076458771641, 0.5749999928182689679, 0.6348654826222126513, 0.6941163151896416750, 0.7534416217804384974, 0.8131258003036114790, 0.8740796856370747214, 0.9360070132744073845, 1.000000000000000000 ),
 ( 0.000000000000000000, 1.000000000000000000 ),
 .UNSPECIFIED. ) ;
#2381 = CARTESIAN_POINT ( 'NONE',  ( 0.2328181113315277440, 0.2221445344628833196, 0.000000000000000000 ) ) ;
#2382 = LINE ( 'NONE', #5287, #4628 ) ;
#2383 = DIRECTION ( 'NONE',  ( 0.000000000000000000, 0.000000000000000000, -1.000000000000000000 ) ) ;
#2384 = UNCERTAINTY_MEASURE_WITH_UNIT (LENGTH_MEASURE( 1.000000000000000082E-05 ), #4893, 'distance_accuracy_value', 'NONE');
#2385 = STYLED_ITEM ( 'NONE', ( #1029 ), #2628 ) ;
#2386 = ORIENTED_EDGE ( 'NONE', *, *, #1979, .F. ) ;
#2387 =( LENGTH_UNIT ( ) NAMED_UNIT ( * ) SI_UNIT ( .MILLI., .METRE. ) );
#2388 = CARTESIAN_POINT ( 'NONE',  ( 0.2063749620348233615, 0.01454929836845761208, 0.000000000000000000 ) ) ;
#2389 = CARTESIAN_POINT ( 'NONE',  ( 0.2573683223611390458, 0.1988400684158149467, 0.02999999999999999889 ) ) ;
#2390 = DIRECTION ( 'NONE',  ( 1.000000000000000000, 1.548860246407863583E-16, 0.000000000000000000 ) ) ;
#2391 = CARTESIAN_POINT ( 'NONE',  ( 1.579999999999999627, -0.4000000000000000222, 0.06999999999999986788 ) ) ;
#2392 = EDGE_LOOP ( 'NONE', ( #5528, #2376, #76, #6035 ) ) ;
#2393 = AXIS2_PLACEMENT_3D ( 'NONE', #694, #159, #4629 ) ;
#2394 = CARTESIAN_POINT ( 'NONE',  ( -0.1786551555514840905, 0.1912658300742073048, 0.000000000000000000 ) ) ;
#2395 = AXIS2_PLACEMENT_3D ( 'NONE', #2245, #3207, #269 ) ;
#2396 = VERTEX_POINT ( 'NONE', #5567 ) ;
#2397 = EDGE_CURVE ( 'NONE', #2781, #383, #1265, .T. ) ;
#2398 = DIRECTION ( 'NONE',  ( -0.7970624896273539317, -0.6038968352533770068, 0.000000000000000000 ) ) ;
#2399 = CARTESIAN_POINT ( 'NONE',  ( -0.1574197897239364152, 0.02518038867137109560, 0.02999999999999999889 ) ) ;
#2400 = B_SPLINE_SURFACE_WITH_KNOTS ( 'NONE', 3, 1, ( 
 ( #6124, #5185 ),
 ( #1250, #1205 ),
 ( #1689, #4671 ),
 ( #6189, #1709 ),
 ( #2198, #4702 ),
 ( #204, #1733 ),
 ( #5695, #287 ),
 ( #3651, #785 ),
 ( #2241, #2640 ),
 ( #698, #4138 ),
 ( #1180, #4634 ),
 ( #5625, #891 ),
 ( #801, #407 ),
 ( #3839, #4829 ),
 ( #2265, #1298 ),
 ( #6278, #6256 ),
 ( #359, #5254 ),
 ( #5736, #1800 ),
 ( #1863, #1825 ) ),
 .UNSPECIFIED., .F., .F., .F.,
 ( 4, 1, 1, 1, 1, 1, 1, 1, 1, 1, 1, 1, 1, 1, 1, 1, 4 ),
 ( 2, 2 ),
 ( 0.000000000000000000, 0.06455784592971912372, 0.1270135315497586959, 0.1879548102020904554, 0.2480139127896340834, 0.3077476818488373289, 0.3682345146974853045, 0.4294698439426694603, 0.4927434367465848841, 0.5562577687060833442, 0.6182167855431437431, 0.6796554755875550136, 0.7412455456206292759, 0.8034152647056967966, 0.8668154615439923605, 0.9323283119492651316, 1.000000000000000000 ),
 ( 0.000000000000000000, 1.000000000000000000 ),
 .UNSPECIFIED. ) ;
#2401 = VERTEX_POINT ( 'NONE', #329 ) ;
#2402 = CARTESIAN_POINT ( 'NONE',  ( -0.1220586133253982880, 0.2152861009890333355, 0.000000000000000000 ) ) ;
#2403 = EDGE_CURVE ( 'NONE', #1889, #1694, #5506, .T. ) ;
#2404 = ORIENTED_EDGE ( 'NONE', *, *, #6165, .F. ) ;
#2405 = DIRECTION ( 'NONE',  ( 0.000000000000000000, -1.000000000000000000, 0.000000000000000000 ) ) ;
#2406 = LINE ( 'NONE', #2820, #3180 ) ;
#2407 = ORIENTED_EDGE ( 'NONE', *, *, #6054, .T. ) ;
#2408 = SURFACE_STYLE_FILL_AREA ( #5800 ) ;
#2409 = CARTESIAN_POINT ( 'NONE',  ( 0.2682030871525529769, 0.03829418648350864374, 0.000000000000000000 ) ) ;
#2410 = FILL_AREA_STYLE ('',( #1910 ) ) ;
#2411 = FACE_OUTER_BOUND ( 'NONE', #2892, .T. ) ;
#2412 = CARTESIAN_POINT ( 'NONE',  ( -1.406210549184707448, -1.335642303222658533, 0.1799999999999999378 ) ) ;
#2413 = CARTESIAN_POINT ( 'NONE',  ( 0.1577289930628338332, 0.04004927368133718441, 0.02999999999999999889 ) ) ;
#2414 = EDGE_LOOP ( 'NONE', ( #1735, #3990, #5588, #1740 ) ) ;
#2415 = FILL_AREA_STYLE ('',( #929 ) ) ;
#2416 = LINE ( 'NONE', #1627, #6358 ) ;
#2417 = ADVANCED_FACE ( 'NONE', ( #1433 ), #6225, .F. ) ;
#2418 =( GEOMETRIC_REPRESENTATION_CONTEXT ( 3 ) GLOBAL_UNCERTAINTY_ASSIGNED_CONTEXT ( ( #3821 ) ) GLOBAL_UNIT_ASSIGNED_CONTEXT ( ( #6375, #5949, #5969 ) ) REPRESENTATION_CONTEXT ( 'NONE', 'WORKASPACE' ) );
#2419 = LINE ( 'NONE', #540, #5037 ) ;
#2420 = CARTESIAN_POINT ( 'NONE',  ( -0.08628105634327579154, 0.1964732407345051723, 0.000000000000000000 ) ) ;
#2421 = UNCERTAINTY_MEASURE_WITH_UNIT (LENGTH_MEASURE( 1.000000000000000082E-05 ), #6311, 'distance_accuracy_value', 'NONE');
#2422 = AXIS2_PLACEMENT_3D ( 'NONE', #4973, #3006, #1516 ) ;
#2423 = CARTESIAN_POINT ( 'NONE',  ( 0.1773126985740620387, 0.02565642783045759406, 0.000000000000000000 ) ) ;
#2424 = CARTESIAN_POINT ( 'NONE',  ( -0.1903389399505236446, 0.1145323549757038262, 0.02999999999999999889 ) ) ;
#2425 = DIRECTION ( 'NONE',  ( -0.000000000000000000, -0.000000000000000000, -1.000000000000000000 ) ) ;
#2426 = ORIENTED_EDGE ( 'NONE', *, *, #53, .F. ) ;
#2427 = CARTESIAN_POINT ( 'NONE',  ( -0.1705237818534671157, 0.05991471528641996447, 0.000000000000000000 ) ) ;
#2428 = B_SPLINE_SURFACE_WITH_KNOTS ( 'NONE', 3, 1, ( 
 ( #2312, #3318 ),
 ( #6323, #5270 ),
 ( #3361, #1797 ),
 ( #4358, #1363 ),
 ( #3864, #422 ),
 ( #5820, #4769 ),
 ( #2833, #887 ),
 ( #4826, #356 ),
 ( #913, #4789 ),
 ( #4807, #3338 ),
 ( #404, #6253 ) ),
 .UNSPECIFIED., .F., .F., .F.,
 ( 4, 1, 1, 1, 1, 1, 1, 1, 4 ),
 ( 2, 2 ),
 ( 0.000000000000000000, 0.08431861695858090811, 0.1792845142139042058, 0.2865825276465601146, 0.4051114834342786630, 0.5355928734189734364, 0.6781902099934136174, 0.8329758397604892783, 1.000000000000000000 ),
 ( 0.000000000000000000, 1.000000000000000000 ),
 .UNSPECIFIED. ) ;
#2429 = ORIENTED_EDGE ( 'NONE', *, *, #4852, .T. ) ;
#2430 = PRESENTATION_LAYER_ASSIGNMENT (  '', '', ( #2085 ) ) ;
#2431 = VERTEX_POINT ( 'NONE', #3618 ) ;
#2432 = CIRCLE ( 'NONE', #4226, 0.1700000000000000122 ) ;
#2433 = CARTESIAN_POINT ( 'NONE',  ( 0.3181133776105083411, 0.1448222981012356747, 0.02999999999999999889 ) ) ;
#2434 = EDGE_LOOP ( 'NONE', ( #1449, #1257, #2672, #5646 ) ) ;
#2435 = ORIENTED_EDGE ( 'NONE', *, *, #2570, .F. ) ;
#2436 = LINE ( 'NONE', #1904, #4536 ) ;
#2437 = ORIENTED_EDGE ( 'NONE', *, *, #4392, .T. ) ;
#2438 = LINE ( 'NONE', #2220, #1596 ) ;
#2439 = ORIENTED_EDGE ( 'NONE', *, *, #151, .T. ) ;
#2440 = VECTOR ( 'NONE', #2000, 1000.000000000000000 ) ;
#2441 = AXIS2_PLACEMENT_3D ( 'NONE', #2723, #5161, #4253 ) ;
#2442 = EDGE_CURVE ( 'NONE', #4941, #1050, #1879, .T. ) ;
#2443 = CARTESIAN_POINT ( 'NONE',  ( -0.1061642604633440956, 0.01701632933467818118, 0.02999999999999999889 ) ) ;
#2444 = EDGE_CURVE ( 'NONE', #3456, #4941, #5827, .T. ) ;
#2445 = CARTESIAN_POINT ( 'NONE',  ( -0.1220586133253982880, 0.2152861009890333355, 0.02999999999999999889 ) ) ;
#2446 = FACE_OUTER_BOUND ( 'NONE', #5064, .T. ) ;
#2447 = CARTESIAN_POINT ( 'NONE',  ( -1.406210549184707448, -1.399999999999999911, 0.1799999999999999933 ) ) ;
#2448 = LINE ( 'NONE', #3192, #5230 ) ;
#2449 = LINE ( 'NONE', #5170, #1753 ) ;
#2450 = CARTESIAN_POINT ( 'NONE',  ( 0.2359446661656318389, 0.2016086303780719735, -0.000000000000000000 ) ) ;
#2451 = CARTESIAN_POINT ( 'NONE',  ( 0.3196961914759959833, 0.1394993746253097022, 0.000000000000000000 ) ) ;
#2452 = CARTESIAN_POINT ( 'NONE',  ( 0.1045328549212713176, 0.2170163293346781819, 0.02999999999999999889 ) ) ;
#2453 = CARTESIAN_POINT ( 'NONE',  ( 0.1720630395737613172, 0.02881590693230726488, 0.000000000000000000 ) ) ;
#2454 = EDGE_CURVE ( 'NONE', #6074, #1524, #5194, .T. ) ;
#2455 = EDGE_LOOP ( 'NONE', ( #1384, #2143, #3892, #2439 ) ) ;
#2456 = DIRECTION ( 'NONE',  ( -0.000000000000000000, -0.000000000000000000, -1.000000000000000000 ) ) ;
#2457 = CARTESIAN_POINT ( 'NONE',  ( -0.2535200296941133025, 0.01701632933467818118, 0.02999999999999999889 ) ) ;
#2458 = FILL_AREA_STYLE_COLOUR ( '', #6062 ) ;
#2459 = UNCERTAINTY_MEASURE_WITH_UNIT (LENGTH_MEASURE( 1.000000000000000082E-05 ), #333, 'distance_accuracy_value', 'NONE');
#2460 = VERTEX_POINT ( 'NONE', #3288 ) ;
#2461 = COLOUR_RGB ( '',0.7960784313725489669, 0.8235294117647058432, 0.9372549019607843146 ) ;
#2462 = CARTESIAN_POINT ( 'NONE',  ( 0.3126857279459525074, 0.07625152942399536504, 0.000000000000000000 ) ) ;
#2463 = VERTEX_POINT ( 'NONE', #6100 ) ;
#2464 = APPLICATION_CONTEXT ( 'automotive_design' ) ;
#2465 = CARTESIAN_POINT ( 'NONE',  ( -0.1265024908919525348, 0.03947189900142248492, 0.000000000000000000 ) ) ;
#2466 = AXIS2_PLACEMENT_3D ( 'NONE', #4616, #3697, #3629 ) ;
#2467 = CARTESIAN_POINT ( 'NONE',  ( 0.2789971337106374460, 0.1903565751119266902, 0.000000000000000000 ) ) ;
#2468 = SURFACE_STYLE_USAGE ( .BOTH. , #1554 ) ;
#2469 = CARTESIAN_POINT ( 'NONE',  ( 0.1577289930628338332, 0.04004927368133718441, 0.000000000000000000 ) ) ;
#2470 = PRESENTATION_LAYER_ASSIGNMENT (  '', '', ( #4920 ) ) ;
#2471 = VERTEX_POINT ( 'NONE', #693 ) ;
#2472 = FILL_AREA_STYLE ('',( #4408 ) ) ;
#2473 =( GEOMETRIC_REPRESENTATION_CONTEXT ( 3 ) GLOBAL_UNCERTAINTY_ASSIGNED_CONTEXT ( ( #5550 ) ) GLOBAL_UNIT_ASSIGNED_CONTEXT ( ( #1783, #3277, #4813 ) ) REPRESENTATION_CONTEXT ( 'NONE', 'WORKASPACE' ) );
#2475 = EDGE_CURVE ( 'NONE', #2181, #2306, #5353, .T. ) ;
#2474 = EDGE_LOOP ( 'NONE', ( #3705, #4630, #2196, #646 ) ) ;
#2476 = LINE ( 'NONE', #4073, #3258 ) ;
#2477 =( NAMED_UNIT ( * ) SI_UNIT ( $, .STERADIAN. ) SOLID_ANGLE_UNIT ( ) );
#2478 = SURFACE_SIDE_STYLE ('',( #4039 ) ) ;
#2479 =( LENGTH_UNIT ( ) NAMED_UNIT ( * ) SI_UNIT ( .MILLI., .METRE. ) );
#2480 = CARTESIAN_POINT ( 'NONE',  ( -0.1121933175382087561, 0.03820083083016573983, 0.000000000000000000 ) ) ;
#2481 = PRESENTATION_STYLE_ASSIGNMENT (( #5811 ) ) ;
#2482 = LINE ( 'NONE', #1648, #1097 ) ;
#2483 = PLANE ( 'NONE',  #4544 ) ;
#2484 = STYLED_ITEM ( 'NONE', ( #4362 ), #1691 ) ;
#2485 = CARTESIAN_POINT ( 'NONE',  ( 0.3082148358599344773, 0.06926645208648531116, 0.000000000000000000 ) ) ;
#2486 = CARTESIAN_POINT ( 'NONE',  ( 0.2326979190238354644, 0.03240094471929357012, 0.02999999999999999889 ) ) ;
#2487 = CARTESIAN_POINT ( 'NONE',  ( 0.2458583499411391704, 0.2009564417454157426, 0.000000000000000000 ) ) ;
#2488 = DIRECTION ( 'NONE',  ( 1.285153437213423508E-16, 0.000000000000000000, 1.000000000000000000 ) ) ;
#2489 = CARTESIAN_POINT ( 'NONE',  ( 0.3404302908187072374, 0.1181781883090371604, 0.000000000000000000 ) ) ;
#2490 = CARTESIAN_POINT ( 'NONE',  ( 0.1468223879401191478, 0.05220447090975625232, 0.000000000000000000 ) ) ;
#2491 = PRESENTATION_STYLE_ASSIGNMENT (( #4994 ) ) ;
#2492 = VECTOR ( 'NONE', #275, 1000.000000000000000 ) ;
#2493 = SURFACE_STYLE_USAGE ( .BOTH. , #5922 ) ;
#2494 = FACE_OUTER_BOUND ( 'NONE', #2115, .T. ) ;
#2495 = LINE ( 'NONE', #5089, #4130 ) ;
#2496 = CARTESIAN_POINT ( 'NONE',  ( -0.1166072501294663916, 0.2157929078572146664, 0.02999999999999999889 ) ) ;
#2497 = PRESENTATION_STYLE_ASSIGNMENT (( #212 ) ) ;
#2498 = CARTESIAN_POINT ( 'NONE',  ( 1.749999999999999778, 0.4000000000000000777, 0.7799999999999988054 ) ) ;
#2499 = STYLED_ITEM ( 'NONE', ( #5592 ), #2730 ) ;
#2500 = CARTESIAN_POINT ( 'NONE',  ( -0.04418509379667742709, 0.2170163293346781819, 0.000000000000000000 ) ) ;
#2501 = ORIENTED_EDGE ( 'NONE', *, *, #948, .T. ) ;
#2502 = UNCERTAINTY_MEASURE_WITH_UNIT (LENGTH_MEASURE( 1.000000000000000082E-05 ), #3464, 'distance_accuracy_value', 'NONE');
#2503 = DIRECTION ( 'NONE',  ( -1.000000000000000000, 0.000000000000000000, 0.000000000000000000 ) ) ;
#2504 = COLOUR_RGB ( '',1.000000000000000000, 1.000000000000000000, 1.000000000000000000 ) ;
#2505 = CARTESIAN_POINT ( 'NONE',  ( -0.3298822091812927959, 0.1780339575398064145, 0.02999999999999999889 ) ) ;
#2506 = EDGE_LOOP ( 'NONE', ( #6046, #799, #6344, #5316 ) ) ;
#2507 = DIRECTION ( 'NONE',  ( 0.000000000000000000, -1.000000000000000000, 0.000000000000000000 ) ) ;
#2508 = VERTEX_POINT ( 'NONE', #4586 ) ;
#2509 = FACE_OUTER_BOUND ( 'NONE', #2238, .T. ) ;
#2510 = MECHANICAL_DESIGN_GEOMETRIC_PRESENTATION_REPRESENTATION (  '', ( #2163 ), #5573 ) ;
#2511 = EDGE_LOOP ( 'NONE', ( #138, #5547, #2825, #95 ) ) ;
#2512 = CARTESIAN_POINT ( 'NONE',  ( 0.3209490210092163509, 0.1340397880056959645, 0.000000000000000000 ) ) ;
#2513 = CARTESIAN_POINT ( 'NONE',  ( 0.3218134589105571819, 0.1284288858371257780, 0.000000000000000000 ) ) ;
#2514 = DIRECTION ( 'NONE',  ( -1.000000000000000000, 0.000000000000000000, 0.000000000000000000 ) ) ;
#2515 = CARTESIAN_POINT ( 'NONE',  ( 0.2793407224891028551, 0.02056994339484822035, 0.02999999999999999889 ) ) ;
#2516 = ORIENTED_EDGE ( 'NONE', *, *, #4966, .F. ) ;
#2517 = STYLED_ITEM ( 'NONE', ( #93 ), #5716 ) ;
#2518 = CIRCLE ( 'NONE', #1683, 0.1700000000000000122 ) ;
#2519 = EDGE_CURVE ( 'NONE', #2211, #4419, #438, .T. ) ;
#2520 = ORIENTED_EDGE ( 'NONE', *, *, #5585, .F. ) ;
#2521 = SURFACE_STYLE_USAGE ( .BOTH. , #106 ) ;
#2522 = EDGE_CURVE ( 'NONE', #4564, #2460, #2416, .T. ) ;
#2523 = EDGE_CURVE ( 'NONE', #5801, #2508, #3031, .T. ) ;
#2524 =( NAMED_UNIT ( * ) PLANE_ANGLE_UNIT ( ) SI_UNIT ( $, .RADIAN. ) );
#2525 =( LENGTH_UNIT ( ) NAMED_UNIT ( * ) SI_UNIT ( .MILLI., .METRE. ) );
#2526 = EDGE_CURVE ( 'NONE', #2431, #6194, #6210, .T. ) ;
#2527 = VECTOR ( 'NONE', #5952, 1000.000000000000000 ) ;
#2528 = CARTESIAN_POINT ( 'NONE',  ( 0.1045328549212713176, 0.2170163293346781819, 0.000000000000000000 ) ) ;
#2529 = VERTEX_POINT ( 'NONE', #5616 ) ;
#2530 =( NAMED_UNIT ( * ) PLANE_ANGLE_UNIT ( ) SI_UNIT ( $, .RADIAN. ) );
#2531 = CARTESIAN_POINT ( 'NONE',  ( 0.3181133776105083411, 0.1448222981012356747, 0.000000000000000000 ) ) ;
#2532 = CARTESIAN_POINT ( 'NONE',  ( 1.750000000000000000, 1.100000000000000089, 0.1200000000000011890 ) ) ;
#2533 = ADVANCED_FACE ( 'NONE', ( #967 ), #340, .T. ) ;
#2534 = CARTESIAN_POINT ( 'NONE',  ( -0.1872189685392244562, 0.08952543156189141094, 0.000000000000000000 ) ) ;
#2535 = VERTEX_POINT ( 'NONE', #4129 ) ;
#2536 = LINE ( 'NONE', #214, #3002 ) ;
#2537 = CARTESIAN_POINT ( 'NONE',  ( 0.2328181113315277440, 0.2221445344628833196, 0.02999999999999999889 ) ) ;
#2538 = ORIENTED_EDGE ( 'NONE', *, *, #4809, .F. ) ;
#2539 = VECTOR ( 'NONE', #953, 1000.000000000000000 ) ;
#2540 = DIRECTION ( 'NONE',  ( 0.000000000000000000, -1.000000000000000000, 0.000000000000000000 ) ) ;
#2541 = ORIENTED_EDGE ( 'NONE', *, *, #3143, .T. ) ;
#2542 = CARTESIAN_POINT ( 'NONE',  ( 0.2259715416606001559, 0.2220624497666280617, 0.000000000000000000 ) ) ;
#2543 = EDGE_LOOP ( 'NONE', ( #2830, #2426, #2579, #2999 ) ) ;
#2544 = AXIS2_PLACEMENT_3D ( 'NONE', #2621, #4617, #3584 ) ;
#2545 = ADVANCED_FACE ( 'NONE', ( #2411 ), #5352, .F. ) ;
#2546 = FILL_AREA_STYLE_COLOUR ( '', #378 ) ;
#2547 = ORIENTED_EDGE ( 'NONE', *, *, #5863, .T. ) ;
#2548 =( NAMED_UNIT ( * ) SI_UNIT ( $, .STERADIAN. ) SOLID_ANGLE_UNIT ( ) );
#2549 = PRESENTATION_LAYER_ASSIGNMENT (  '', '', ( #2800 ) ) ;
#2550 = ORIENTED_EDGE ( 'NONE', *, *, #4511, .T. ) ;
#2551 = DIRECTION ( 'NONE',  ( -1.000000000000000000, 0.000000000000000000, 0.000000000000000000 ) ) ;
#2552 = DIRECTION ( 'NONE',  ( 0.4285960263555439465, -0.9034962347415942396, 0.000000000000000000 ) ) ;
#2553 = CARTESIAN_POINT ( 'NONE',  ( 0.2893363516985035799, 0.02550181433419072136, 0.02999999999999999889 ) ) ;
#2554 = PLANE ( 'NONE',  #3686 ) ;
#2555 = ORIENTED_EDGE ( 'NONE', *, *, #2095, .F. ) ;
#2556 = CARTESIAN_POINT ( 'NONE',  ( 0.3224815728699892969, 0.1168160088218576781, 0.000000000000000000 ) ) ;
#2557 = CARTESIAN_POINT ( 'NONE',  ( -1.000000000000000222, 0.4000000000000000777, 0.06999999999999986788 ) ) ;
#2558 = STYLED_ITEM ( 'NONE', ( #2870 ), #2202 ) ;
#2559 = DIRECTION ( 'NONE',  ( -1.548860246407863583E-16, 1.000000000000000000, 0.000000000000000000 ) ) ;
#2560 = VERTEX_POINT ( 'NONE', #3856 ) ;
#2561 = CARTESIAN_POINT ( 'NONE',  ( -0.06213381174539531898, 0.03752914984749868010, 0.000000000000000000 ) ) ;
#2562 = ADVANCED_FACE ( 'NONE', ( #1424 ), #5774, .T. ) ;
#2563 = DIRECTION ( 'NONE',  ( -0.000000000000000000, 1.000000000000000000, -0.000000000000000000 ) ) ;
#2564 = LINE ( 'NONE', #3465, #2090 ) ;
#2565 = CYLINDRICAL_SURFACE ( 'NONE', #3068, 0.1699999999999999845 ) ;
#2566 = SURFACE_SIDE_STYLE ('',( #5290 ) ) ;
#2567 = COLOUR_RGB ( '',1.000000000000000000, 1.000000000000000000, 1.000000000000000000 ) ;
#2568 = LINE ( 'NONE', #3196, #4126 ) ;
#2569 = UNCERTAINTY_MEASURE_WITH_UNIT (LENGTH_MEASURE( 1.000000000000000082E-05 ), #3028, 'distance_accuracy_value', 'NONE');
#2570 = EDGE_CURVE ( 'NONE', #1378, #4787, #4290, .T. ) ;
#2571 = CARTESIAN_POINT ( 'NONE',  ( -1.000000000000000000, -1.100000000000000089, -0.05000000000000012074 ) ) ;
#2572 = CARTESIAN_POINT ( 'NONE',  ( 0.3112910624704624540, 0.04258288988906891448, 3.388131789017201356E-18 ) ) ;
#2573 = ORIENTED_EDGE ( 'NONE', *, *, #1738, .F. ) ;
#2574 = CARTESIAN_POINT ( 'NONE',  ( -0.1831543900130765401, 0.07854737619768645263, 0.02999999999999999889 ) ) ;
#2575 = CARTESIAN_POINT ( 'NONE',  ( 0.3328973525302039160, 0.1586893582995322627, 0.000000000000000000 ) ) ;
#2576 = ADVANCED_FACE ( 'NONE', ( #5499 ), #4200, .T. ) ;
#2577 = CARTESIAN_POINT ( 'NONE',  ( 1.579999999999998961, 0.4000000000000000777, -0.05000000000000007910 ) ) ;
#2578 = ORIENTED_EDGE ( 'NONE', *, *, #4143, .F. ) ;
#2579 = ORIENTED_EDGE ( 'NONE', *, *, #5418, .F. ) ;
#2580 = VERTEX_POINT ( 'NONE', #1486 ) ;
#2581 = CARTESIAN_POINT ( 'NONE',  ( 1.579999999999998517, 0.4000000000000000777, 0.9499999999999999556 ) ) ;
#2582 = ORIENTED_EDGE ( 'NONE', *, *, #5553, .T. ) ;
#2583 = LINE ( 'NONE', #338, #3530 ) ;
#2584 = STYLED_ITEM ( 'NONE', ( #2481 ), #3095 ) ;
#2585 = CARTESIAN_POINT ( 'NONE',  ( -0.1957007843673969072, 0.06160120847874816369, 0.000000000000000000 ) ) ;
#2586 = CARTESIAN_POINT ( 'NONE',  ( -1.549999999999999822, -0.3999999999999999667, 0.8299999999999999600 ) ) ;
#2587 = ORIENTED_EDGE ( 'NONE', *, *, #672, .T. ) ;
#2588 = FACE_OUTER_BOUND ( 'NONE', #4904, .T. ) ;
#2589 = VERTEX_POINT ( 'NONE', #1441 ) ;
#2590 = FACE_OUTER_BOUND ( 'NONE', #957, .T. ) ;
#2591 = EDGE_LOOP ( 'NONE', ( #5217, #873, #4, #5103 ) ) ;
#2592 = B_SPLINE_CURVE_WITH_KNOTS ( 'NONE', 3,
 ( #5535, #4591, #589, #3597, #118, #5056, #3560, #608, #5081, #97, #5596, #4526, #3626, #3026, #673, #1092, #6041, #3090, #4028 ),
 .UNSPECIFIED., .F., .F.,
 ( 4, 1, 1, 1, 1, 1, 1, 1, 1, 1, 1, 1, 1, 1, 1, 1, 4 ),
 ( 0.000000000000000000, 0.06966280089907737894, 0.1377495622582731727, 0.2039167435177828003, 0.2687798623293363720, 0.3324137064772237915, 0.3947535404471397835, 0.4561800316591685389, 0.5169956491967199197, 0.5773959379659520108, 0.6371983435092756221, 0.6969991842614547961, 0.7567561942255596197, 0.8165539052726078495, 0.8769479965978702607, 0.9381317879205951504, 1.000000000000000000 ),
 .UNSPECIFIED. ) ;
#2593 = CARTESIAN_POINT ( 'NONE',  ( -1.579999999999999627, -0.4000000000000000222, 0.06999999999999986788 ) ) ;
#2594 = LINE ( 'NONE', #5490, #2907 ) ;
#2595 = CARTESIAN_POINT ( 'NONE',  ( -1.579999999999999849, -1.100000000000000089, 0.7800000000000000266 ) ) ;
#2596 = CARTESIAN_POINT ( 'NONE',  ( -0.1903096092440094422, 0.1168714109927062317, -0.000000000000000000 ) ) ;
#2597 = CARTESIAN_POINT ( 'NONE',  ( 0.2630844861722219652, 0.01521420568250002325, 3.388131789017201356E-18 ) ) ;
#2598 = ADVANCED_FACE ( 'NONE', ( #1352 ), #5883, .T. ) ;
#2599 = CARTESIAN_POINT ( 'NONE',  ( -0.1886198590634157735, 0.09541852061423301834, 0.02999999999999999889 ) ) ;
#2600 = FACE_OUTER_BOUND ( 'NONE', #4409, .T. ) ;
#2601 = AXIS2_PLACEMENT_3D ( 'NONE', #6269, #861, #5772 ) ;
#2602 = EDGE_CURVE ( 'NONE', #4680, #2975, #3264, .T. ) ;
#2603 = CARTESIAN_POINT ( 'NONE',  ( 1.579999999999999627, 0.4000000000000000777, 0.06999999999999986788 ) ) ;
#2604 = CARTESIAN_POINT ( 'NONE',  ( -1.579999999999999627, -1.100000000000000089, 0.8299999999999999600 ) ) ;
#2605 =( NAMED_UNIT ( * ) PLANE_ANGLE_UNIT ( ) SI_UNIT ( $, .RADIAN. ) );
#2606 = EDGE_CURVE ( 'NONE', #3989, #3120, #729, .T. ) ;
#2607 =( LENGTH_UNIT ( ) NAMED_UNIT ( * ) SI_UNIT ( .MILLI., .METRE. ) );
#2608 = CARTESIAN_POINT ( 'NONE',  ( -0.1148525477611395673, 0.01708872302870471233, 0.000000000000000000 ) ) ;
#2609 = DIRECTION ( 'NONE',  ( -0.000000000000000000, 1.000000000000000000, -0.000000000000000000 ) ) ;
#2610 = MECHANICAL_DESIGN_GEOMETRIC_PRESENTATION_REPRESENTATION (  '', ( #3869 ), #4851 ) ;
#2611 = ORIENTED_EDGE ( 'NONE', *, *, #5080, .T. ) ;
#2612 = LINE ( 'NONE', #1647, #3786 ) ;
#2613 = ORIENTED_EDGE ( 'NONE', *, *, #231, .F. ) ;
#2614 = DIRECTION ( 'NONE',  ( 0.000000000000000000, -1.000000000000000000, 0.000000000000000000 ) ) ;
#2615 = SURFACE_SIDE_STYLE ('',( #3737 ) ) ;
#2616 = CARTESIAN_POINT ( 'NONE',  ( 0.3072269209714563742, 0.03863214641756288620, 0.02999999999999999889 ) ) ;
#2617 = FILL_AREA_STYLE ('',( #5627 ) ) ;
#2618 = EDGE_CURVE ( 'NONE', #5999, #2181, #5980, .T. ) ;
#2619 = VERTEX_POINT ( 'NONE', #4943 ) ;
#2620 = CARTESIAN_POINT ( 'NONE',  ( 0.2752040597938092414, 0.2148357737754565122, 0.000000000000000000 ) ) ;
#2621 = CARTESIAN_POINT ( 'NONE',  ( -1.579999999999999849, 0.4000000000000000777, 0.7800000000000000266 ) ) ;
#2622 = MECHANICAL_DESIGN_GEOMETRIC_PRESENTATION_REPRESENTATION (  '', ( #2385 ), #4168 ) ;
#2623 = VECTOR ( 'NONE', #3812, 1000.000000000000000 ) ;
#2624 = CARTESIAN_POINT ( 'NONE',  ( -0.3651386194377030381, 0.1016317139500628047, 0.02999999999999999889 ) ) ;
#2625 = FILL_AREA_STYLE ('',( #2077 ) ) ;
#2626 = VERTEX_POINT ( 'NONE', #37 ) ;
#2627 = CARTESIAN_POINT ( 'NONE',  ( -0.08808222279308364211, 0.2169910396206230496, 0.02999999999999999889 ) ) ;
#2628 = ADVANCED_FACE ( 'NONE', ( #5114 ), #68, .F. ) ;
#2629 = EDGE_LOOP ( 'NONE', ( #6276, #218, #1584, #5791 ) ) ;
#2630 = CIRCLE ( 'NONE', #3097, 0.04999999999999995420 ) ;
#2631 = AXIS2_PLACEMENT_3D ( 'NONE', #2119, #684, #4577 ) ;
#2632 = B_SPLINE_CURVE_WITH_KNOTS ( 'NONE', 3,
 ( #1563, #5443, #2997, #3501, #1041, #4497, #1546, #2015, #6349, #5310, #4388, #3394, #453, #6309, #1928, #2905, #1460, #5346, #1375, #964, #5860, #1437, #432, #5392, #5366, #945, #3891 ),
 .UNSPECIFIED., .F., .F.,
 ( 4, 1, 1, 1, 1, 1, 1, 1, 1, 1, 1, 1, 1, 1, 1, 1, 1, 1, 1, 1, 1, 1, 1, 1, 4 ),
 ( 0.000000000000000000, 0.04608068338724800178, 0.09080679960761624259, 0.1342952705290696991, 0.1770243856662441773, 0.2188227336826556457, 0.2602441163273735425, 0.3010798671134451432, 0.3416138942851569826, 0.3815834185517459898, 0.4201195913296165152, 0.4580746185423134609, 0.4947384876076563742, 0.5311946228937135528, 0.5669336984503784427, 0.6027126507379957365, 0.6383266061284351700, 0.6748532488548240060, 0.7134673707840597512, 0.7544418038483806654, 0.7978153607124988111, 0.8439894562081102780, 0.8930715698796480861, 0.9449633461781439259, 1.000000000000000000 ),
 .UNSPECIFIED. ) ;
#2633 = DIRECTION ( 'NONE',  ( 0.000000000000000000, -0.09853005703411681082, 0.9951340753189258370 ) ) ;
#2634 = SURFACE_STYLE_FILL_AREA ( #72 ) ;
#2635 = COLOUR_RGB ( '',1.000000000000000000, 1.000000000000000000, 1.000000000000000000 ) ;
#2636 = MECHANICAL_DESIGN_GEOMETRIC_PRESENTATION_REPRESENTATION (  '', ( #4425 ), #2212 ) ;
#2637 = EDGE_CURVE ( 'NONE', #3325, #2589, #750, .T. ) ;
#2638 = FACE_OUTER_BOUND ( 'NONE', #4379, .T. ) ;
#2639 = CARTESIAN_POINT ( 'NONE',  ( 0.1455584959469123363, 0.05383523959108844209, 0.000000000000000000 ) ) ;
#2640 = CARTESIAN_POINT ( 'NONE',  ( 0.3170116892521288587, 0.1846029745701233404, 0.000000000000000000 ) ) ;
#2641 = SURFACE_SIDE_STYLE ('',( #1741 ) ) ;
#2642 = LINE ( 'NONE', #4799, #439 ) ;
#2643 = CARTESIAN_POINT ( 'NONE',  ( 0.3401665799735312246, 0.1288534099149464540, 0.000000000000000000 ) ) ;
#2644 = COLOUR_RGB ( '',1.000000000000000000, 1.000000000000000000, 1.000000000000000000 ) ;
#2645 = ORIENTED_EDGE ( 'NONE', *, *, #4017, .F. ) ;
#2646 = DIRECTION ( 'NONE',  ( 1.000000000000000000, 0.000000000000000000, 0.000000000000000000 ) ) ;
#2647 = EDGE_CURVE ( 'NONE', #1859, #3048, #1443, .T. ) ;
#2648 =( NAMED_UNIT ( * ) SI_UNIT ( $, .STERADIAN. ) SOLID_ANGLE_UNIT ( ) );
#2649 = AXIS2_PLACEMENT_3D ( 'NONE', #2122, #5586, #1602 ) ;
#2650 = CIRCLE ( 'NONE', #6059, 0.05000000000000002359 ) ;
#2651 = SURFACE_STYLE_USAGE ( .BOTH. , #5612 ) ;
#2652 = DIRECTION ( 'NONE',  ( 0.000000000000000000, 0.000000000000000000, 1.000000000000000000 ) ) ;
#2653 = CARTESIAN_POINT ( 'NONE',  ( -0.008287657899241539228, 0.1349650472833961445, 0.000000000000000000 ) ) ;
#2654 = VECTOR ( 'NONE', #1268, 1000.000000000000000 ) ;
#2655 = UNCERTAINTY_MEASURE_WITH_UNIT (LENGTH_MEASURE( 1.000000000000000082E-05 ), #5398, 'distance_accuracy_value', 'NONE');
#2656 = DIRECTION ( 'NONE',  ( 1.000000000000000000, 0.000000000000000000, 0.000000000000000000 ) ) ;
#2657 = EDGE_LOOP ( 'NONE', ( #2555, #6310, #5521, #1284 ) ) ;
#2658 = CARTESIAN_POINT ( 'NONE',  ( 1.580000000000000071, -0.4000000000000000222, 0.1199999999999998707 ) ) ;
#2659 = CARTESIAN_POINT ( 'NONE',  ( -0.1598219665627239328, 0.1803304087177835802, 0.000000000000000000 ) ) ;
#2660 = CARTESIAN_POINT ( 'NONE',  ( 0.1670303360112095903, 0.03226172586234721251, 0.02999999999999999889 ) ) ;
#2661 = ADVANCED_FACE ( 'NONE', ( #4219 ), #2739, .T. ) ;
#2662 = CARTESIAN_POINT ( 'NONE',  ( 1.000000000000000222, -1.100000000000000089, 0.06999999999999986788 ) ) ;
#2663 = ORIENTED_EDGE ( 'NONE', *, *, #1302, .F. ) ;
#2664 = ORIENTED_EDGE ( 'NONE', *, *, #5544, .T. ) ;
#2665 = ORIENTED_EDGE ( 'NONE', *, *, #5863, .F. ) ;
#2666 = VERTEX_POINT ( 'NONE', #2929 ) ;
#2667 = CARTESIAN_POINT ( 'NONE',  ( -0.3651386194377030381, 0.1016317139500628047, 0.02999999999999999889 ) ) ;
#2668 = LINE ( 'NONE', #1319, #2191 ) ;
#2669 = CARTESIAN_POINT ( 'NONE',  ( -0.008287657899241539228, 0.2170163293346781819, 0.02999999999999999889 ) ) ;
#2670 = CARTESIAN_POINT ( 'NONE',  ( -0.3298822091812927959, 0.1780339575398064145, 0.02999999999999999889 ) ) ;
#2671 = VECTOR ( 'NONE', #2149, 1000.000000000000000 ) ;
#2672 = ORIENTED_EDGE ( 'NONE', *, *, #4060, .T. ) ;
#2673 = CARTESIAN_POINT ( 'NONE',  ( 1.579999999999998517, 0.4000000000000000777, 0.9499999999999999556 ) ) ;
#2674 = VECTOR ( 'NONE', #424, 1000.000000000000000 ) ;
#2675 = AXIS2_PLACEMENT_3D ( 'NONE', #3270, #1317, #6277 ) ;
#2676 = DIRECTION ( 'NONE',  ( -0.000000000000000000, -0.000000000000000000, 1.000000000000000000 ) ) ;
#2677 = AXIS2_PLACEMENT_3D ( 'NONE', #1980, #542, #4477 ) ;
#2678 = MECHANICAL_DESIGN_GEOMETRIC_PRESENTATION_REPRESENTATION (  '', ( #2800 ), #3129 ) ;
#2679 = DIRECTION ( 'NONE',  ( 0.000000000000000000, 0.09812689387754343351, -0.9951739107803948547 ) ) ;
#2680 = PRESENTATION_STYLE_ASSIGNMENT (( #1216 ) ) ;
#2681 = FILL_AREA_STYLE_COLOUR ( '', #721 ) ;
#2682 = CARTESIAN_POINT ( 'NONE',  ( 0.1799031910837051162, 0.1857090284347707176, 0.000000000000000000 ) ) ;
#2683 = CARTESIAN_POINT ( 'NONE',  ( 0.2026151011864650020, 0.1970660559784057630, 0.000000000000000000 ) ) ;
#2684 = DIRECTION ( 'NONE',  ( -0.000000000000000000, -0.000000000000000000, -1.000000000000000000 ) ) ;
#2685 =( GEOMETRIC_REPRESENTATION_CONTEXT ( 3 ) GLOBAL_UNCERTAINTY_ASSIGNED_CONTEXT ( ( #4955 ) ) GLOBAL_UNIT_ASSIGNED_CONTEXT ( ( #3573, #5054, #4588 ) ) REPRESENTATION_CONTEXT ( 'NONE', 'WORKASPACE' ) );
#2686 = VERTEX_POINT ( 'NONE', #2911 ) ;
#2687 = EDGE_CURVE ( 'NONE', #2229, #3989, #909, .T. ) ;
#2688 = FACE_OUTER_BOUND ( 'NONE', #1407, .T. ) ;
#2689 = DIRECTION ( 'NONE',  ( 0.000000000000000000, -0.000000000000000000, 1.000000000000000000 ) ) ;
#2690 = CARTESIAN_POINT ( 'NONE',  ( 1.549999999999999822, -1.399999999999999911, 0.8299999999999999600 ) ) ;
#2691 = DIRECTION ( 'NONE',  ( -0.1371063245349692372, -0.09720021651107789429, 0.9857758232390928521 ) ) ;
#2692 = CARTESIAN_POINT ( 'NONE',  ( -1.579999999999999849, 0.4000000000000000777, 0.7800000000000000266 ) ) ;
#2693 = VERTEX_POINT ( 'NONE', #2954 ) ;
#2694 = DIRECTION ( 'NONE',  ( -0.000000000000000000, -0.000000000000000000, -1.000000000000000000 ) ) ;
#2695 = DIRECTION ( 'NONE',  ( -1.000000000000000000, 0.000000000000000000, 0.000000000000000000 ) ) ;
#2696 = DIRECTION ( 'NONE',  ( -1.000000000000000000, 0.000000000000000000, 0.000000000000000000 ) ) ;
#2697 = ADVANCED_FACE ( 'NONE', ( #4833 ), #2096, .F. ) ;
#2698 = VERTEX_POINT ( 'NONE', #6071 ) ;
#2699 = EDGE_CURVE ( 'NONE', #2666, #2580, #5509, .T. ) ;
#2700 = COLOUR_RGB ( '',0.7960784313725489669, 0.8235294117647058432, 0.9372549019607843146 ) ;
#2701 =( LENGTH_UNIT ( ) NAMED_UNIT ( * ) SI_UNIT ( .MILLI., .METRE. ) );
#2702 = UNCERTAINTY_MEASURE_WITH_UNIT (LENGTH_MEASURE( 1.000000000000000082E-05 ), #5158, 'distance_accuracy_value', 'NONE');
#2703 = DIRECTION ( 'NONE',  ( 0.000000000000000000, 0.000000000000000000, 1.000000000000000000 ) ) ;
#2704 = ORIENTED_EDGE ( 'NONE', *, *, #6087, .F. ) ;
#2705 = DIRECTION ( 'NONE',  ( -1.000000000000000000, 0.000000000000000000, 0.000000000000000000 ) ) ;
#2706 = PLANE ( 'NONE',  #644 ) ;
#2707 = CARTESIAN_POINT ( 'NONE',  ( 1.629999999999999893, 1.100000000000000089, 0.7799999999999996936 ) ) ;
#2708 = ORIENTED_EDGE ( 'NONE', *, *, #2860, .F. ) ;
#2709 = ORIENTED_EDGE ( 'NONE', *, *, #6274, .F. ) ;
#2710 = CARTESIAN_POINT ( 'NONE',  ( -0.1805560340468553293, 0.07343087141642493099, 0.02999999999999999889 ) ) ;
#2711 = DIRECTION ( 'NONE',  ( -0.000000000000000000, 1.000000000000000000, -0.000000000000000000 ) ) ;
#2712 = MECHANICAL_DESIGN_GEOMETRIC_PRESENTATION_REPRESENTATION (  '', ( #6151 ), #2755 ) ;
#2713 = CARTESIAN_POINT ( 'NONE',  ( -1.000000000000000222, -0.4000000000000000222, 0.06999999999999986788 ) ) ;
#2714 = FACE_OUTER_BOUND ( 'NONE', #5030, .T. ) ;
#2715 = CARTESIAN_POINT ( 'NONE',  ( -1.750000000000000000, -0.4000000000000000222, 0.1200000000000011890 ) ) ;
#2716 = VERTEX_POINT ( 'NONE', #636 ) ;
#2717 = DIRECTION ( 'NONE',  ( 0.08783850510542892676, 0.09774760677633483053, 0.9913272932741953314 ) ) ;
#2718 =( NAMED_UNIT ( * ) SI_UNIT ( $, .STERADIAN. ) SOLID_ANGLE_UNIT ( ) );
#2719 = ORIENTED_EDGE ( 'NONE', *, *, #113, .F. ) ;
#2720 = PRESENTATION_LAYER_ASSIGNMENT (  '', '', ( #627 ) ) ;
#2721 =( NAMED_UNIT ( * ) PLANE_ANGLE_UNIT ( ) SI_UNIT ( $, .RADIAN. ) );
#2722 = AXIS2_PLACEMENT_3D ( 'NONE', #1712, #5654, #4683 ) ;
#2723 = CARTESIAN_POINT ( 'NONE',  ( -1.579999999999999849, -1.100000000000000089, 0.7800000000000000266 ) ) ;
#2724 = VECTOR ( 'NONE', #5642, 1000.000000000000000 ) ;
#2725 = VECTOR ( 'NONE', #1556, 1000.000000000000000 ) ;
#2726 = EDGE_CURVE ( 'NONE', #5476, #778, #3674, .T. ) ;
#2727 = DIRECTION ( 'NONE',  ( 0.000000000000000000, 0.000000000000000000, 1.000000000000000000 ) ) ;
#2728 = CARTESIAN_POINT ( 'NONE',  ( 0.1885351250192765782, 0.1909398193425108636, 0.000000000000000000 ) ) ;
#2729 = CARTESIAN_POINT ( 'NONE',  ( 0.1719215773292511462, 0.1794999629854184819, 0.000000000000000000 ) ) ;
#2730 = ADVANCED_FACE ( 'NONE', ( #4133 ), #4035, .F. ) ;
#2731 = CARTESIAN_POINT ( 'NONE',  ( 0.5776535529154035453, 1.318617987725853702, 0.008057782875491416655 ) ) ;
#2732 = LINE ( 'NONE', #704, #1515 ) ;
#2733 = EDGE_CURVE ( 'NONE', #5241, #380, #1726, .T. ) ;
#2734 = FILL_AREA_STYLE ('',( #5147 ) ) ;
#2735 = CARTESIAN_POINT ( 'NONE',  ( -0.1764648443157582902, 0.1632343151376881019, 0.02999999999999999889 ) ) ;
#2736 = AXIS2_PLACEMENT_3D ( 'NONE', #5554, #4047, #1655 ) ;
#2737 =( LENGTH_UNIT ( ) NAMED_UNIT ( * ) SI_UNIT ( .MILLI., .METRE. ) );
#2738 = CARTESIAN_POINT ( 'NONE',  ( -1.750000000000000000, 1.100000000000000089, 0.1200000000000011890 ) ) ;
#2739 = CYLINDRICAL_SURFACE ( 'NONE', #2074, 0.1700000000000000122 ) ;
#2740 = ORIENTED_EDGE ( 'NONE', *, *, #3527, .F. ) ;
#2741 = ORIENTED_EDGE ( 'NONE', *, *, #1123, .T. ) ;
#2742 = ORIENTED_EDGE ( 'NONE', *, *, #4314, .T. ) ;
#2743 = ORIENTED_EDGE ( 'NONE', *, *, #3534, .F. ) ;
#2744 = VECTOR ( 'NONE', #3733, 1000.000000000000000 ) ;
#2745 = EDGE_LOOP ( 'NONE', ( #678, #4859, #4011, #1341, #3708, #4450, #3378, #26, #3205, #5568, #3716, #1562 ) ) ;
#2746 = DIRECTION ( 'NONE',  ( 0.000000000000000000, -1.000000000000000000, 0.000000000000000000 ) ) ;
#2747 = FACE_OUTER_BOUND ( 'NONE', #6316, .T. ) ;
#2748 = VERTEX_POINT ( 'NONE', #4085 ) ;
#2749 = CARTESIAN_POINT ( 'NONE',  ( -0.06213381174539531898, 0.1965035088218576864, 0.000000000000000000 ) ) ;
#2750 = CARTESIAN_POINT ( 'NONE',  ( -0.1296289682961117851, 0.2143059276392432766, 0.000000000000000000 ) ) ;
#2751 = VECTOR ( 'NONE', #2711, 1000.000000000000000 ) ;
#2752 = ORIENTED_EDGE ( 'NONE', *, *, #3376, .F. ) ;
#2753 = CARTESIAN_POINT ( 'NONE',  ( 1.579999999999999849, -0.4000000000000000222, 0.7800000000000000266 ) ) ;
#2754 = CARTESIAN_POINT ( 'NONE',  ( 0.1619314851287003698, 0.1979984622773851011, 0.000000000000000000 ) ) ;
#2755 =( GEOMETRIC_REPRESENTATION_CONTEXT ( 3 ) GLOBAL_UNCERTAINTY_ASSIGNED_CONTEXT ( ( #5435 ) ) GLOBAL_UNIT_ASSIGNED_CONTEXT ( ( #5105, #2141, #4659 ) ) REPRESENTATION_CONTEXT ( 'NONE', 'WORKASPACE' ) );
#2756 = LINE ( 'NONE', #1204, #2671 ) ;
#2757 = CARTESIAN_POINT ( 'NONE',  ( -0.1903389399505236446, 0.1145323549757038262, 0.02999999999999999889 ) ) ;
#2758 = CARTESIAN_POINT ( 'NONE',  ( 0.3224815728699892969, 0.1168160088218576781, 0.000000000000000000 ) ) ;
#2759 = LINE ( 'NONE', #192, #1603 ) ;
#2760 =( NAMED_UNIT ( * ) PLANE_ANGLE_UNIT ( ) SI_UNIT ( $, .RADIAN. ) );
#2761 = CARTESIAN_POINT ( 'NONE',  ( 0.1531841885794856806, 0.1897358248334378716, 0.000000000000000000 ) ) ;
#2762 = DIRECTION ( 'NONE',  ( -0.000000000000000000, -0.000000000000000000, -1.000000000000000000 ) ) ;
#2763 = CARTESIAN_POINT ( 'NONE',  ( 0.3081439627525271452, 0.1644811765391102354, 0.02999999999999999889 ) ) ;
#2764 = PRESENTATION_LAYER_ASSIGNMENT (  '', '', ( #471 ) ) ;
#2765 = FILL_AREA_STYLE_COLOUR ( '', #5324 ) ;
#2766 = ADVANCED_FACE ( 'NONE', ( #4514 ), #3014, .F. ) ;
#2767 = ORIENTED_EDGE ( 'NONE', *, *, #5338, .F. ) ;
#2768 = CARTESIAN_POINT ( 'NONE',  ( 0.1940327520336621592, 0.2159891104557121744, 0.000000000000000000 ) ) ;
#2769 = LINE ( 'NONE', #3662, #3859 ) ;
#2770 = ORIENTED_EDGE ( 'NONE', *, *, #2523, .F. ) ;
#2771 = CARTESIAN_POINT ( 'NONE',  ( 0.1846282948735586127, 0.04530340640330819679, 0.02999999999999999889 ) ) ;
#2772 = DIRECTION ( 'NONE',  ( -0.000000000000000000, 1.000000000000000000, -0.000000000000000000 ) ) ;
#2773 = CARTESIAN_POINT ( 'NONE',  ( 0.1623839606295379434, 0.1696335788927941235, 0.02999999999999999889 ) ) ;
#2774 = CARTESIAN_POINT ( 'NONE',  ( 0.1667022764679322033, 0.2016935008722218203, 0.02999999999999999889 ) ) ;
#2775 = EDGE_CURVE ( 'NONE', #1737, #4135, #4442, .T. ) ;
#2776 = ORIENTED_EDGE ( 'NONE', *, *, #5713, .F. ) ;
#2777 = EDGE_CURVE ( 'NONE', #1826, #1248, #4974, .T. ) ;
#2778 = SURFACE_SIDE_STYLE ('',( #616 ) ) ;
#2779 = LINE ( 'NONE', #3981, #6185 ) ;
#2780 =( NAMED_UNIT ( * ) SI_UNIT ( $, .STERADIAN. ) SOLID_ANGLE_UNIT ( ) );
#2781 = VERTEX_POINT ( 'NONE', #3524 ) ;
#2782 = CARTESIAN_POINT ( 'NONE',  ( -0.07619631174539540086, 0.1965035088218576864, 0.02999999999999999889 ) ) ;
#2783 = VECTOR ( 'NONE', #3993, 1000.000000000000000 ) ;
#2784 = ORIENTED_EDGE ( 'NONE', *, *, #4963, .F. ) ;
#2785 = VERTEX_POINT ( 'NONE', #1037 ) ;
#2786 = EDGE_CURVE ( 'NONE', #4787, #3934, #1811, .T. ) ;
#2787 = CARTESIAN_POINT ( 'NONE',  ( -0.1480312476428312374, 0.2098047908731397182, 0.000000000000000000 ) ) ;
#2788 = CARTESIAN_POINT ( 'NONE',  ( -0.1851922230187118823, 0.04614783006350815092, 1.355252715606880543E-17 ) ) ;
#2789 = ORIENTED_EDGE ( 'NONE', *, *, #5633, .T. ) ;
#2790 = CARTESIAN_POINT ( 'NONE',  ( 0.1612636241520405689, 0.06573427805262690993, 0.02999999999999999889 ) ) ;
#2791 = CARTESIAN_POINT ( 'NONE',  ( -0.1046748063795661376, 0.2166323862451899063, 0.000000000000000000 ) ) ;
#2792 = ADVANCED_FACE ( 'NONE', ( #3620 ), #6152, .T. ) ;
#2793 = CARTESIAN_POINT ( 'NONE',  ( 0.1574677016386398509, 0.1939756874605046699, 0.02999999999999999889 ) ) ;
#2794 = PRESENTATION_STYLE_ASSIGNMENT (( #4870 ) ) ;
#2795 = PRESENTATION_LAYER_ASSIGNMENT (  '', '', ( #3349 ) ) ;
#2796 = DIRECTION ( 'NONE',  ( -0.000000000000000000, -0.000000000000000000, -1.000000000000000000 ) ) ;
#2797 = CARTESIAN_POINT ( 'NONE',  ( -0.1961561027527411183, 0.1680639748717461801, 0.02999999999999999889 ) ) ;
#2798 = VECTOR ( 'NONE', #1505, 1000.000000000000000 ) ;
#2799 = DIRECTION ( 'NONE',  ( -1.000000000000000000, -1.548860246407863583E-16, -0.000000000000000000 ) ) ;
#2800 = STYLED_ITEM ( 'NONE', ( #1054 ), #777 ) ;
#2801 = DIRECTION ( 'NONE',  ( 1.000000000000000000, 0.000000000000000000, 0.000000000000000000 ) ) ;
#2802 = COLOUR_RGB ( '',0.7960784313725489669, 0.8235294117647058432, 0.9372549019607843146 ) ;
#2803 = CARTESIAN_POINT ( 'NONE',  ( 1.579999999999999849, -1.100000000000000089, 0.7800000000000000266 ) ) ;
#2804 = LINE ( 'NONE', #2738, #5909 ) ;
#2805 = PRESENTATION_LAYER_ASSIGNMENT (  '', '', ( #6250 ) ) ;
#2806 = DIRECTION ( 'NONE',  ( -1.000000000000000000, 0.000000000000000000, -3.285461128743965351E-16 ) ) ;
#2807 = CARTESIAN_POINT ( 'NONE',  ( 0.1763084857130435834, 0.05105757082658883561, 0.000000000000000000 ) ) ;
#2808 = CARTESIAN_POINT ( 'NONE',  ( -0.2066205693560227430, 0.09300277690814381937, 0.02999999999999999889 ) ) ;
#2809 = LINE ( 'NONE', #5751, #6376 ) ;
#2810 = LINE ( 'NONE', #1148, #5044 ) ;
#2811 = EDGE_CURVE ( 'NONE', #2939, #2401, #4246, .T. ) ;
#2812 = CARTESIAN_POINT ( 'NONE',  ( 0.1681900548780425053, 0.1760105194755488822, 0.02999999999999999889 ) ) ;
#2813 = SURFACE_STYLE_FILL_AREA ( #4621 ) ;
#2814 = FILL_AREA_STYLE ('',( #6258 ) ) ;
#2815 = CARTESIAN_POINT ( 'NONE',  ( 0.1531841885794856806, 0.1897358248334378716, 0.000000000000000000 ) ) ;
#2816 = ORIENTED_EDGE ( 'NONE', *, *, #5146, .T. ) ;
#2817 = VECTOR ( 'NONE', #5051, 1000.000000000000000 ) ;
#2818 = CARTESIAN_POINT ( 'NONE',  ( 0.2970782097556304291, 0.05645162281448627695, 0.02999999999999999889 ) ) ;
#2819 = CARTESIAN_POINT ( 'NONE',  ( -0.4041610553351390189, 0.01701632933467818118, 0.02999999999999999889 ) ) ;
#2820 = CARTESIAN_POINT ( 'NONE',  ( -1.579999999999999627, -0.4000000000000000222, 0.8299999999999999600 ) ) ;
#2821 = ORIENTED_EDGE ( 'NONE', *, *, #1916, .T. ) ;
#2822 = PRESENTATION_LAYER_ASSIGNMENT (  '', '', ( #2484 ) ) ;
#2823 = DIRECTION ( 'NONE',  ( -0.000000000000000000, -0.000000000000000000, -1.000000000000000000 ) ) ;
#2824 = VERTEX_POINT ( 'NONE', #4124 ) ;
#2825 = ORIENTED_EDGE ( 'NONE', *, *, #2014, .T. ) ;
#2826 = VECTOR ( 'NONE', #3322, 1000.000000000000000 ) ;
#2827 = EDGE_LOOP ( 'NONE', ( #1285, #5551, #451, #2186 ) ) ;
#2828 = CARTESIAN_POINT ( 'NONE',  ( -1.579999999999999849, 1.100000000000000089, 0.7800000000000000266 ) ) ;
#2829 = FACE_OUTER_BOUND ( 'NONE', #3084, .T. ) ;
#2830 = ORIENTED_EDGE ( 'NONE', *, *, #4432, .T. ) ;
#2831 = CARTESIAN_POINT ( 'NONE',  ( 0.000000000000000000, 0.000000000000000000, 1.800000000000000044 ) ) ;
#2832 = CARTESIAN_POINT ( 'NONE',  ( -0.1994211974875719495, 0.1613019686606612380, 0.000000000000000000 ) ) ;
#2833 = CARTESIAN_POINT ( 'NONE',  ( -0.1046745016320214661, 0.1957487866150913747, 0.02999999999999999889 ) ) ;
#2834 = CARTESIAN_POINT ( 'NONE',  ( 0.1684238245413893220, 0.05787404698433836620, 0.02999999999999999889 ) ) ;
#2835 = CARTESIAN_POINT ( 'NONE',  ( -0.06213381174539531898, 0.1965035088218576864, 0.02999999999999999889 ) ) ;
#2836 = CARTESIAN_POINT ( 'NONE',  ( -0.1121933175382087561, 0.03820083083016573983, 0.02999999999999999889 ) ) ;
#2837 = AXIS2_PLACEMENT_3D ( 'NONE', #2624, #6096, #193 ) ;
#2838 = CARTESIAN_POINT ( 'NONE',  ( -1.579999999999999849, 0.4000000000000000777, 0.7800000000000000266 ) ) ;
#2839 = CARTESIAN_POINT ( 'NONE',  ( 0.3162239594065519577, 0.08367486417016700706, 0.02999999999999999889 ) ) ;
#2840 = CARTESIAN_POINT ( 'NONE',  ( 0.3635072138956303434, 0.01701632933467818118, 0.000000000000000000 ) ) ;
#2841 = DIRECTION ( 'NONE',  ( 0.2159927626290408520, 0.000000000000000000, -0.9763949643929319411 ) ) ;
#2842 = ORIENTED_EDGE ( 'NONE', *, *, #70, .F. ) ;
#2843 = DIRECTION ( 'NONE',  ( 0.000000000000000000, 0.000000000000000000, 1.000000000000000000 ) ) ;
#2844 = DIRECTION ( 'NONE',  ( -0.6683997558842921238, -0.7438022360371194797, 0.000000000000000000 ) ) ;
#2845 = AXIS2_PLACEMENT_3D ( 'NONE', #2831, #401, #3315 ) ;
#2846 = ORIENTED_EDGE ( 'NONE', *, *, #3016, .T. ) ;
#2847 = CARTESIAN_POINT ( 'NONE',  ( -0.2082469489365936233, 0.1173387542007368889, 0.000000000000000000 ) ) ;
#2848 = PRESENTATION_LAYER_ASSIGNMENT (  '', '', ( #2517 ) ) ;
#2849 = EDGE_CURVE ( 'NONE', #1334, #6200, #4781, .T. ) ;
#2850 = LINE ( 'NONE', #1151, #3075 ) ;
#2851 = CARTESIAN_POINT ( 'NONE',  ( 0.3342427584594107604, 0.07945105821566765536, 0.000000000000000000 ) ) ;
#2852 = CARTESIAN_POINT ( 'NONE',  ( 0.1933902746566922293, 0.04055681852315199537, 0.02999999999999999889 ) ) ;
#2853 = DIRECTION ( 'NONE',  ( -0.9904658293696886329, 0.000000000000000000, -0.1377586325825530533 ) ) ;
#2854 = ORIENTED_EDGE ( 'NONE', *, *, #3362, .F. ) ;
#2855 = DIRECTION ( 'NONE',  ( 0.000000000000000000, -0.000000000000000000, 1.000000000000000000 ) ) ;
#2856 = EDGE_CURVE ( 'NONE', #4003, #3593, #930, .T. ) ;
#2857 = CARTESIAN_POINT ( 'NONE',  ( -0.1376727199323797002, 0.04128460491591174480, 0.02999999999999999889 ) ) ;
#2858 = UNCERTAINTY_MEASURE_WITH_UNIT (LENGTH_MEASURE( 1.000000000000000082E-05 ), #5118, 'distance_accuracy_value', 'NONE');
#2859 = EDGE_CURVE ( 'NONE', #2781, #258, #2448, .T. ) ;
#2860 = EDGE_CURVE ( 'NONE', #1415, #4758, #2293, .T. ) ;
#2861 = ORIENTED_EDGE ( 'NONE', *, *, #5802, .T. ) ;
#2862 = CARTESIAN_POINT ( 'NONE',  ( 0.2358669550684054927, 0.03246008821096201674, 0.02999999999999999889 ) ) ;
#2863 = CARTESIAN_POINT ( 'NONE',  ( 0.2358669550684054927, 0.03246008821096201674, 0.000000000000000000 ) ) ;
#2864 = CARTESIAN_POINT ( 'NONE',  ( 0.2737618058126815579, 0.1929684756808926482, 0.000000000000000000 ) ) ;
#2865 = CARTESIAN_POINT ( 'NONE',  ( 0.1667022764679322033, 0.2016935008722218203, 0.000000000000000000 ) ) ;
#2866 = ORIENTED_EDGE ( 'NONE', *, *, #6377, .T. ) ;
#2867 = LINE ( 'NONE', #1046, #3017 ) ;
#2868 = VERTEX_POINT ( 'NONE', #5608 ) ;
#2869 = CARTESIAN_POINT ( 'NONE',  ( -0.1614354221661812028, 0.2038905908126788513, 0.000000000000000000 ) ) ;
#2870 = PRESENTATION_STYLE_ASSIGNMENT (( #5482 ) ) ;
#2871 = CARTESIAN_POINT ( 'NONE',  ( 1.579999999999999627, -1.100000000000000089, 0.06999999999999986788 ) ) ;
#2872 = CARTESIAN_POINT ( 'NONE',  ( 0.3402139317572497879, 0.1080219635787161431, 0.02999999999999999889 ) ) ;
#2873 = CARTESIAN_POINT ( 'NONE',  ( -0.1986750631421097257, 0.06739649281637533074, 1.355252715606880543E-17 ) ) ;
#2874 = ORIENTED_EDGE ( 'NONE', *, *, #5948, .F. ) ;
#2875 = CARTESIAN_POINT ( 'NONE',  ( -0.09486838081113731225, 0.2169421800246819632, 0.000000000000000000 ) ) ;
#2876 = DIRECTION ( 'NONE',  ( -0.000000000000000000, 1.000000000000000000, -0.000000000000000000 ) ) ;
#2877 = FACE_OUTER_BOUND ( 'NONE', #4222, .T. ) ;
#2878 = LINE ( 'NONE', #654, #1269 ) ;
#2879 = PRESENTATION_LAYER_ASSIGNMENT (  '', '', ( #5617 ) ) ;
#2880 = CARTESIAN_POINT ( 'NONE',  ( 0.2339399062033226118, 0.2016317139500628242, 0.000000000000000000 ) ) ;
#2881 = DIRECTION ( 'NONE',  ( -1.000000000000000000, 0.000000000000000000, -3.285461128743965351E-16 ) ) ;
#2882 = DIRECTION ( 'NONE',  ( 0.000000000000000000, -1.000000000000000000, 0.000000000000000000 ) ) ;
#2883 = MECHANICAL_DESIGN_GEOMETRIC_PRESENTATION_REPRESENTATION (  '', ( #6205 ), #5328 ) ;
#2884 = AXIS2_PLACEMENT_3D ( 'NONE', #1572, #3599, #6024 ) ;
#2885 = FACE_OUTER_BOUND ( 'NONE', #5500, .T. ) ;
#2886 = CARTESIAN_POINT ( 'NONE',  ( -0.04418509379667742709, 0.01701632933467818118, 0.000000000000000000 ) ) ;
#2887 = COLOUR_RGB ( '',0.7960784313725489669, 0.8235294117647058432, 0.9372549019607843146 ) ;
#2888 = MECHANICAL_DESIGN_GEOMETRIC_PRESENTATION_REPRESENTATION (  '', ( #5669 ), #4238 ) ;
#2889 = DIRECTION ( 'NONE',  ( -0.000000000000000000, 1.000000000000000000, -0.000000000000000000 ) ) ;
#2890 = EDGE_LOOP ( 'NONE', ( #3806, #5179, #5417, #4027 ) ) ;
#2891 = CARTESIAN_POINT ( 'NONE',  ( -0.1677436098358698890, 0.03075110088486468843, 0.02999999999999999889 ) ) ;
#2892 = EDGE_LOOP ( 'NONE', ( #4301, #5052, #133, #4540, #5955, #5565, #5893, #2313, #4458, #2516, #1912, #2152 ) ) ;
#2893 = CARTESIAN_POINT ( 'NONE',  ( -0.1462621221020835305, 0.2103896976407123864, 0.000000000000000000 ) ) ;
#2894 = VERTEX_POINT ( 'NONE', #745 ) ;
#2895 = CARTESIAN_POINT ( 'NONE',  ( -1.579999999999999849, 1.100000000000000089, 0.9499999999999999556 ) ) ;
#2896 = VERTEX_POINT ( 'NONE', #2669 ) ;
#2897 = CYLINDRICAL_SURFACE ( 'NONE', #959, 0.1699999999999999567 ) ;
#2898 = DIRECTION ( 'NONE',  ( 0.000000000000000000, -1.000000000000000000, 0.000000000000000000 ) ) ;
#2899 = EDGE_LOOP ( 'NONE', ( #3956, #2501, #216, #5019 ) ) ;
#2900 = ADVANCED_FACE ( 'NONE', ( #18 ), #3702, .F. ) ;
#2901 = LINE ( 'NONE', #264, #923 ) ;
#2902 = ORIENTED_EDGE ( 'NONE', *, *, #6015, .F. ) ;
#2903 = SURFACE_SIDE_STYLE ('',( #5107 ) ) ;
#2904 = CARTESIAN_POINT ( 'NONE',  ( 0.2629444914205252837, 0.1972416330399576756, 0.02999999999999999889 ) ) ;
#2905 = CARTESIAN_POINT ( 'NONE',  ( -0.1724774984515205778, 0.03401718973332478607, 0.02999999999999999889 ) ) ;
#2906 = CARTESIAN_POINT ( 'NONE',  ( 0.1534274332116508655, 0.04436378999557335362, 0.000000000000000000 ) ) ;
#2907 = VECTOR ( 'NONE', #3949, 1000.000000000000000 ) ;
#2908 = EDGE_CURVE ( 'NONE', #2693, #4575, #2373, .T. ) ;
#2909 = VECTOR ( 'NONE', #5632, 1000.000000000000000 ) ;
#2910 = CARTESIAN_POINT ( 'NONE',  ( 0.3224815728699892969, 0.1168160088218576781, 0.02999999999999999889 ) ) ;
#2911 = CARTESIAN_POINT ( 'NONE',  ( 1.000000000000000222, 1.100000000000000089, 0.06999999999999986788 ) ) ;
#2912 = SURFACE_STYLE_FILL_AREA ( #831 ) ;
#2913 = PRESENTATION_STYLE_ASSIGNMENT (( #3700 ) ) ;
#2914 =( LENGTH_UNIT ( ) NAMED_UNIT ( * ) SI_UNIT ( .MILLI., .METRE. ) );
#2915 = ORIENTED_EDGE ( 'NONE', *, *, #231, .T. ) ;
#2916 = CARTESIAN_POINT ( 'NONE',  ( 0.3404302908187072374, 0.1181781883090371604, 0.02999999999999999889 ) ) ;
#2917 = CARTESIAN_POINT ( 'NONE',  ( -0.1515834545129647881, 0.02298438811116405509, 1.355252715606880543E-17 ) ) ;
#2918 = CARTESIAN_POINT ( 'NONE',  ( -0.1425210112112701988, 0.2116265805118687782, 0.000000000000000000 ) ) ;
#2919 = CARTESIAN_POINT ( 'NONE',  ( -0.07619631174539540086, 0.1965035088218576864, 0.000000000000000000 ) ) ;
#2920 =( GEOMETRIC_REPRESENTATION_CONTEXT ( 3 ) GLOBAL_UNCERTAINTY_ASSIGNED_CONTEXT ( ( #5148 ) ) GLOBAL_UNIT_ASSIGNED_CONTEXT ( ( #5858, #6347, #6368 ) ) REPRESENTATION_CONTEXT ( 'NONE', 'WORKASPACE' ) );
#2921 = VERTEX_POINT ( 'NONE', #3676 ) ;
#2922 = PRESENTATION_STYLE_ASSIGNMENT (( #5223 ) ) ;
#2923 = DIRECTION ( 'NONE',  ( -1.807003620809174188E-15, 0.000000000000000000, -1.000000000000000000 ) ) ;
#2924 = CARTESIAN_POINT ( 'NONE',  ( 0.2513758804057555363, 0.01306652161862246683, 3.388131789017201356E-18 ) ) ;
#2925 = CARTESIAN_POINT ( 'NONE',  ( -0.1742027419311885372, 0.06407670243337998395, 0.000000000000000000 ) ) ;
#2926 = ORIENTED_EDGE ( 'NONE', *, *, #1662, .T. ) ;
#2927 = AXIS2_PLACEMENT_3D ( 'NONE', #3861, #4805, #3833 ) ;
#2928 = CIRCLE ( 'NONE', #1893, 0.1699999999999999845 ) ;
#2929 = CARTESIAN_POINT ( 'NONE',  ( 1.750000000000000000, 0.4000000000000000777, 0.1200000000000011890 ) ) ;
#2930 =( GEOMETRIC_REPRESENTATION_CONTEXT ( 3 ) GLOBAL_UNCERTAINTY_ASSIGNED_CONTEXT ( ( #2502 ) ) GLOBAL_UNIT_ASSIGNED_CONTEXT ( ( #3464, #4410, #2477 ) ) REPRESENTATION_CONTEXT ( 'NONE', 'WORKASPACE' ) );
#2931 = ORIENTED_EDGE ( 'NONE', *, *, #4398, .F. ) ;
#2932 = EDGE_CURVE ( 'NONE', #347, #3687, #6092, .T. ) ;
#2933 =( NAMED_UNIT ( * ) SI_UNIT ( $, .STERADIAN. ) SOLID_ANGLE_UNIT ( ) );
#2934 = UNCERTAINTY_MEASURE_WITH_UNIT (LENGTH_MEASURE( 1.000000000000000082E-05 ), #2353, 'distance_accuracy_value', 'NONE');
#2935 = DIRECTION ( 'NONE',  ( -0.000000000000000000, 1.000000000000000000, -0.000000000000000000 ) ) ;
#2936 = CARTESIAN_POINT ( 'NONE',  ( -0.1376727199323797002, 0.04128460491591174480, 0.02999999999999999889 ) ) ;
#2937 = ORIENTED_EDGE ( 'NONE', *, *, #4556, .F. ) ;
#2938 = EDGE_CURVE ( 'NONE', #419, #752, #4699, .T. ) ;
#2939 = VERTEX_POINT ( 'NONE', #1234 ) ;
#2940 = CARTESIAN_POINT ( 'NONE',  ( 0.1574677016386398509, 0.1939756874605046699, 0.000000000000000000 ) ) ;
#2941 =( GEOMETRIC_REPRESENTATION_CONTEXT ( 3 ) GLOBAL_UNCERTAINTY_ASSIGNED_CONTEXT ( ( #3623 ) ) GLOBAL_UNIT_ASSIGNED_CONTEXT ( ( #552, #570, #1481 ) ) REPRESENTATION_CONTEXT ( 'NONE', 'WORKASPACE' ) );
#2942 = FILL_AREA_STYLE ('',( #4989 ) ) ;
#2943 = DIRECTION ( 'NONE',  ( 0.000000000000000000, 0.000000000000000000, 1.000000000000000000 ) ) ;
#2944 = ORIENTED_EDGE ( 'NONE', *, *, #5759, .T. ) ;
#2945 = FACE_OUTER_BOUND ( 'NONE', #3019, .T. ) ;
#2946 = CARTESIAN_POINT ( 'NONE',  ( 0.2835265681794501558, 0.04586509099680551038, 0.000000000000000000 ) ) ;
#2947 = DIRECTION ( 'NONE',  ( 0.000000000000000000, 1.000000000000000000, 0.000000000000000000 ) ) ;
#2948 = CARTESIAN_POINT ( 'NONE',  ( 0.3161130849130437959, 0.1499711039887252628, 0.02999999999999999889 ) ) ;
#2949 =( NAMED_UNIT ( * ) PLANE_ANGLE_UNIT ( ) SI_UNIT ( $, .RADIAN. ) );
#2950 = CARTESIAN_POINT ( 'NONE',  ( 0.2303062493071022787, 0.01191383614149920875, 0.000000000000000000 ) ) ;
#2951 = FACE_OUTER_BOUND ( 'NONE', #5730, .T. ) ;
#2952 = FACE_OUTER_BOUND ( 'NONE', #2745, .T. ) ;
#2953 = DIRECTION ( 'NONE',  ( -0.4190581774617470057, -0.9079593845004516606, 0.000000000000000000 ) ) ;
#2954 = CARTESIAN_POINT ( 'NONE',  ( -1.199999999999999956, 0.000000000000000000, 1.830000000000000071 ) ) ;
#2955 = LINE ( 'NONE', #4010, #200 ) ;
#2956 = PLANE ( 'NONE',  #1416 ) ;
#2957 = CIRCLE ( 'NONE', #4677, 0.05000000000000002359 ) ;
#2958 = STYLED_ITEM ( 'NONE', ( #5842 ), #2661 ) ;
#2959 = CARTESIAN_POINT ( 'NONE',  ( 0.3403573768304597458, 0.1147554943592814375, 0.02999999999999999889 ) ) ;
#2960 = CARTESIAN_POINT ( 'NONE',  ( -0.1197431180749621848, 0.03874797813351738701, 0.02999999999999999889 ) ) ;
#2961 = FACE_OUTER_BOUND ( 'NONE', #5594, .T. ) ;
#2962 = LINE ( 'NONE', #1398, #1036 ) ;
#2963 = DIRECTION ( 'NONE',  ( -0.000000000000000000, 1.000000000000000000, -0.000000000000000000 ) ) ;
#2964 = B_SPLINE_CURVE_WITH_KNOTS ( 'NONE', 3,
 ( #4848, #867, #1061, #1762, #551, #6112, #2660, #4725, #5698, #4234, #1710, #4139, #3732, #2200, #5120, #765, #1181, #4636, #716 ),
 .UNSPECIFIED., .F., .F.,
 ( 4, 1, 1, 1, 1, 1, 1, 1, 1, 1, 1, 1, 1, 1, 1, 1, 4 ),
 ( 0.000000000000000000, 0.06167423887742603389, 0.1230530616348058798, 0.1834750007317020870, 0.2437265005106117044, 0.3042789165122536388, 0.3648629209606826240, 0.4259462039686195411, 0.4873912299654079572, 0.5492203840754761313, 0.6111435886926029903, 0.6735285303101521404, 0.7369614566573042813, 0.8007852828728402317, 0.8660125956416149240, 0.9321007477905784988, 1.000000000000000000 ),
 .UNSPECIFIED. ) ;
#2965 = CARTESIAN_POINT ( 'NONE',  ( 0.3030367480105515265, 0.06261407697154003360, 0.000000000000000000 ) ) ;
#2966 = FACE_BOUND ( 'NONE', #5628, .T. ) ;
#2967 = CARTESIAN_POINT ( 'NONE',  ( -0.1324855623138160299, 0.04027903630127983164, 0.000000000000000000 ) ) ;
#2968 = AXIS2_PLACEMENT_3D ( 'NONE', #2753, #3245, #1801 ) ;
#2969 = CARTESIAN_POINT ( 'NONE',  ( -0.1728410961237206445, 0.1680967785165100592, 0.02999999999999999889 ) ) ;
#2970 = ORIENTED_EDGE ( 'NONE', *, *, #4519, .T. ) ;
#2971 = DIRECTION ( 'NONE',  ( 1.000000000000000000, 0.000000000000000000, 0.000000000000000000 ) ) ;
#2972 = MECHANICAL_DESIGN_GEOMETRIC_PRESENTATION_REPRESENTATION (  '', ( #2085 ), #5198 ) ;
#2973 = VECTOR ( 'NONE', #1495, 1000.000000000000000 ) ;
#2974 = EDGE_CURVE ( 'NONE', #1954, #4496, #5387, .T. ) ;
#2975 = VERTEX_POINT ( 'NONE', #4687 ) ;
#2976 = CARTESIAN_POINT ( 'NONE',  ( -0.3745937476428313206, 0.08111889343724229540, 0.02999999999999999889 ) ) ;
#2977 = EDGE_LOOP ( 'NONE', ( #4729, #1172, #3841, #480 ) ) ;
#2978 = ORIENTED_EDGE ( 'NONE', *, *, #2235, .T. ) ;
#2979 = VECTOR ( 'NONE', #3718, 1000.000000000000000 ) ;
#2980 = DIRECTION ( 'NONE',  ( -0.000000000000000000, 1.000000000000000000, -0.000000000000000000 ) ) ;
#2981 = ORIENTED_EDGE ( 'NONE', *, *, #5304, .T. ) ;
#2982 = LINE ( 'NONE', #290, #2744 ) ;
#2983 = EDGE_CURVE ( 'NONE', #255, #1009, #1908, .T. ) ;
#2984 = CARTESIAN_POINT ( 'NONE',  ( -0.1422620168736004886, 0.04261729087313972236, 0.02999999999999999889 ) ) ;
#2985 = CARTESIAN_POINT ( 'NONE',  ( -0.1677436098358698890, 0.03075110088486468843, 1.355252715606880543E-17 ) ) ;
#2986 = EDGE_CURVE ( 'NONE', #3295, #4523, #1066, .T. ) ;
#2987 = SURFACE_STYLE_FILL_AREA ( #5184 ) ;
#2988 = ORIENTED_EDGE ( 'NONE', *, *, #5720, .T. ) ;
#2989 = CARTESIAN_POINT ( 'NONE',  ( 1.579999999999999627, 0.4000000000000000777, 0.06999999999999986788 ) ) ;
#2990 = LINE ( 'NONE', #4259, #4463 ) ;
#2991 = CARTESIAN_POINT ( 'NONE',  ( 0.2629444914205252837, 0.1972416330399576756, 0.000000000000000000 ) ) ;
#2992 = CARTESIAN_POINT ( 'NONE',  ( 0.3224128001216607364, 0.1226783898601402772, 0.000000000000000000 ) ) ;
#2993 = CARTESIAN_POINT ( 'NONE',  ( 0.2389822614106828225, 0.01193269851456825806, 3.388131789017201356E-18 ) ) ;
#2994 = CARTESIAN_POINT ( 'NONE',  ( 0.2191798895159728089, 0.01252125501313116479, 0.000000000000000000 ) ) ;
#2995 = ORIENTED_EDGE ( 'NONE', *, *, #1695, .F. ) ;
#2996 = VECTOR ( 'NONE', #1646, 1000.000000000000000 ) ;
#2997 = CARTESIAN_POINT ( 'NONE',  ( -0.2081808914083538020, 0.1071487464482826224, 0.02999999999999999889 ) ) ;
#2998 = PLANE ( 'NONE',  #1333 ) ;
#2999 = ORIENTED_EDGE ( 'NONE', *, *, #5375, .T. ) ;
#3000 =( LENGTH_UNIT ( ) NAMED_UNIT ( * ) SI_UNIT ( .MILLI., .METRE. ) );
#3001 = PRESENTATION_LAYER_ASSIGNMENT (  '', '', ( #1371 ) ) ;
#3002 = VECTOR ( 'NONE', #4153, 1000.000000000000000 ) ;
#3003 = B_SPLINE_CURVE_WITH_KNOTS ( 'NONE', 3,
 ( #1227, #3710, #1677, #4701, #696, #1178, #4828, #310, #2834, #5803, #2790 ),
 .UNSPECIFIED., .F., .F.,
 ( 4, 1, 1, 1, 1, 1, 1, 1, 4 ),
 ( 0.000000000000000000, 0.1285151895116619924, 0.2529486363526580184, 0.3747547340060052301, 0.4959397538670500261, 0.6171806414298928178, 0.7409094692781375002, 0.8678111481862031962, 1.000000000000000000 ),
 .UNSPECIFIED. ) ;
#3004 = CARTESIAN_POINT ( 'NONE',  ( 0.2682030871525529769, 0.03829418648350864374, 0.000000000000000000 ) ) ;
#3005 = EDGE_LOOP ( 'NONE', ( #3870, #3487, #6, #3834 ) ) ;
#3006 = DIRECTION ( 'NONE',  ( -0.9763949643929319411, 0.000000000000000000, 0.2159927626290408520 ) ) ;
#3007 = STYLED_ITEM ( 'NONE', ( #3747 ), #361 ) ;
#3008 = CARTESIAN_POINT ( 'NONE',  ( 0.3012883786913507222, 0.1731221202594723230, 0.000000000000000000 ) ) ;
#3009 = CARTESIAN_POINT ( 'NONE',  ( 0.3209490210092163509, 0.1340397880056959645, 0.000000000000000000 ) ) ;
#3010 = DIRECTION ( 'NONE',  ( 0.000000000000000000, 1.000000000000000000, 0.000000000000000000 ) ) ;
#3011 = CARTESIAN_POINT ( 'NONE',  ( 0.2740853887350387375, 0.01851822986657801137, 0.02999999999999999889 ) ) ;
#3012 = EDGE_LOOP ( 'NONE', ( #5210, #764, #1820, #4022 ) ) ;
#3013 =( GEOMETRIC_REPRESENTATION_CONTEXT ( 3 ) GLOBAL_UNCERTAINTY_ASSIGNED_CONTEXT ( ( #659 ) ) GLOBAL_UNIT_ASSIGNED_CONTEXT ( ( #418, #4353, #5798 ) ) REPRESENTATION_CONTEXT ( 'NONE', 'WORKASPACE' ) );
#3014 = PLANE ( 'NONE',  #3503 ) ;
#3016 = EDGE_CURVE ( 'NONE', #2162, #5611, #5314, .T. ) ;
#3015 = ORIENTED_EDGE ( 'NONE', *, *, #3860, .T. ) ;
#3017 = VECTOR ( 'NONE', #2563, 1000.000000000000000 ) ;
#3018 = CARTESIAN_POINT ( 'NONE',  ( 0.3170946078099046161, 0.04935215368305598954, -0.000000000000000000 ) ) ;
#3019 = EDGE_LOOP ( 'NONE', ( #2356, #1376, #5643, #341 ) ) ;
#3020 = CARTESIAN_POINT ( 'NONE',  ( -0.2936642604633441511, 0.1016317139500627909, 0.02999999999999999889 ) ) ;
#3021 = CARTESIAN_POINT ( 'NONE',  ( -1.000000000000000000, 1.100000000000000089, -0.05000000000000012074 ) ) ;
#3022 = ADVANCED_FACE ( 'NONE', ( #5074 ), #3233, .T. ) ;
#3023 = DIRECTION ( 'NONE',  ( 0.000000000000000000, 0.000000000000000000, 1.000000000000000000 ) ) ;
#3024 = DIRECTION ( 'NONE',  ( -1.000000000000000000, -1.548860246407863583E-16, 0.000000000000000000 ) ) ;
#3025 = PRESENTATION_STYLE_ASSIGNMENT (( #2493 ) ) ;
#3026 = CARTESIAN_POINT ( 'NONE',  ( 0.2986411433130317095, 0.03150963576761529883, 0.000000000000000000 ) ) ;
#3027 = EDGE_CURVE ( 'NONE', #454, #6146, #6247, .T. ) ;
#3028 =( LENGTH_UNIT ( ) NAMED_UNIT ( * ) SI_UNIT ( .MILLI., .METRE. ) );
#3029 = CARTESIAN_POINT ( 'NONE',  ( -1.000000000000000000, 1.100000000000000089, -0.05000000000000012074 ) ) ;
#3030 = CARTESIAN_POINT ( 'NONE',  ( 0.2389822614106828225, 0.01193269851456825806, 0.02999999999999999889 ) ) ;
#3031 = LINE ( 'NONE', #4111, #5029 ) ;
#3032 = VECTOR ( 'NONE', #4857, 1000.000000000000000 ) ;
#3033 = ADVANCED_FACE ( 'NONE', ( #2600 ), #774, .F. ) ;
#3034 = DIRECTION ( 'NONE',  ( -0.000000000000000000, 1.000000000000000000, -0.000000000000000000 ) ) ;
#3035 = FILL_AREA_STYLE ('',( #3442 ) ) ;
#3036 = VECTOR ( 'NONE', #2142, 1000.000000000000000 ) ;
#3037 = CARTESIAN_POINT ( 'NONE',  ( 0.3211199493429200968, 0.05429825142066205257, 0.000000000000000000 ) ) ;
#3038 = MECHANICAL_DESIGN_GEOMETRIC_PRESENTATION_REPRESENTATION (  '', ( #2958 ), #339 ) ;
#3039 = DIRECTION ( 'NONE',  ( 0.000000000000000000, -1.000000000000000000, 0.000000000000000000 ) ) ;
#3040 = CARTESIAN_POINT ( 'NONE',  ( 0.4404302908187072152, 0.2170163293346781819, 0.02999999999999999889 ) ) ;
#3041 = B_SPLINE_CURVE_WITH_KNOTS ( 'NONE', 3,
 ( #2251, #1279, #3214, #3259, #349, #4736, #1917, #1766, #1327, #4218, #4877, #1263, #1748, #4713, #1808, #5220, #2763, #323, #5265, #1308, #2433, #15, #5946, #499, #3954, #5921, #2910 ),
 .UNSPECIFIED., .F., .F.,
 ( 4, 1, 1, 1, 1, 1, 1, 1, 1, 1, 1, 1, 1, 1, 1, 1, 1, 1, 1, 1, 1, 1, 1, 1, 4 ),
 ( 0.000000000000000000, 0.04395490890619430796, 0.08750187479760485054, 0.1304626267314900612, 0.1727520205665170894, 0.2154030673796033524, 0.2576498297432396334, 0.3001527489572936580, 0.3431214895020866518, 0.3859251632064337745, 0.4276857274028018630, 0.4688179504865897518, 0.5094918001549955111, 0.5498830310733489046, 0.5899800229668862306, 0.6304052300068400116, 0.6708686260826383085, 0.7113839438381758251, 0.7516272580635844358, 0.7917755768651915105, 0.8324589188037425647, 0.8733190450172880759, 0.9145429556263491300, 0.9569235582098846171, 1.000000000000000000 ),
 .UNSPECIFIED. ) ;
#3042 = VERTEX_POINT ( 'NONE', #3279 ) ;
#3043 = CARTESIAN_POINT ( 'NONE',  ( 0.3386811059465742457, 0.1392404929600386809, 0.02999999999999999889 ) ) ;
#3044 = VERTEX_POINT ( 'NONE', #345 ) ;
#3045 = ORIENTED_EDGE ( 'NONE', *, *, #1662, .F. ) ;
#3046 = LINE ( 'NONE', #1519, #960 ) ;
#3047 = MECHANICAL_DESIGN_GEOMETRIC_PRESENTATION_REPRESENTATION (  '', ( #1503 ), #433 ) ;
#3048 = VERTEX_POINT ( 'NONE', #3783 ) ;
#3049 = CARTESIAN_POINT ( 'NONE',  ( 1.199999999999999956, 1.469576158976823553E-16, 1.800000000000000044 ) ) ;
#3050 = UNCERTAINTY_MEASURE_WITH_UNIT (LENGTH_MEASURE( 1.000000000000000082E-05 ), #1567, 'distance_accuracy_value', 'NONE');
#3051 = CARTESIAN_POINT ( 'NONE',  ( 0.3072269209714563742, 0.03863214641756288620, 3.388131789017201356E-18 ) ) ;
#3052 = ADVANCED_FACE ( 'NONE', ( #3224 ), #3740, .F. ) ;
#3053 = CARTESIAN_POINT ( 'NONE',  ( -0.1903389399505236446, 0.1145323549757038262, 0.000000000000000000 ) ) ;
#3054 = ORIENTED_EDGE ( 'NONE', *, *, #1779, .T. ) ;
#3055 =( GEOMETRIC_REPRESENTATION_CONTEXT ( 3 ) GLOBAL_UNCERTAINTY_ASSIGNED_CONTEXT ( ( #5155 ) ) GLOBAL_UNIT_ASSIGNED_CONTEXT ( ( #6116, #238, #2208 ) ) REPRESENTATION_CONTEXT ( 'NONE', 'WORKASPACE' ) );
#3056 = EDGE_CURVE ( 'NONE', #383, #575, #5892, .T. ) ;
#3057 = ORIENTED_EDGE ( 'NONE', *, *, #4314, .F. ) ;
#3058 = PRESENTATION_STYLE_ASSIGNMENT (( #5508 ) ) ;
#3059 = ORIENTED_EDGE ( 'NONE', *, *, #364, .T. ) ;
#3060 = CARTESIAN_POINT ( 'NONE',  ( 0.3232783830933524949, 0.1764020145897502445, 0.000000000000000000 ) ) ;
#3061 = DIRECTION ( 'NONE',  ( -0.000000000000000000, -0.000000000000000000, -1.000000000000000000 ) ) ;
#3062 = DIRECTION ( 'NONE',  ( -0.000000000000000000, -0.000000000000000000, -1.000000000000000000 ) ) ;
#3063 = UNCERTAINTY_MEASURE_WITH_UNIT (LENGTH_MEASURE( 1.000000000000000082E-05 ), #88, 'distance_accuracy_value', 'NONE');
#3064 = EDGE_CURVE ( 'NONE', #3203, #2211, #2406, .T. ) ;
#3065 = CARTESIAN_POINT ( 'NONE',  ( 0.3342427584594107604, 0.07945105821566765536, 0.000000000000000000 ) ) ;
#3066 = LINE ( 'NONE', #3227, #5374 ) ;
#3067 = DIRECTION ( 'NONE',  ( -0.000000000000000000, -0.000000000000000000, -1.000000000000000000 ) ) ;
#3068 = AXIS2_PLACEMENT_3D ( 'NONE', #5430, #2963, #1189 ) ;
#3069 = ADVANCED_FACE ( 'NONE', ( #2714 ), #4709, .T. ) ;
#3070 = ORIENTED_EDGE ( 'NONE', *, *, #5900, .F. ) ;
#3071 = FILL_AREA_STYLE ('',( #1675 ) ) ;
#3072 = DIRECTION ( 'NONE',  ( 0.4190581774617469502, 0.9079593845004516606, 0.000000000000000000 ) ) ;
#3073 = CARTESIAN_POINT ( 'NONE',  ( 1.550000000000000266, 1.099999999999999645, 0.9499999999999999556 ) ) ;
#3074 = ORIENTED_EDGE ( 'NONE', *, *, #2849, .F. ) ;
#3075 = VECTOR ( 'NONE', #2676, 1000.000000000000000 ) ;
#3076 = CARTESIAN_POINT ( 'NONE',  ( 0.2548858283256912882, 0.2204356394796730678, 0.000000000000000000 ) ) ;
#3077 = CARTESIAN_POINT ( 'NONE',  ( 0.1717002683940842545, 0.2051389754724751713, 0.02999999999999999889 ) ) ;
#3078 = AXIS2_PLACEMENT_3D ( 'NONE', #2180, #5634, #5655 ) ;
#3079 = CARTESIAN_POINT ( 'NONE',  ( 1.000000000000000000, -1.100000000000000089, -0.05000000000000012074 ) ) ;
#3080 = ORIENTED_EDGE ( 'NONE', *, *, #2025, .T. ) ;
#3081 = SURFACE_STYLE_FILL_AREA ( #1580 ) ;
#3082 = CARTESIAN_POINT ( 'NONE',  ( -0.2051894723367625184, 0.08628245119141637887, 0.000000000000000000 ) ) ;
#3083 = ADVANCED_FACE ( 'NONE', ( #1868 ), #4213, .F. ) ;
#3084 = EDGE_LOOP ( 'NONE', ( #5446, #754, #5061, #1633, #3906, #1543, #3630, #5134, #5008, #914, #4306, #528 ) ) ;
#3085 = VECTOR ( 'NONE', #5733, 1000.000000000000000 ) ;
#3086 =( NAMED_UNIT ( * ) SI_UNIT ( $, .STERADIAN. ) SOLID_ANGLE_UNIT ( ) );
#3087 = ORIENTED_EDGE ( 'NONE', *, *, #2647, .T. ) ;
#3088 = SURFACE_STYLE_USAGE ( .BOTH. , #184 ) ;
#3089 = ORIENTED_EDGE ( 'NONE', *, *, #2849, .T. ) ;
#3090 = CARTESIAN_POINT ( 'NONE',  ( 0.3138055016128484254, 0.04543173865148977114, -0.000000000000000000 ) ) ;
#3091 = CARTESIAN_POINT ( 'NONE',  ( 0.1492264126845367911, 0.1851567491673044019, 0.000000000000000000 ) ) ;
#3092 = DIRECTION ( 'NONE',  ( 0.6038968352533770068, -0.7970624896273539317, 0.000000000000000000 ) ) ;
#3093 = DIRECTION ( 'NONE',  ( -1.000000000000000000, -1.548860246407863583E-16, 0.000000000000000000 ) ) ;
#3094 = VERTEX_POINT ( 'NONE', #942 ) ;
#3095 = ADVANCED_FACE ( 'NONE', ( #3963 ), #1872, .F. ) ;
#3096 = FILL_AREA_STYLE_COLOUR ( '', #5072 ) ;
#3097 = AXIS2_PLACEMENT_3D ( 'NONE', #4277, #5712, #2703 ) ;
#3098 = EDGE_CURVE ( 'NONE', #2698, #2, #1957, .T. ) ;
#3099 = CARTESIAN_POINT ( 'NONE',  ( 1.492074494026932152, 1.374073535103228494, 0.5681478358182197042 ) ) ;
#3100 = ORIENTED_EDGE ( 'NONE', *, *, #5172, .T. ) ;
#3101 = EDGE_CURVE ( 'NONE', #3298, #3593, #1027, .T. ) ;
#3102 = DIRECTION ( 'NONE',  ( 0.000000000000000000, 0.000000000000000000, 1.000000000000000000 ) ) ;
#3103 = LINE ( 'NONE', #2571, #5429 ) ;
#3104 = CARTESIAN_POINT ( 'NONE',  ( -0.2082876578992415295, 0.1144922908731397238, 0.000000000000000000 ) ) ;
#3105 = CARTESIAN_POINT ( 'NONE',  ( 1.000000000000000222, 0.4000000000000000777, 0.06999999999999986788 ) ) ;
#3106 = VECTOR ( 'NONE', #5420, 1000.000000000000000 ) ;
#3107 = LINE ( 'NONE', #3951, #815 ) ;
#3108 = DIRECTION ( 'NONE',  ( -0.000000000000000000, -1.000000000000000000, -0.000000000000000000 ) ) ;
#3109 = PRESENTATION_STYLE_ASSIGNMENT (( #4075 ) ) ;
#3110 =( LENGTH_UNIT ( ) NAMED_UNIT ( * ) SI_UNIT ( .MILLI., .METRE. ) );
#3111 = EDGE_CURVE ( 'NONE', #3155, #5936, #5127, .T. ) ;
#3112 = CARTESIAN_POINT ( 'NONE',  ( -0.1359774367146333873, 0.1913583303412443315, 0.02999999999999999889 ) ) ;
#3113 = ADVANCED_FACE ( 'NONE', ( #508 ), #5610, .F. ) ;
#3114 =( NAMED_UNIT ( * ) SI_UNIT ( $, .STERADIAN. ) SOLID_ANGLE_UNIT ( ) );
#3115 = SURFACE_STYLE_FILL_AREA ( #756 ) ;
#3116 = SURFACE_SIDE_STYLE ('',( #4157 ) ) ;
#3117 = VECTOR ( 'NONE', #4492, 1000.000000000000114 ) ;
#3118 =( NAMED_UNIT ( * ) SI_UNIT ( $, .STERADIAN. ) SOLID_ANGLE_UNIT ( ) );
#3119 = DIRECTION ( 'NONE',  ( 0.000000000000000000, 1.000000000000000000, 0.000000000000000000 ) ) ;
#3120 = VERTEX_POINT ( 'NONE', #5830 ) ;
#3121 = SURFACE_STYLE_USAGE ( .BOTH. , #4603 ) ;
#3122 = DIRECTION ( 'NONE',  ( -0.000000000000000000, 1.000000000000000000, -0.000000000000000000 ) ) ;
#3123 = PRESENTATION_LAYER_ASSIGNMENT (  '', '', ( #5111 ) ) ;
#3124 = DIRECTION ( 'NONE',  ( 0.000000000000000000, 0.000000000000000000, -1.000000000000000000 ) ) ;
#3125 = DIRECTION ( 'NONE',  ( -0.4190581774617470057, -0.9079593845004516606, 0.000000000000000000 ) ) ;
#3126 = ORIENTED_EDGE ( 'NONE', *, *, #2775, .F. ) ;
#3127 = ORIENTED_EDGE ( 'NONE', *, *, #3101, .T. ) ;
#3128 = ORIENTED_EDGE ( 'NONE', *, *, #4515, .T. ) ;
#3129 =( GEOMETRIC_REPRESENTATION_CONTEXT ( 3 ) GLOBAL_UNCERTAINTY_ASSIGNED_CONTEXT ( ( #1290 ) ) GLOBAL_UNIT_ASSIGNED_CONTEXT ( ( #3141, #4120, #1711 ) ) REPRESENTATION_CONTEXT ( 'NONE', 'WORKASPACE' ) );
#3130 = ORIENTED_EDGE ( 'NONE', *, *, #5383, .F. ) ;
#3131 = B_SPLINE_CURVE_WITH_KNOTS ( 'NONE', 3,
 ( #2315, #384, #3342, #2791, #5318, #4255, #2750, #3244, #2295, #336, #6211 ),
 .UNSPECIFIED., .F., .F.,
 ( 4, 1, 1, 1, 1, 1, 1, 1, 4 ),
 ( 0.000000000000000000, 0.1642892164747606909, 0.3174059112304910557, 0.4588436116410199994, 0.5893665423053090491, 0.7078313187781719584, 0.8157700306990053329, 0.9128799029021265055, 1.000000000000000000 ),
 .UNSPECIFIED. ) ;
#3132 = VECTOR ( 'NONE', #1230, 1000.000000000000227 ) ;
#3133 = UNCERTAINTY_MEASURE_WITH_UNIT (LENGTH_MEASURE( 1.000000000000000082E-05 ), #2057, 'distance_accuracy_value', 'NONE');
#3134 = DIRECTION ( 'NONE',  ( -0.000000000000000000, 1.000000000000000000, -0.000000000000000000 ) ) ;
#3135 = COLOUR_RGB ( '',0.7960784313725489669, 0.8235294117647058432, 0.9372549019607843146 ) ;
#3136 = ORIENTED_EDGE ( 'NONE', *, *, #440, .F. ) ;
#3137 = SURFACE_STYLE_USAGE ( .BOTH. , #6188 ) ;
#3138 = CARTESIAN_POINT ( 'NONE',  ( 0.2339399062033226118, 0.2016317139500628242, 0.000000000000000000 ) ) ;
#3139 = PRESENTATION_STYLE_ASSIGNMENT (( #594 ) ) ;
#3140 = CARTESIAN_POINT ( 'NONE',  ( 0.1799031910837051162, 0.1857090284347707176, 0.000000000000000000 ) ) ;
#3141 =( LENGTH_UNIT ( ) NAMED_UNIT ( * ) SI_UNIT ( .MILLI., .METRE. ) );
#3142 = LINE ( 'NONE', #3823, #3226 ) ;
#3143 = EDGE_CURVE ( 'NONE', #710, #383, #1533, .T. ) ;
#3144 = CARTESIAN_POINT ( 'NONE',  ( 0.3362914604499180893, 0.1491920014659390559, 0.000000000000000000 ) ) ;
#3145 = CARTESIAN_POINT ( 'NONE',  ( -0.1903389399505236446, 0.1145323549757038262, 0.000000000000000000 ) ) ;
#3146 = DIRECTION ( 'NONE',  ( -1.000000000000000000, -1.548860246407863583E-16, -0.000000000000000000 ) ) ;
#3147 =( NAMED_UNIT ( * ) SI_UNIT ( $, .STERADIAN. ) SOLID_ANGLE_UNIT ( ) );
#3148 = CARTESIAN_POINT ( 'NONE',  ( -1.579999999999999627, 0.4000000000000000777, 0.06999999999999986788 ) ) ;
#3149 = VECTOR ( 'NONE', #701, 1000.000000000000000 ) ;
#3150 = DIRECTION ( 'NONE',  ( 0.000000000000000000, 0.000000000000000000, 1.000000000000000000 ) ) ;
#3151 = CARTESIAN_POINT ( 'NONE',  ( -0.1515834545129647881, 0.02298438811116405509, 0.000000000000000000 ) ) ;
#3152 = ADVANCED_FACE ( 'NONE', ( #2446 ), #1435, .T. ) ;
#3153 = DIRECTION ( 'NONE',  ( 0.000000000000000000, -1.000000000000000000, 0.000000000000000000 ) ) ;
#3154 = AXIS2_PLACEMENT_3D ( 'NONE', #3542, #610, #2111 ) ;
#3155 = VERTEX_POINT ( 'NONE', #2005 ) ;
#3156 = LINE ( 'NONE', #174, #87 ) ;
#3157 = SURFACE_SIDE_STYLE ('',( #6221 ) ) ;
#3158 = ORIENTED_EDGE ( 'NONE', *, *, #3604, .T. ) ;
#3159 = CARTESIAN_POINT ( 'NONE',  ( 1.449859023382403800, -0.7107908589218262518, 1.670000000000000151 ) ) ;
#3160 = CARTESIAN_POINT ( 'NONE',  ( 1.000000000000000000, -1.100000000000000089, -0.05000000000000012074 ) ) ;
#3161 = CARTESIAN_POINT ( 'NONE',  ( 0.1681900548780425053, 0.1760105194755488822, 0.000000000000000000 ) ) ;
#3162 = LINE ( 'NONE', #6222, #3937 ) ;
#3163 = CARTESIAN_POINT ( 'NONE',  ( 0.1841238081503289159, 0.1884673771743666237, 0.000000000000000000 ) ) ;
#3164 = SURFACE_STYLE_USAGE ( .BOTH. , #5084 ) ;
#3165 = ORIENTED_EDGE ( 'NONE', *, *, #557, .T. ) ;
#3166 = DIRECTION ( 'NONE',  ( -1.000000000000000000, 0.000000000000000000, 0.000000000000000000 ) ) ;
#3167 = DIRECTION ( 'NONE',  ( -1.000000000000000000, 0.000000000000000000, 0.000000000000000000 ) ) ;
#3168 = AXIS2_PLACEMENT_3D ( 'NONE', #5442, #1466, #3917 ) ;
#3169 = LINE ( 'NONE', #1570, #4413 ) ;
#3170 = DIRECTION ( 'NONE',  ( 0.000000000000000000, 0.000000000000000000, 1.000000000000000000 ) ) ;
#3171 = PLANE ( 'NONE',  #1306 ) ;
#3172 =( NAMED_UNIT ( * ) SI_UNIT ( $, .STERADIAN. ) SOLID_ANGLE_UNIT ( ) );
#3173 = CARTESIAN_POINT ( 'NONE',  ( -0.1480312476428312374, 0.2098047908731397182, 0.02999999999999999889 ) ) ;
#3174 = ORIENTED_EDGE ( 'NONE', *, *, #672, .F. ) ;
#3175 = LINE ( 'NONE', #1939, #4026 ) ;
#3176 = STYLED_ITEM ( 'NONE', ( #4051 ), #4674 ) ;
#3177 = VERTEX_POINT ( 'NONE', #430 ) ;
#3178 = PLANE ( 'NONE',  #2927 ) ;
#3179 = UNCERTAINTY_MEASURE_WITH_UNIT (LENGTH_MEASURE( 1.000000000000000082E-05 ), #1062, 'distance_accuracy_value', 'NONE');
#3180 = VECTOR ( 'NONE', #6283, 1000.000000000000000 ) ;
#3181 = AXIS2_PLACEMENT_3D ( 'NONE', #501, #989, #4926 ) ;
#3182 =( NAMED_UNIT ( * ) SI_UNIT ( $, .STERADIAN. ) SOLID_ANGLE_UNIT ( ) );
#3183 = EDGE_CURVE ( 'NONE', #3757, #6147, #5957, .T. ) ;
#3184 = CARTESIAN_POINT ( 'NONE',  ( -0.1797736064211314377, 0.1580929228100417250, 0.000000000000000000 ) ) ;
#3185 = DIRECTION ( 'NONE',  ( -0.000000000000000000, -0.000000000000000000, -1.000000000000000000 ) ) ;
#3186 = ADVANCED_FACE ( 'NONE', ( #5534 ), #530, .T. ) ;
#3187 =( LENGTH_UNIT ( ) NAMED_UNIT ( * ) SI_UNIT ( .MILLI., .METRE. ) );
#3188 = EDGE_CURVE ( 'NONE', #4876, #4680, #2594, .T. ) ;
#3189 = CARTESIAN_POINT ( 'NONE',  ( -0.1665566894930475550, 0.05611065878333622997, 0.02999999999999999889 ) ) ;
#3190 = CARTESIAN_POINT ( 'NONE',  ( -1.580000000000000071, -0.4000000000000000222, 0.06999999999999990952 ) ) ;
#3191 = EDGE_CURVE ( 'NONE', #2013, #619, #62, .T. ) ;
#3192 = CARTESIAN_POINT ( 'NONE',  ( 1.512685059596456272, 1.373545930148559080, 1.218289345660632517 ) ) ;
#3193 = VECTOR ( 'NONE', #3979, 1000.000000000000000 ) ;
#3194 =( NAMED_UNIT ( * ) PLANE_ANGLE_UNIT ( ) SI_UNIT ( $, .RADIAN. ) );
#3195 = MECHANICAL_DESIGN_GEOMETRIC_PRESENTATION_REPRESENTATION (  '', ( #5428 ), #6098 ) ;
#3196 = CARTESIAN_POINT ( 'NONE',  ( 1.579999999999999627, 0.4000000000000000777, 0.8299999999999999600 ) ) ;
#3197 = DIRECTION ( 'NONE',  ( -0.000000000000000000, 1.000000000000000000, -0.000000000000000000 ) ) ;
#3198 = SURFACE_STYLE_FILL_AREA ( #2625 ) ;
#3199 = LINE ( 'NONE', #4090, #1956 ) ;
#3200 = CARTESIAN_POINT ( 'NONE',  ( -0.1825545560936035761, 0.1526069303030223312, 0.000000000000000000 ) ) ;
#3201 = CARTESIAN_POINT ( 'NONE',  ( -1.629999999999999893, -0.4000000000000000222, 0.7799999999999996936 ) ) ;
#3202 = FILL_AREA_STYLE_COLOUR ( '', #1213 ) ;
#3203 = VERTEX_POINT ( 'NONE', #1499 ) ;
#3204 = ORIENTED_EDGE ( 'NONE', *, *, #3462, .F. ) ;
#3205 = ORIENTED_EDGE ( 'NONE', *, *, #2522, .F. ) ;
#3206 = ORIENTED_EDGE ( 'NONE', *, *, #5497, .T. ) ;
#3207 = DIRECTION ( 'NONE',  ( 0.000000000000000000, -1.000000000000000000, 0.000000000000000000 ) ) ;
#3208 = CARTESIAN_POINT ( 'NONE',  ( -0.4041610553351390189, 0.01701632933467818118, 0.02999999999999999889 ) ) ;
#3209 = CARTESIAN_POINT ( 'NONE',  ( 0.1045328549212713176, 0.01701632933467818118, 0.02999999999999999889 ) ) ;
#3210 = CARTESIAN_POINT ( 'NONE',  ( -0.1614354221661812028, 0.2038905908126788513, 0.02999999999999999889 ) ) ;
#3211 = ORIENTED_EDGE ( 'NONE', *, *, #1979, .T. ) ;
#3212 = CARTESIAN_POINT ( 'NONE',  ( 1.550000000000000266, -0.5993529332323331849, 1.670000000000000151 ) ) ;
#3213 = VERTEX_POINT ( 'NONE', #3991 ) ;
#3214 = CARTESIAN_POINT ( 'NONE',  ( 0.2399355800268253569, 0.2015626774714116831, 0.02999999999999999889 ) ) ;
#3215 = VECTOR ( 'NONE', #4707, 1000.000000000000114 ) ;
#3216 = MECHANICAL_DESIGN_GEOMETRIC_PRESENTATION_REPRESENTATION (  '', ( #5875 ), #3555 ) ;
#3217 = ORIENTED_EDGE ( 'NONE', *, *, #2786, .T. ) ;
#3218 = CARTESIAN_POINT ( 'NONE',  ( 1.579999999999998517, -0.4000000000000000222, 0.9499999999999999556 ) ) ;
#3219 = ADVANCED_FACE ( 'NONE', ( #2291 ), #4485, .T. ) ;
#3220 =( GEOMETRIC_REPRESENTATION_CONTEXT ( 3 ) GLOBAL_UNCERTAINTY_ASSIGNED_CONTEXT ( ( #51 ) ) GLOBAL_UNIT_ASSIGNED_CONTEXT ( ( #3876, #3826, #877 ) ) REPRESENTATION_CONTEXT ( 'NONE', 'WORKASPACE' ) );
#3221 = MECHANICAL_DESIGN_GEOMETRIC_PRESENTATION_REPRESENTATION (  '', ( #4991 ), #5329 ) ;
#3222 = PRESENTATION_STYLE_ASSIGNMENT (( #3406 ) ) ;
#3223 = PLANE ( 'NONE',  #1287 ) ;
#3224 = FACE_OUTER_BOUND ( 'NONE', #3845, .T. ) ;
#3225 = CARTESIAN_POINT ( 'NONE',  ( -0.04418509379667742709, 0.2170163293346781819, 0.02999999999999999889 ) ) ;
#3226 = VECTOR ( 'NONE', #1370, 1000.000000000000000 ) ;
#3227 = CARTESIAN_POINT ( 'NONE',  ( 0.1455584959469123363, 0.1803176113859602525, 0.02999999999999999889 ) ) ;
#3228 = CARTESIAN_POINT ( 'NONE',  ( -0.1764648443157582902, 0.1632343151376881019, 0.000000000000000000 ) ) ;
#3229 = CARTESIAN_POINT ( 'NONE',  ( 0.2339399062033226118, 0.2016317139500628242, 0.02999999999999999889 ) ) ;
#3230 = AXIS2_PLACEMENT_3D ( 'NONE', #4720, #5202, #6209 ) ;
#3231 = ORIENTED_EDGE ( 'NONE', *, *, #6254, .T. ) ;
#3232 = CARTESIAN_POINT ( 'NONE',  ( -0.1440876375637189788, 0.04326023705843886485, 0.02999999999999999889 ) ) ;
#3233 = PLANE ( 'NONE',  #3844 ) ;
#3234 = CARTESIAN_POINT ( 'NONE',  ( -0.2021328542496374225, 0.1542301282000790308, 0.02999999999999999889 ) ) ;
#3235 = ORIENTED_EDGE ( 'NONE', *, *, #4105, .T. ) ;
#3236 = CARTESIAN_POINT ( 'NONE',  ( 0.1045328549212713176, 0.2170163293346781819, 0.02999999999999999889 ) ) ;
#3237 = LINE ( 'NONE', #3218, #1920 ) ;
#3238 = ORIENTED_EDGE ( 'NONE', *, *, #4473, .F. ) ;
#3239 = EDGE_CURVE ( 'NONE', #3953, #5139, #1303, .T. ) ;
#3240 = PRESENTATION_STYLE_ASSIGNMENT (( #5005 ) ) ;
#3241 = CARTESIAN_POINT ( 'NONE',  ( -1.579999999999998961, -1.100000000000000089, -0.05000000000000004441 ) ) ;
#3242 = FILL_AREA_STYLE_COLOUR ( '', #3340 ) ;
#3243 = CARTESIAN_POINT ( 'NONE',  ( 0.2303010175970262030, 0.2015397273180443150, 0.02999999999999999889 ) ) ;
#3244 = CARTESIAN_POINT ( 'NONE',  ( -0.1364380316169189200, 0.2130773331052806530, 0.000000000000000000 ) ) ;
#3245 = DIRECTION ( 'NONE',  ( 0.000000000000000000, -1.000000000000000000, 0.000000000000000000 ) ) ;
#3246 = ADVANCED_FACE ( 'NONE', ( #2123 ), #2109, .F. ) ;
#3247 = CARTESIAN_POINT ( 'NONE',  ( -1.580000000000000071, -1.100000000000000089, 0.06999999999999990952 ) ) ;
#3248 = VECTOR ( 'NONE', #1482, 1000.000000000000000 ) ;
#3249 = VERTEX_POINT ( 'NONE', #3049 ) ;
#3250 = ORIENTED_EDGE ( 'NONE', *, *, #4279, .T. ) ;
#3251 = CARTESIAN_POINT ( 'NONE',  ( -0.1476952740313746404, 0.04453077267264398537, 0.02999999999999999889 ) ) ;
#3252 = CARTESIAN_POINT ( 'NONE',  ( 0.3126857279459525074, 0.07625152942399536504, 0.02999999999999999889 ) ) ;
#3253 = PRESENTATION_LAYER_ASSIGNMENT (  '', '', ( #5022 ) ) ;
#3254 = DIRECTION ( 'NONE',  ( -0.4188422247446084157, -0.9080590238365492395, 0.000000000000000000 ) ) ;
#3255 = CARTESIAN_POINT ( 'NONE',  ( -1.580000000000000071, -1.100000000000000089, 0.1199999999999998707 ) ) ;
#3256 = SURFACE_STYLE_USAGE ( .BOTH. , #4755 ) ;
#3257 = ORIENTED_EDGE ( 'NONE', *, *, #5045, .T. ) ;
#3258 = VECTOR ( 'NONE', #243, 1000.000000000000000 ) ;
#3259 = CARTESIAN_POINT ( 'NONE',  ( 0.2458583499411391704, 0.2009564417454157426, 0.02999999999999999889 ) ) ;
#3260 =( NAMED_UNIT ( * ) PLANE_ANGLE_UNIT ( ) SI_UNIT ( $, .RADIAN. ) );
#3261 = LINE ( 'NONE', #1082, #648 ) ;
#3262 = CARTESIAN_POINT ( 'NONE',  ( -0.2535200296941133025, 0.01701632933467818118, 0.000000000000000000 ) ) ;
#3263 =( NAMED_UNIT ( * ) PLANE_ANGLE_UNIT ( ) SI_UNIT ( $, .RADIAN. ) );
#3264 = LINE ( 'NONE', #4901, #4818 ) ;
#3265 = CARTESIAN_POINT ( 'NONE',  ( -0.1503452327461113902, 0.2089230362649185657, -0.000000000000000000 ) ) ;
#3266 = PRESENTATION_LAYER_ASSIGNMENT (  '', '', ( #4595 ) ) ;
#3267 = PLANE ( 'NONE',  #1006 ) ;
#3268 = VECTOR ( 'NONE', #5814, 1000.000000000000000 ) ;
#3269 = EDGE_CURVE ( 'NONE', #4626, #5176, #5071, .T. ) ;
#3270 = CARTESIAN_POINT ( 'NONE',  ( -0.07619631174539540086, 0.1965035088218576864, 0.02999999999999999889 ) ) ;
#3271 =( NAMED_UNIT ( * ) PLANE_ANGLE_UNIT ( ) SI_UNIT ( $, .RADIAN. ) );
#3272 = DIRECTION ( 'NONE',  ( -1.000000000000000000, -1.548860246407863583E-16, 0.000000000000000000 ) ) ;
#3273 = CARTESIAN_POINT ( 'NONE',  ( 0.2063140581526035910, 0.2194375458720644878, 0.02999999999999999889 ) ) ;
#3274 = CIRCLE ( 'NONE', #1071, 0.05000000000000002359 ) ;
#3275 = EDGE_CURVE ( 'NONE', #3593, #1091, #2592, .T. ) ;
#3276 = FACE_BOUND ( 'NONE', #5686, .T. ) ;
#3277 =( NAMED_UNIT ( * ) PLANE_ANGLE_UNIT ( ) SI_UNIT ( $, .RADIAN. ) );
#3278 = DIRECTION ( 'NONE',  ( -0.000000000000000000, 1.000000000000000000, -0.000000000000000000 ) ) ;
#3279 = CARTESIAN_POINT ( 'NONE',  ( 0.2339399062033226118, 0.2016317139500628242, 0.02999999999999999889 ) ) ;
#3280 = VERTEX_POINT ( 'NONE', #187 ) ;
#3281 = MECHANICAL_DESIGN_GEOMETRIC_PRESENTATION_REPRESENTATION (  '', ( #3 ), #4816 ) ;
#3282 = FILL_AREA_STYLE ('',( #297 ) ) ;
#3283 = CARTESIAN_POINT ( 'NONE',  ( -0.4236722732838569816, 0.01701632933467818118, 0.02999999999999999889 ) ) ;
#3284 = VECTOR ( 'NONE', #4510, 1000.000000000000000 ) ;
#3285 = PLANE ( 'NONE',  #883 ) ;
#3286 = ADVANCED_FACE ( 'NONE', ( #4612 ), #5010, .T. ) ;
#3287 = ORIENTED_EDGE ( 'NONE', *, *, #2932, .F. ) ;
#3288 = CARTESIAN_POINT ( 'NONE',  ( 0.08658413697255337715, 0.1349650472833961445, 0.02999999999999999889 ) ) ;
#3289 = LINE ( 'NONE', #2593, #3520 ) ;
#3290 = VECTOR ( 'NONE', #5384, 1000.000000000000000 ) ;
#3291 = VERTEX_POINT ( 'NONE', #4546 ) ;
#3292 = CARTESIAN_POINT ( 'NONE',  ( -0.1882335910108350330, 0.1805432343118973937, 0.000000000000000000 ) ) ;
#3293 = ORIENTED_EDGE ( 'NONE', *, *, #6341, .T. ) ;
#3294 = CARTESIAN_POINT ( 'NONE',  ( -0.1889314627556143156, 0.05093498559558101713, 1.355252715606880543E-17 ) ) ;
#3295 = VERTEX_POINT ( 'NONE', #1654 ) ;
#3296 = FILL_AREA_STYLE ('',( #5754 ) ) ;
#3297 = VECTOR ( 'NONE', #5982, 1000.000000000000000 ) ;
#3298 = VERTEX_POINT ( 'NONE', #2639 ) ;
#3299 = FILL_AREA_STYLE_COLOUR ( '', #1286 ) ;
#3300 = CARTESIAN_POINT ( 'NONE',  ( 0.1467833729705873558, 0.1819336100867936235, 0.02999999999999999889 ) ) ;
#3301 = AXIS2_PLACEMENT_3D ( 'NONE', #2031, #5043, #2559 ) ;
#3302 = COLOUR_RGB ( '',1.000000000000000000, 1.000000000000000000, 1.000000000000000000 ) ;
#3303 = CARTESIAN_POINT ( 'NONE',  ( 1.579999999999999849, -1.100000000000000089, 0.7800000000000000266 ) ) ;
#3304 = ORIENTED_EDGE ( 'NONE', *, *, #3098, .T. ) ;
#3305 = CARTESIAN_POINT ( 'NONE',  ( 0.2970782097556304291, 0.05645162281448627695, 0.02999999999999999889 ) ) ;
#3306 = SURFACE_STYLE_FILL_AREA ( #5518 ) ;
#3307 = CARTESIAN_POINT ( 'NONE',  ( 0.3635072138956303434, 0.03752914984749869398, 0.02999999999999999889 ) ) ;
#3308 = CARTESIAN_POINT ( 'NONE',  ( -0.2073683751546098186, 0.1312161058078938347, 0.02999999999999999889 ) ) ;
#3309 = LINE ( 'NONE', #723, #4079 ) ;
#3310 = AXIS2_PLACEMENT_3D ( 'NONE', #312, #5805, #6302 ) ;
#3311 = PLANE ( 'NONE',  #5496 ) ;
#3312 = CARTESIAN_POINT ( 'NONE',  ( -0.1503452327461113902, 0.2089230362649185657, 0.02999999999999999889 ) ) ;
#3313 = AXIS2_PLACEMENT_3D ( 'NONE', #2369, #4872, #2843 ) ;
#3314 = EDGE_CURVE ( 'NONE', #760, #2401, #5775, .T. ) ;
#3315 = DIRECTION ( 'NONE',  ( 1.000000000000000000, 0.000000000000000000, 0.000000000000000000 ) ) ;
#3316 = VERTEX_POINT ( 'NONE', #1113 ) ;
#3317 = DIRECTION ( 'NONE',  ( 0.000000000000000000, 0.000000000000000000, -1.000000000000000000 ) ) ;
#3318 = CARTESIAN_POINT ( 'NONE',  ( -0.1376546450787286824, 0.1908945344628833474, 0.000000000000000000 ) ) ;
#3319 = DIRECTION ( 'NONE',  ( 0.4188422247446084157, 0.9080590238365492395, 0.000000000000000000 ) ) ;
#3320 = CARTESIAN_POINT ( 'NONE',  ( 0.2339399062033226118, 0.2016317139500628242, 0.02999999999999999889 ) ) ;
#3321 = LINE ( 'NONE', #5266, #621 ) ;
#3322 = DIRECTION ( 'NONE',  ( -0.000000000000000000, 1.000000000000000000, -0.000000000000000000 ) ) ;
#3323 = CARTESIAN_POINT ( 'NONE',  ( 0.2126918285545666421, 0.2206441784328134481, 0.02999999999999999889 ) ) ;
#3324 = EDGE_CURVE ( 'NONE', #1356, #760, #2518, .T. ) ;
#3325 = VERTEX_POINT ( 'NONE', #1588 ) ;
#3326 = MECHANICAL_DESIGN_GEOMETRIC_PRESENTATION_REPRESENTATION (  '', ( #366 ), #5637 ) ;
#3327 = CARTESIAN_POINT ( 'NONE',  ( -0.1775555595306678447, 0.06859145452268591847, 0.000000000000000000 ) ) ;
#3328 = CARTESIAN_POINT ( 'NONE',  ( -0.1396820147306183924, 0.1902301293504068402, 0.000000000000000000 ) ) ;
#3329 = DIRECTION ( 'NONE',  ( 1.000000000000000000, 0.000000000000000000, 0.000000000000000000 ) ) ;
#3330 = DIRECTION ( 'NONE',  ( -0.000000000000000000, -0.000000000000000000, -1.000000000000000000 ) ) ;
#3331 = SURFACE_SIDE_STYLE ('',( #1035 ) ) ;
#3332 = ORIENTED_EDGE ( 'NONE', *, *, #1140, .T. ) ;
#3333 = ORIENTED_EDGE ( 'NONE', *, *, #5041, .F. ) ;
#3334 = DIRECTION ( 'NONE',  ( -1.000000000000000000, 0.000000000000000000, 0.000000000000000000 ) ) ;
#3335 = ORIENTED_EDGE ( 'NONE', *, *, #4842, .F. ) ;
#3336 = CARTESIAN_POINT ( 'NONE',  ( 0.3403573768304597458, 0.1147554943592814375, 0.000000000000000000 ) ) ;
#3337 = CARTESIAN_POINT ( 'NONE',  ( 0.1933902746566922293, 0.04055681852315199537, 0.000000000000000000 ) ) ;
#3338 = CARTESIAN_POINT ( 'NONE',  ( -0.07964205440881502729, 0.1964931668604011361, 0.000000000000000000 ) ) ;
#3339 = ORIENTED_EDGE ( 'NONE', *, *, #5464, .F. ) ;
#3340 = COLOUR_RGB ( '',0.7960784313725489669, 0.8235294117647058432, 0.9372549019607843146 ) ;
#3341 = CARTESIAN_POINT ( 'NONE',  ( 0.1758026699701651374, 0.1827709275356421970, 0.02999999999999999889 ) ) ;
#3342 = CARTESIAN_POINT ( 'NONE',  ( -0.09486838081113731225, 0.2169421800246819632, 0.000000000000000000 ) ) ;
#3343 = CARTESIAN_POINT ( 'NONE',  ( 1.750000000000000222, -1.329006013093301686, 1.670000000000000151 ) ) ;
#3344 = CARTESIAN_POINT ( 'NONE',  ( -1.750000000000000000, 0.4000000000000000777, 0.1200000000000011890 ) ) ;
#3345 = UNCERTAINTY_MEASURE_WITH_UNIT (LENGTH_MEASURE( 1.000000000000000082E-05 ), #3463, 'distance_accuracy_value', 'NONE');
#3346 = CARTESIAN_POINT ( 'NONE',  ( -0.1903021939410310115, 0.1123140417219617576, -0.000000000000000000 ) ) ;
#3347 = SURFACE_STYLE_FILL_AREA ( #2079 ) ;
#3348 = CARTESIAN_POINT ( 'NONE',  ( 0.3126857279459525074, 0.07625152942399536504, 0.000000000000000000 ) ) ;
#3349 = STYLED_ITEM ( 'NONE', ( #4691 ), #3497 ) ;
#3350 = DIRECTION ( 'NONE',  ( 1.000000000000000000, 0.000000000000000000, 0.000000000000000000 ) ) ;
#3351 = PRODUCT_DEFINITION_SHAPE ( 'NONE', 'NONE',  #152 ) ;
#3352 = CARTESIAN_POINT ( 'NONE',  ( 0.2573683223611390458, 0.1988400684158149467, 0.000000000000000000 ) ) ;
#3353 = CARTESIAN_POINT ( 'NONE',  ( 0.1455584959469123363, 0.05383523959108844209, 0.02999999999999999889 ) ) ;
#3354 = CARTESIAN_POINT ( 'NONE',  ( 1.750000000000000222, -1.399999999999999911, 0.8299999999999999600 ) ) ;
#3355 = ORIENTED_EDGE ( 'NONE', *, *, #2786, .F. ) ;
#3356 = PRESENTATION_LAYER_ASSIGNMENT (  '', '', ( #135 ) ) ;
#3357 = AXIS2_PLACEMENT_3D ( 'NONE', #2207, #6155, #1787 ) ;
#3358 = LINE ( 'NONE', #6285, #5116 ) ;
#3359 = SURFACE_STYLE_FILL_AREA ( #6181 ) ;
#3360 = MECHANICAL_DESIGN_GEOMETRIC_PRESENTATION_REPRESENTATION (  '', ( #3871 ), #4355 ) ;
#3361 = CARTESIAN_POINT ( 'NONE',  ( -0.1324112315556939534, 0.1923444876306504847, 0.02999999999999999889 ) ) ;
#3362 = EDGE_CURVE ( 'NONE', #1813, #3847, #1464, .T. ) ;
#3363 = PLANE ( 'NONE',  #667 ) ;
#3364 = CARTESIAN_POINT ( 'NONE',  ( -1.629999999999999893, -1.100000000000000089, 0.7799999999999996936 ) ) ;
#3365 = LINE ( 'NONE', #1514, #4217 ) ;
#3366 = CARTESIAN_POINT ( 'NONE',  ( -0.1886198590634157735, 0.09541852061423301834, 0.000000000000000000 ) ) ;
#3367 =( NAMED_UNIT ( * ) SI_UNIT ( $, .STERADIAN. ) SOLID_ANGLE_UNIT ( ) );
#3368 = ORIENTED_EDGE ( 'NONE', *, *, #3521, .F. ) ;
#3369 = CARTESIAN_POINT ( 'NONE',  ( -1.629999999999999893, 0.4000000000000000777, 0.7799999999999996936 ) ) ;
#3370 = CARTESIAN_POINT ( 'NONE',  ( 0.4404302908187072152, 0.2170163293346781819, 0.02999999999999999889 ) ) ;
#3371 = VERTEX_POINT ( 'NONE', #4074 ) ;
#3372 = EDGE_LOOP ( 'NONE', ( #423, #3379, #4446, #1320, #1630, #3526, #2582, #4802, #5415, #5062, #4163, #5486 ) ) ;
#3373 = CIRCLE ( 'NONE', #4627, 0.1699999999999999845 ) ;
#3374 = ORIENTED_EDGE ( 'NONE', *, *, #2058, .F. ) ;
#3375 = PRESENTATION_STYLE_ASSIGNMENT (( #4162 ) ) ;
#3376 = EDGE_CURVE ( 'NONE', #2560, #5846, #4986, .T. ) ;
#3377 = DIRECTION ( 'NONE',  ( 0.000000000000000000, -1.000000000000000000, 0.000000000000000000 ) ) ;
#3378 = ORIENTED_EDGE ( 'NONE', *, *, #2014, .F. ) ;
#3379 = ORIENTED_EDGE ( 'NONE', *, *, #3868, .T. ) ;
#3380 = CARTESIAN_POINT ( 'NONE',  ( 0.1455584959469123363, 0.1803176113859602525, 0.000000000000000000 ) ) ;
#3381 = ORIENTED_EDGE ( 'NONE', *, *, #4884, .F. ) ;
#3382 = LINE ( 'NONE', #1551, #9 ) ;
#3383 = CARTESIAN_POINT ( 'NONE',  ( -0.2082876578992415295, 0.1144922908731397238, 0.000000000000000000 ) ) ;
#3384 = CARTESIAN_POINT ( 'NONE',  ( -0.1957007843673969072, 0.06160120847874816369, 1.355252715606880543E-17 ) ) ;
#3385 = COLOUR_RGB ( '',0.7529411764705882248, 0.7529411764705882248, 0.7529411764705882248 ) ;
#3386 = CARTESIAN_POINT ( 'NONE',  ( -0.08808222279308364211, 0.2169910396206230496, 0.000000000000000000 ) ) ;
#3387 = CARTESIAN_POINT ( 'NONE',  ( -0.1324112315556939534, 0.1923444876306504847, 0.000000000000000000 ) ) ;
#3388 = VECTOR ( 'NONE', #5782, 1000.000000000000000 ) ;
#3389 = STYLED_ITEM ( 'NONE', ( #5200 ), #2766 ) ;
#3390 = CARTESIAN_POINT ( 'NONE',  ( 0.2760531803060731759, 0.04173281199872666547, 0.02999999999999999889 ) ) ;
#3391 = FILL_AREA_STYLE ('',( #5704 ) ) ;
#3392 = DIRECTION ( 'NONE',  ( -0.000000000000000000, -0.000000000000000000, 1.000000000000000000 ) ) ;
#3393 = ORIENTED_EDGE ( 'NONE', *, *, #768, .F. ) ;
#3394 = CARTESIAN_POINT ( 'NONE',  ( -0.1889314627556143156, 0.05093498559558101713, 0.02999999999999999889 ) ) ;
#3395 = CARTESIAN_POINT ( 'NONE',  ( -1.629999999999999893, -1.100000000000000089, 0.1200000000000002176 ) ) ;
#3396 =( GEOMETRIC_REPRESENTATION_CONTEXT ( 3 ) GLOBAL_UNCERTAINTY_ASSIGNED_CONTEXT ( ( #6322 ) ) GLOBAL_UNIT_ASSIGNED_CONTEXT ( ( #4175, #3263, #2292 ) ) REPRESENTATION_CONTEXT ( 'NONE', 'WORKASPACE' ) );
#3397 = LINE ( 'NONE', #3638, #2996 ) ;
#3398 = ORIENTED_EDGE ( 'NONE', *, *, #3064, .T. ) ;
#3399 = CARTESIAN_POINT ( 'NONE',  ( -0.1882335910108350330, 0.1805432343118973937, 0.02999999999999999889 ) ) ;
#3400 = AXIS2_PLACEMENT_3D ( 'NONE', #5069, #5561, #6070 ) ;
#3401 = EDGE_CURVE ( 'NONE', #1781, #555, #4313, .T. ) ;
#3402 = ADVANCED_FACE ( 'NONE', ( #5226 ), #225, .F. ) ;
#3403 = DIRECTION ( 'NONE',  ( 0.000000000000000000, 1.000000000000000000, 0.000000000000000000 ) ) ;
#3404 = CARTESIAN_POINT ( 'NONE',  ( -0.1091165897473780344, 0.01704092912236109328, 1.355252715606880543E-17 ) ) ;
#3405 = ORIENTED_EDGE ( 'NONE', *, *, #353, .T. ) ;
#3406 = SURFACE_STYLE_USAGE ( .BOTH. , #4397 ) ;
#3407 = EDGE_CURVE ( 'NONE', #1003, #1411, #2756, .T. ) ;
#3408 = LINE ( 'NONE', #3485, #1625 ) ;
#3409 = AXIS2_PLACEMENT_3D ( 'NONE', #4592, #590, #2087 ) ;
#3410 = ORIENTED_EDGE ( 'NONE', *, *, #4763, .T. ) ;
#3411 = DIRECTION ( 'NONE',  ( -0.000000000000000000, 0.000000000000000000, 1.000000000000000000 ) ) ;
#3412 = CARTESIAN_POINT ( 'NONE',  ( 0.2840130886246553521, 0.1874064354123089193, 0.000000000000000000 ) ) ;
#3413 = DIRECTION ( 'NONE',  ( -3.285461128743965351E-16, 0.000000000000000000, 1.000000000000000000 ) ) ;
#3414 = CARTESIAN_POINT ( 'NONE',  ( 0.2325777267161431294, 0.01188812420647305385, 0.000000000000000000 ) ) ;
#3415 = EDGE_LOOP ( 'NONE', ( #5771, #3136, #2036, #5337 ) ) ;
#3416 = ORIENTED_EDGE ( 'NONE', *, *, #894, .T. ) ;
#3417 = CARTESIAN_POINT ( 'NONE',  ( -1.549999999999999822, -0.4000000000000000222, 0.9499999999999999556 ) ) ;
#3418 = FILL_AREA_STYLE ('',( #5463 ) ) ;
#3419 = VERTEX_POINT ( 'NONE', #4158 ) ;
#3420 = LINE ( 'NONE', #5181, #348 ) ;
#3421 = CARTESIAN_POINT ( 'NONE',  ( 0.08658413697255337715, 0.1349650472833961445, 0.000000000000000000 ) ) ;
#3422 = UNCERTAINTY_MEASURE_WITH_UNIT (LENGTH_MEASURE( 1.000000000000000082E-05 ), #4753, 'distance_accuracy_value', 'NONE');
#3423 = PRESENTATION_LAYER_ASSIGNMENT (  '', '', ( #5953 ) ) ;
#3424 = COLOUR_RGB ( '',0.7960784313725489669, 0.8235294117647058432, 0.9372549019607843146 ) ;
#3425 = CARTESIAN_POINT ( 'NONE',  ( -0.2936642604633441511, 0.1016317139500627909, 0.000000000000000000 ) ) ;
#3426 = CARTESIAN_POINT ( 'NONE',  ( 0.2326979190238354644, 0.03240094471929357012, 0.000000000000000000 ) ) ;
#3427 = VECTOR ( 'NONE', #5020, 1000.000000000000000 ) ;
#3428 =( LENGTH_UNIT ( ) NAMED_UNIT ( * ) SI_UNIT ( .MILLI., .METRE. ) );
#3429 = CARTESIAN_POINT ( 'NONE',  ( -0.08838930655691272509, 0.03754332678315971950, 0.02999999999999999889 ) ) ;
#3430 = VECTOR ( 'NONE', #3827, 1000.000000000000000 ) ;
#3431 = ADVANCED_FACE ( 'NONE', ( #2829 ), #2197, .F. ) ;
#3432 = AXIS2_PLACEMENT_3D ( 'NONE', #1078, #2093, #123 ) ;
#3433 = CARTESIAN_POINT ( 'NONE',  ( 0.3161130849130437959, 0.1499711039887252628, 0.000000000000000000 ) ) ;
#3434 = CARTESIAN_POINT ( 'NONE',  ( 0.3138542346621357448, 0.1550039651566396670, 0.000000000000000000 ) ) ;
#3435 = CARTESIAN_POINT ( 'NONE',  ( 0.2573058590267100487, 0.01405167196513515925, 3.388131789017201356E-18 ) ) ;
#3436 = CARTESIAN_POINT ( 'NONE',  ( -0.1775555595306678447, 0.06859145452268591847, 0.000000000000000000 ) ) ;
#3437 = LINE ( 'NONE', #520, #973 ) ;
#3438 = LINE ( 'NONE', #3369, #3667 ) ;
#3439 = STYLED_ITEM ( 'NONE', ( #707 ), #5361 ) ;
#3440 = FACE_BOUND ( 'NONE', #6144, .T. ) ;
#3441 = EDGE_CURVE ( 'NONE', #2619, #293, #3066, .T. ) ;
#3442 = FILL_AREA_STYLE_COLOUR ( '', #6141 ) ;
#3443 =( GEOMETRIC_REPRESENTATION_CONTEXT ( 3 ) GLOBAL_UNCERTAINTY_ASSIGNED_CONTEXT ( ( #4486 ) ) GLOBAL_UNIT_ASSIGNED_CONTEXT ( ( #6118, #4650, #1153 ) ) REPRESENTATION_CONTEXT ( 'NONE', 'WORKASPACE' ) );
#3444 = EDGE_CURVE ( 'NONE', #6200, #5684, #5925, .T. ) ;
#3445 = CARTESIAN_POINT ( 'NONE',  ( 0.3150697138956303212, 0.04686408574493459989, 0.02999999999999999889 ) ) ;
#3446 = ORIENTED_EDGE ( 'NONE', *, *, #6305, .F. ) ;
#3447 = CARTESIAN_POINT ( 'NONE',  ( 0.2026081367447734038, 0.03690550867634159043, 0.000000000000000000 ) ) ;
#3448 = EDGE_CURVE ( 'NONE', #4792, #5364, #5218, .T. ) ;
#3449 = ORIENTED_EDGE ( 'NONE', *, *, #5777, .T. ) ;
#3450 = VECTOR ( 'NONE', #4934, 1000.000000000000000 ) ;
#3451 = EDGE_LOOP ( 'NONE', ( #6007, #46, #4179, #6251 ) ) ;
#3452 = LINE ( 'NONE', #3843, #829 ) ;
#3453 = ORIENTED_EDGE ( 'NONE', *, *, #235, .F. ) ;
#3454 = SURFACE_SIDE_STYLE ('',( #219 ) ) ;
#3455 = VERTEX_POINT ( 'NONE', #5203 ) ;
#3456 = VERTEX_POINT ( 'NONE', #6166 ) ;
#3457 = ORIENTED_EDGE ( 'NONE', *, *, #416, .F. ) ;
#3458 = SURFACE_STYLE_FILL_AREA ( #5174 ) ;
#3459 = CARTESIAN_POINT ( 'NONE',  ( 0.2887590913547882776, 0.1841885295905074382, 0.000000000000000000 ) ) ;
#3460 = CARTESIAN_POINT ( 'NONE',  ( 0.3224128001216607364, 0.1226783898601402772, 0.02999999999999999889 ) ) ;
#3461 = CARTESIAN_POINT ( 'NONE',  ( 0.1827615259400978132, 0.02276346071548096192, 0.02999999999999999889 ) ) ;
#3462 = EDGE_CURVE ( 'NONE', #6040, #1694, #1453, .T. ) ;
#3463 =( LENGTH_UNIT ( ) NAMED_UNIT ( * ) SI_UNIT ( .MILLI., .METRE. ) );
#3464 =( LENGTH_UNIT ( ) NAMED_UNIT ( * ) SI_UNIT ( .MILLI., .METRE. ) );
#3465 = CARTESIAN_POINT ( 'NONE',  ( -0.04418509379667742709, 0.2170163293346781819, 0.000000000000000000 ) ) ;
#3466 = CARTESIAN_POINT ( 'NONE',  ( -0.2081667174329029923, 0.1229487235568305081, 0.000000000000000000 ) ) ;
#3467 = UNCERTAINTY_MEASURE_WITH_UNIT (LENGTH_MEASURE( 1.000000000000000082E-05 ), #2479, 'distance_accuracy_value', 'NONE');
#3468 = CARTESIAN_POINT ( 'NONE',  ( -0.1265024908919525348, 0.03947189900142248492, 0.02999999999999999889 ) ) ;
#3469 = DIRECTION ( 'NONE',  ( 0.4283511191562783815, -0.9036123719369737461, 0.000000000000000000 ) ) ;
#3470 = ORIENTED_EDGE ( 'NONE', *, *, #732, .F. ) ;
#3471 = DIRECTION ( 'NONE',  ( -0.000000000000000000, -1.000000000000000000, -0.000000000000000000 ) ) ;
#3472 = SURFACE_SIDE_STYLE ('',( #5312 ) ) ;
#3473 = AXIS2_PLACEMENT_3D ( 'NONE', #4675, #2684, #5167 ) ;
#3474 = CARTESIAN_POINT ( 'NONE',  ( 0.3081439627525271452, 0.1644811765391102354, 0.000000000000000000 ) ) ;
#3475 = PLANE ( 'NONE',  #3154 ) ;
#3476 = DIRECTION ( 'NONE',  ( -1.000000000000000000, -0.000000000000000000, -0.000000000000000000 ) ) ;
#3477 = CARTESIAN_POINT ( 'NONE',  ( -0.1422620168736004886, 0.04261729087313972236, 0.000000000000000000 ) ) ;
#3478 = VERTEX_POINT ( 'NONE', #1732 ) ;
#3479 = CARTESIAN_POINT ( 'NONE',  ( -0.1061642604633440956, 0.01701632933467818118, 0.000000000000000000 ) ) ;
#3480 = EDGE_LOOP ( 'NONE', ( #939, #5691, #4258, #1412 ) ) ;
#3481 = EDGE_CURVE ( 'NONE', #3455, #3953, #3003, .T. ) ;
#3482 = CARTESIAN_POINT ( 'NONE',  ( -0.04418509379667742709, 0.2170163293346781819, 0.02999999999999999889 ) ) ;
#3483 =( NAMED_UNIT ( * ) SI_UNIT ( $, .STERADIAN. ) SOLID_ANGLE_UNIT ( ) );
#3484 = FACE_OUTER_BOUND ( 'NONE', #2002, .T. ) ;
#3485 = CARTESIAN_POINT ( 'NONE',  ( -1.000000000000000000, 0.4000000000000000777, -0.05000000000000012074 ) ) ;
#3486 = CARTESIAN_POINT ( 'NONE',  ( -0.08509054251462612461, 0.03752914984749869398, 0.02999999999999999889 ) ) ;
#3487 = ORIENTED_EDGE ( 'NONE', *, *, #364, .F. ) ;
#3488 =( LENGTH_UNIT ( ) NAMED_UNIT ( * ) SI_UNIT ( .MILLI., .METRE. ) );
#3489 = AXIS2_PLACEMENT_3D ( 'NONE', #2692, #746, #5609 ) ;
#3490 = CARTESIAN_POINT ( 'NONE',  ( -1.750000000000000000, -1.100000000000000089, 0.1200000000000011890 ) ) ;
#3491 = ORIENTED_EDGE ( 'NONE', *, *, #2699, .F. ) ;
#3492 = LINE ( 'NONE', #2262, #2153 ) ;
#3493 = CARTESIAN_POINT ( 'NONE',  ( 0.1455584959469123363, 0.1803176113859602525, 0.02999999999999999889 ) ) ;
#3494 = CARTESIAN_POINT ( 'NONE',  ( 1.000000000000000222, 0.4000000000000000777, 0.06999999999999986788 ) ) ;
#3495 = DIRECTION ( 'NONE',  ( 0.000000000000000000, -0.000000000000000000, 1.000000000000000000 ) ) ;
#3496 = UNCERTAINTY_MEASURE_WITH_UNIT (LENGTH_MEASURE( 1.000000000000000082E-05 ), #664, 'distance_accuracy_value', 'NONE');
#3497 = ADVANCED_FACE ( 'NONE', ( #2042 ), #1270, .F. ) ;
#3498 = SURFACE_STYLE_USAGE ( .BOTH. , #481 ) ;
#3499 = EDGE_LOOP ( 'NONE', ( #1818, #4771, #189, #1241 ) ) ;
#3500 = SURFACE_SIDE_STYLE ('',( #2634 ) ) ;
#3501 = CARTESIAN_POINT ( 'NONE',  ( -0.2075449305015365231, 0.09996926669925663977, 0.02999999999999999889 ) ) ;
#3502 = LINE ( 'NONE', #141, #1103 ) ;
#3503 = AXIS2_PLACEMENT_3D ( 'NONE', #3079, #1559, #574 ) ;
#3504 = CARTESIAN_POINT ( 'NONE',  ( -0.2082517169004348689, 0.1120202201024708966, -0.000000000000000000 ) ) ;
#3505 =( NAMED_UNIT ( * ) PLANE_ANGLE_UNIT ( ) SI_UNIT ( $, .RADIAN. ) );
#3506 = FACE_OUTER_BOUND ( 'NONE', #3837, .T. ) ;
#3507 = LINE ( 'NONE', #4712, #6132 ) ;
#3508 = DIRECTION ( 'NONE',  ( -1.000000000000000000, 0.000000000000000000, -0.000000000000000000 ) ) ;
#3509 = B_SPLINE_CURVE_WITH_KNOTS ( 'NONE', 3,
 ( #833, #1832, #812, #3210, #2323, #4710, #5240, #2301, #3743, #5766, #2797, #2281, #3234, #4264, #6266, #3308, #372, #4215, #3804 ),
 .UNSPECIFIED., .F., .F.,
 ( 4, 1, 1, 1, 1, 1, 1, 1, 1, 1, 1, 1, 1, 1, 1, 1, 4 ),
 ( 0.000000000000000000, 0.06154496601632396952, 0.1216942964020305551, 0.1811548554526335175, 0.2398753889119566718, 0.2987019424504289145, 0.3576474237092013841, 0.4176048428493669973, 0.4784940407282911590, 0.5404070506371330129, 0.6023449938728033803, 0.6650043279232340510, 0.7285593088233761616, 0.7936505420268857858, 0.8605342675902676319, 0.9292359605619637808, 1.000000000000000000 ),
 .UNSPECIFIED. ) ;
#3510 = CARTESIAN_POINT ( 'NONE',  ( 0.2512064633621257093, 0.03379013784586235719, 0.000000000000000000 ) ) ;
#3511 = VECTOR ( 'NONE', #4824, 1000.000000000000000 ) ;
#3512 = LINE ( 'NONE', #1786, #1579 ) ;
#3513 = LINE ( 'NONE', #689, #4044 ) ;
#3514 = PRESENTATION_LAYER_ASSIGNMENT (  '', '', ( #3176 ) ) ;
#3515 = CARTESIAN_POINT ( 'NONE',  ( -0.1903389399505236446, 0.1145323549757038262, 0.02999999999999999889 ) ) ;
#3516 = CARTESIAN_POINT ( 'NONE',  ( -1.000000000000000000, 0.4000000000000000777, -0.05000000000000012074 ) ) ;
#3517 = DIRECTION ( 'NONE',  ( 0.000000000000000000, -0.000000000000000000, 1.000000000000000000 ) ) ;
#3518 = CARTESIAN_POINT ( 'NONE',  ( 0.2986411433130317095, 0.03150963576761529883, 0.02999999999999999889 ) ) ;
#3519 = STYLED_ITEM ( 'NONE', ( #5622 ), #6169 ) ;
#3520 = VECTOR ( 'NONE', #6036, 1000.000000000000000 ) ;
#3521 = EDGE_CURVE ( 'NONE', #3280, #347, #6233, .T. ) ;
#3522 = VECTOR ( 'NONE', #4878, 1000.000000000000000 ) ;
#3523 = EDGE_LOOP ( 'NONE', ( #2664, #2931, #3287, #92 ) ) ;
#3524 = CARTESIAN_POINT ( 'NONE',  ( 1.550000000000000266, 1.400000000000000133, 0.9499999999999998446 ) ) ;
#3525 = ORIENTED_EDGE ( 'NONE', *, *, #1547, .T. ) ;
#3526 = ORIENTED_EDGE ( 'NONE', *, *, #808, .T. ) ;
#3527 = EDGE_CURVE ( 'NONE', #6104, #575, #836, .T. ) ;
#3528 = DIRECTION ( 'NONE',  ( -1.000000000000000000, 0.000000000000000000, 0.000000000000000000 ) ) ;
#3529 = ORIENTED_EDGE ( 'NONE', *, *, #1267, .F. ) ;
#3530 = VECTOR ( 'NONE', #1827, 1000.000000000000000 ) ;
#3531 = EDGE_CURVE ( 'NONE', #2921, #4678, #5063, .T. ) ;
#3532 = FILL_AREA_STYLE_COLOUR ( '', #5013 ) ;
#3533 =( NAMED_UNIT ( * ) SI_UNIT ( $, .STERADIAN. ) SOLID_ANGLE_UNIT ( ) );
#3534 = EDGE_CURVE ( 'NONE', #293, #3042, #546, .T. ) ;
#3535 = ORIENTED_EDGE ( 'NONE', *, *, #609, .F. ) ;
#3536 = FACE_OUTER_BOUND ( 'NONE', #2033, .T. ) ;
#3537 = ORIENTED_EDGE ( 'NONE', *, *, #6172, .T. ) ;
#3538 = LINE ( 'NONE', #1476, #6010 ) ;
#3539 = CARTESIAN_POINT ( 'NONE',  ( -0.1376546450787286824, 0.1908945344628833474, 0.000000000000000000 ) ) ;
#3540 = FILL_AREA_STYLE ('',( #5574 ) ) ;
#3541 = UNCERTAINTY_MEASURE_WITH_UNIT (LENGTH_MEASURE( 1.000000000000000082E-05 ), #5171, 'distance_accuracy_value', 'NONE');
#3542 = CARTESIAN_POINT ( 'NONE',  ( 1.550000000000000266, -0.5993529332323331849, 1.670000000000000151 ) ) ;
#3543 = SURFACE_STYLE_USAGE ( .BOTH. , #4031 ) ;
#3544 = CARTESIAN_POINT ( 'NONE',  ( 0.2893363516985035799, 0.02550181433419072136, 0.02999999999999999889 ) ) ;
#3545 = SURFACE_SIDE_STYLE ('',( #3996 ) ) ;
#3546 = ORIENTED_EDGE ( 'NONE', *, *, #447, .T. ) ;
#3547 = SURFACE_STYLE_USAGE ( .BOTH. , #4579 ) ;
#3548 = CARTESIAN_POINT ( 'NONE',  ( 0.4583790087674252112, 0.01701632933467818118, 0.000000000000000000 ) ) ;
#3549 = LINE ( 'NONE', #3679, #2213 ) ;
#3550 = ADVANCED_FACE ( 'NONE', ( #2588 ), #1841, .T. ) ;
#3551 = DIRECTION ( 'NONE',  ( 0.000000000000000000, -0.000000000000000000, -1.000000000000000000 ) ) ;
#3552 = ADVANCED_FACE ( 'NONE', ( #3536 ), #2897, .T. ) ;
#3553 = CARTESIAN_POINT ( 'NONE',  ( 1.000000000000000000, 1.100000000000000089, -0.05000000000000012074 ) ) ;
#3554 = ORIENTED_EDGE ( 'NONE', *, *, #3900, .F. ) ;
#3555 =( GEOMETRIC_REPRESENTATION_CONTEXT ( 3 ) GLOBAL_UNCERTAINTY_ASSIGNED_CONTEXT ( ( #3050 ) ) GLOBAL_UNIT_ASSIGNED_CONTEXT ( ( #1567, #2530, #997 ) ) REPRESENTATION_CONTEXT ( 'NONE', 'WORKASPACE' ) );
#3556 = PLANE ( 'NONE',  #5247 ) ;
#3557 = EDGE_LOOP ( 'NONE', ( #524, #3986, #3886, #425 ) ) ;
#3558 =( GEOMETRIC_REPRESENTATION_CONTEXT ( 3 ) GLOBAL_UNCERTAINTY_ASSIGNED_CONTEXT ( ( #3467 ) ) GLOBAL_UNIT_ASSIGNED_CONTEXT ( ( #2479, #2524, #4562 ) ) REPRESENTATION_CONTEXT ( 'NONE', 'WORKASPACE' ) );
#3559 = CARTESIAN_POINT ( 'NONE',  ( 0.08658413697255337715, 0.03752914984749869398, 0.02999999999999999889 ) ) ;
#3560 = CARTESIAN_POINT ( 'NONE',  ( 0.2630844861722219652, 0.01521420568250002325, 0.000000000000000000 ) ) ;
#3561 = CARTESIAN_POINT ( 'NONE',  ( -0.08628105634327579154, 0.1964732407345051723, 0.02999999999999999889 ) ) ;
#3562 = CARTESIAN_POINT ( 'NONE',  ( 0.2686593767145551981, 0.01677256320394128822, 0.02999999999999999889 ) ) ;
#3563 = ORIENTED_EDGE ( 'NONE', *, *, #4963, .T. ) ;
#3564 =( NAMED_UNIT ( * ) SI_UNIT ( $, .STERADIAN. ) SOLID_ANGLE_UNIT ( ) );
#3565 =( GEOMETRIC_REPRESENTATION_CONTEXT ( 3 ) GLOBAL_UNCERTAINTY_ASSIGNED_CONTEXT ( ( #5631 ) ) GLOBAL_UNIT_ASSIGNED_CONTEXT ( ( #2018, #3505, #2061 ) ) REPRESENTATION_CONTEXT ( 'NONE', 'WORKASPACE' ) );
#3566 =( NAMED_UNIT ( * ) SI_UNIT ( $, .STERADIAN. ) SOLID_ANGLE_UNIT ( ) );
#3567 = EDGE_LOOP ( 'NONE', ( #2665, #2613, #2032, #3642 ) ) ;
#3568 = CARTESIAN_POINT ( 'NONE',  ( 0.3403573768304597458, 0.1147554943592814375, -0.000000000000000000 ) ) ;
#3569 = EDGE_LOOP ( 'NONE', ( #4150, #807, #2078, #3045, #1703, #6232, #3535, #2770 ) ) ;
#3570 =( NAMED_UNIT ( * ) PLANE_ANGLE_UNIT ( ) SI_UNIT ( $, .RADIAN. ) );
#3571 = EDGE_LOOP ( 'NONE', ( #2188, #1369, #625, #2988 ) ) ;
#3572 = COLOUR_RGB ( '',0.7960784313725489669, 0.8235294117647058432, 0.9372549019607843146 ) ;
#3573 =( LENGTH_UNIT ( ) NAMED_UNIT ( * ) SI_UNIT ( .MILLI., .METRE. ) );
#3574 = CARTESIAN_POINT ( 'NONE',  ( -0.3313645809761646688, 0.2170163293346781819, 0.02999999999999999889 ) ) ;
#3575 = EDGE_CURVE ( 'NONE', #3213, #1932, #1594, .T. ) ;
#3576 = CARTESIAN_POINT ( 'NONE',  ( 0.2740853887350387375, 0.01851822986657801137, 0.02999999999999999889 ) ) ;
#3577 = ADVANCED_FACE ( 'NONE', ( #2747 ), #1884, .T. ) ;
#3578 = CARTESIAN_POINT ( 'NONE',  ( 0.2513758804057555363, 0.01306652161862246683, 0.02999999999999999889 ) ) ;
#3579 = LINE ( 'NONE', #2452, #1188 ) ;
#3580 = PRESENTATION_STYLE_ASSIGNMENT (( #6337 ) ) ;
#3581 = FACE_OUTER_BOUND ( 'NONE', #5090, .T. ) ;
#3582 = CARTESIAN_POINT ( 'NONE',  ( 0.2365886088725149272, 0.2220523437192570282, -0.000000000000000000 ) ) ;
#3583 = VECTOR ( 'NONE', #1176, 1000.000000000000114 ) ;
#3584 = DIRECTION ( 'NONE',  ( 0.000000000000000000, -0.000000000000000000, -1.000000000000000000 ) ) ;
#3585 =( LENGTH_UNIT ( ) NAMED_UNIT ( * ) SI_UNIT ( .MILLI., .METRE. ) );
#3586 = SURFACE_STYLE_FILL_AREA ( #4467 ) ;
#3587 = CARTESIAN_POINT ( 'NONE',  ( -0.008287657899241539228, 0.1965035088218576864, 0.02999999999999999889 ) ) ;
#3588 = FACE_OUTER_BOUND ( 'NONE', #1918, .T. ) ;
#3589 = CARTESIAN_POINT ( 'NONE',  ( -0.1627727113924324898, 0.02777583755812907881, 0.000000000000000000 ) ) ;
#3590 = CARTESIAN_POINT ( 'NONE',  ( -1.549999999999999822, -1.399999999999999911, 0.8299999999999999600 ) ) ;
#3591 = B_SPLINE_CURVE_WITH_KNOTS ( 'NONE', 3,
 ( #119, #3112, #1590, #652, #98, #162, #6022, #5057, #3561, #5575, #5012 ),
 .UNSPECIFIED., .F., .F.,
 ( 4, 1, 1, 1, 1, 1, 1, 1, 4 ),
 ( 0.000000000000000000, 0.08431861695858090811, 0.1792845142139042058, 0.2865825276465601146, 0.4051114834342786630, 0.5355928734189734364, 0.6781902099934136174, 0.8329758397604892783, 1.000000000000000000 ),
 .UNSPECIFIED. ) ;
#3592 = ADVANCED_FACE ( 'NONE', ( #2283 ), #3751, .T. ) ;
#3593 = VERTEX_POINT ( 'NONE', #3926 ) ;
#3594 = ORIENTED_EDGE ( 'NONE', *, *, #161, .F. ) ;
#3595 = PRESENTATION_LAYER_ASSIGNMENT (  '', '', ( #2258 ) ) ;
#3596 = ORIENTED_EDGE ( 'NONE', *, *, #5375, .F. ) ;
#3597 = CARTESIAN_POINT ( 'NONE',  ( 0.2452621900742329442, 0.01241225093805167073, 0.000000000000000000 ) ) ;
#3598 = CARTESIAN_POINT ( 'NONE',  ( 0.2686593767145551981, 0.01677256320394128822, 3.388131789017201356E-18 ) ) ;
#3599 = DIRECTION ( 'NONE',  ( 0.000000000000000000, -1.000000000000000000, 0.000000000000000000 ) ) ;
#3600 = ORIENTED_EDGE ( 'NONE', *, *, #2618, .T. ) ;
#3601 = VERTEX_POINT ( 'NONE', #2749 ) ;
#3602 = MECHANICAL_DESIGN_GEOMETRIC_PRESENTATION_REPRESENTATION (  '', ( #4595 ), #102 ) ;
#3603 = VECTOR ( 'NONE', #2705, 1000.000000000000000 ) ;
#3604 = EDGE_CURVE ( 'NONE', #5611, #1096, #4231, .T. ) ;
#3605 = ORIENTED_EDGE ( 'NONE', *, *, #3779, .F. ) ;
#3606 = LINE ( 'NONE', #1679, #763 ) ;
#3607 = EDGE_LOOP ( 'NONE', ( #2538, #2842, #1487, #4651 ) ) ;
#3608 = CARTESIAN_POINT ( 'NONE',  ( -0.008287657899241539228, 0.01701632933467818118, 0.02999999999999999889 ) ) ;
#3609 = CARTESIAN_POINT ( 'NONE',  ( 0.2000784800838662780, 0.2179399846452313161, 0.02999999999999999889 ) ) ;
#3610 = SURFACE_SIDE_STYLE ('',( #1983 ) ) ;
#3611 = DIRECTION ( 'NONE',  ( -1.548860246407863583E-16, 1.000000000000000000, 0.000000000000000000 ) ) ;
#3612 = EDGE_CURVE ( 'NONE', #2116, #2431, #2436, .T. ) ;
#3613 =( NAMED_UNIT ( * ) PLANE_ANGLE_UNIT ( ) SI_UNIT ( $, .RADIAN. ) );
#3614 = COLOUR_RGB ( '',0.7960784313725489669, 0.8235294117647058432, 0.9372549019607843146 ) ;
#3615 = VECTOR ( 'NONE', #6150, 1000.000000000000000 ) ;
#3616 = DIRECTION ( 'NONE',  ( -1.807003620809174188E-15, -0.000000000000000000, 1.000000000000000000 ) ) ;
#3617 = ADVANCED_FACE ( 'NONE', ( #611 ), #3363, .T. ) ;
#3618 = CARTESIAN_POINT ( 'NONE',  ( -1.550000000000000266, -1.100000000000000089, 0.9499999999999999556 ) ) ;
#3619 = PRESENTATION_LAYER_ASSIGNMENT (  '', '', ( #5173 ) ) ;
#3620 = FACE_OUTER_BOUND ( 'NONE', #4100, .T. ) ;
#3621 = CARTESIAN_POINT ( 'NONE',  ( 0.2063140581526035910, 0.2194375458720644878, 0.000000000000000000 ) ) ;
#3622 = PRESENTATION_STYLE_ASSIGNMENT (( #4366 ) ) ;
#3623 = UNCERTAINTY_MEASURE_WITH_UNIT (LENGTH_MEASURE( 1.000000000000000082E-05 ), #552, 'distance_accuracy_value', 'NONE');
#3624 = DIRECTION ( 'NONE',  ( 0.000000000000000000, 0.000000000000000000, 1.000000000000000000 ) ) ;
#3625 = CARTESIAN_POINT ( 'NONE',  ( 1.579999999999998961, -0.4000000000000000222, -0.05000000000000007910 ) ) ;
#3626 = CARTESIAN_POINT ( 'NONE',  ( 0.2940579764070169744, 0.02839792088626420796, 0.000000000000000000 ) ) ;
#3627 = SURFACE_STYLE_USAGE ( .BOTH. , #2615 ) ;
#3628 = CARTESIAN_POINT ( 'NONE',  ( -1.580000000000000071, 1.100000000000000089, 0.1199999999999998707 ) ) ;
#3629 = DIRECTION ( 'NONE',  ( -1.807003620809174188E-15, 0.000000000000000000, 1.000000000000000000 ) ) ;
#3630 = ORIENTED_EDGE ( 'NONE', *, *, #2983, .F. ) ;
#3631 = CARTESIAN_POINT ( 'NONE',  ( 0.3386811059465742457, 0.1392404929600386809, 0.000000000000000000 ) ) ;
#3632 = PLANE ( 'NONE',  #4953 ) ;
#3633 = AXIS2_PLACEMENT_3D ( 'NONE', #2322, #1260, #371 ) ;
#3634 = DIRECTION ( 'NONE',  ( 0.000000000000000000, 0.000000000000000000, 1.000000000000000000 ) ) ;
#3635 = SURFACE_STYLE_USAGE ( .BOTH. , #194 ) ;
#3636 = ORIENTED_EDGE ( 'NONE', *, *, #5633, .F. ) ;
#3637 =( LENGTH_UNIT ( ) NAMED_UNIT ( * ) SI_UNIT ( .MILLI., .METRE. ) );
#3638 = CARTESIAN_POINT ( 'NONE',  ( 1.750000000000000000, -0.4000000000000000222, 0.1200000000000011890 ) ) ;
#3639 = LINE ( 'NONE', #4038, #4796 ) ;
#3640 = CARTESIAN_POINT ( 'NONE',  ( -0.1310595337904906788, 0.01844182732190651625, 0.000000000000000000 ) ) ;
#3641 = DIRECTION ( 'NONE',  ( -0.000000000000000000, 1.000000000000000000, -0.000000000000000000 ) ) ;
#3642 = ORIENTED_EDGE ( 'NONE', *, *, #309, .T. ) ;
#3643 =( GEOMETRIC_REPRESENTATION_CONTEXT ( 3 ) GLOBAL_UNCERTAINTY_ASSIGNED_CONTEXT ( ( #4212 ) ) GLOBAL_UNIT_ASSIGNED_CONTEXT ( ( #3819, #4322, #802 ) ) REPRESENTATION_CONTEXT ( 'NONE', 'WORKASPACE' ) );
#3644 = B_SPLINE_CURVE_WITH_KNOTS ( 'NONE', 3,
 ( #4512, #3018, #3037, #4945, #6030, #3065, #538, #1977, #125, #3568, #620 ),
 .UNSPECIFIED., .F., .F.,
 ( 4, 1, 1, 1, 1, 1, 1, 1, 4 ),
 ( 0.000000000000000000, 0.1243285095938499452, 0.2471560163611867811, 0.3687797492913395536, 0.4907338624016478468, 0.6136137718478437142, 0.7389575757222154317, 0.8673105751912625339, 1.000000000000000000 ),
 .UNSPECIFIED. ) ;
#3645 = LINE ( 'NONE', #3771, #3085 ) ;
#3646 = ORIENTED_EDGE ( 'NONE', *, *, #1402, .F. ) ;
#3647 =( GEOMETRIC_REPRESENTATION_CONTEXT ( 3 ) GLOBAL_UNCERTAINTY_ASSIGNED_CONTEXT ( ( #4886 ) ) GLOBAL_UNIT_ASSIGNED_CONTEXT ( ( #4863, #3923, #4395 ) ) REPRESENTATION_CONTEXT ( 'NONE', 'WORKASPACE' ) );
#3648 = ORIENTED_EDGE ( 'NONE', *, *, #108, .F. ) ;
#3649 = EDGE_CURVE ( 'NONE', #6194, #2939, #2124, .T. ) ;
#3650 = CARTESIAN_POINT ( 'NONE',  ( 1.579999999999999627, 0.4000000000000000777, 0.06999999999999986788 ) ) ;
#3651 = CARTESIAN_POINT ( 'NONE',  ( 0.3232783830933524949, 0.1764020145897502445, 0.02999999999999999889 ) ) ;
#3652 = DIRECTION ( 'NONE',  ( 0.000000000000000000, -1.000000000000000000, 0.000000000000000000 ) ) ;
#3653 = ADVANCED_FACE ( 'NONE', ( #78 ), #4513, .T. ) ;
#3654 = CARTESIAN_POINT ( 'NONE',  ( 0.9058339443093292864, -1.316187654346258951, 1.800000000000000044 ) ) ;
#3655 = ORIENTED_EDGE ( 'NONE', *, *, #6095, .F. ) ;
#3656 = PLANE ( 'NONE',  #5578 ) ;
#3657 = EDGE_CURVE ( 'NONE', #5599, #3934, #3849, .T. ) ;
#3658 = VECTOR ( 'NONE', #4964, 1000.000000000000000 ) ;
#3659 = DIRECTION ( 'NONE',  ( -0.000000000000000000, -0.000000000000000000, -1.000000000000000000 ) ) ;
#3660 = PRESENTATION_LAYER_ASSIGNMENT (  '', '', ( #4325 ) ) ;
#3661 = SURFACE_STYLE_USAGE ( .BOTH. , #173 ) ;
#3662 = CARTESIAN_POINT ( 'NONE',  ( -1.749999999999999778, 0.4000000000000000777, 0.7799999999999988054 ) ) ;
#3663 = DIRECTION ( 'NONE',  ( 1.000000000000000000, 0.000000000000000000, -0.000000000000000000 ) ) ;
#3664 = CARTESIAN_POINT ( 'NONE',  ( 1.579999999999999627, -1.100000000000000089, 0.06999999999999986788 ) ) ;
#3665 = EDGE_LOOP ( 'NONE', ( #1595, #5706, #2719, #3126, #2784, #1373, #5293, #3333 ) ) ;
#3666 = PLANE ( 'NONE',  #2845 ) ;
#3667 = VECTOR ( 'NONE', #3392, 1000.000000000000000 ) ;
#3668 = LINE ( 'NONE', #4291, #2168 ) ;
#3669 = DIRECTION ( 'NONE',  ( 0.000000000000000000, -1.000000000000000000, 0.000000000000000000 ) ) ;
#3670 = CARTESIAN_POINT ( 'NONE',  ( 0.1623839606295379434, 0.1696335788927941235, 0.000000000000000000 ) ) ;
#3671 = CARTESIAN_POINT ( 'NONE',  ( 1.431778013715337750, -0.7309115955046513458, 1.800000000000000044 ) ) ;
#3672 = VECTOR ( 'NONE', #3677, 1000.000000000000000 ) ;
#3673 = PRESENTATION_STYLE_ASSIGNMENT (( #3661 ) ) ;
#3674 = CIRCLE ( 'NONE', #5825, 0.05000000000000002359 ) ;
#3675 = CARTESIAN_POINT ( 'NONE',  ( -0.1869388715565518388, 0.1409207667389356933, 0.000000000000000000 ) ) ;
#3676 = CARTESIAN_POINT ( 'NONE',  ( -1.000000000000000000, -1.100000000000000089, -0.05000000000000012074 ) ) ;
#3677 = DIRECTION ( 'NONE',  ( -0.4285842068721734122, 0.9035018415143103443, 0.000000000000000000 ) ) ;
#3678 = DIRECTION ( 'NONE',  ( -0.000000000000000000, -0.000000000000000000, -1.000000000000000000 ) ) ;
#3679 = CARTESIAN_POINT ( 'NONE',  ( 0.8376123799525415636, -1.392105324375021214, 1.030065463254725477 ) ) ;
#3680 = MECHANICAL_DESIGN_GEOMETRIC_PRESENTATION_REPRESENTATION (  '', ( #5111 ), #4002 ) ;
#3681 = CARTESIAN_POINT ( 'NONE',  ( -0.1986750631421097257, 0.06739649281637533074, 0.000000000000000000 ) ) ;
#3682 = ADVANCED_FACE ( 'NONE', ( #5938 ), #2055, .T. ) ;
#3683 = ORIENTED_EDGE ( 'NONE', *, *, #3188, .F. ) ;
#3684 = ORIENTED_EDGE ( 'NONE', *, *, #4371, .F. ) ;
#3685 = ORIENTED_EDGE ( 'NONE', *, *, #3275, .F. ) ;
#3686 = AXIS2_PLACEMENT_3D ( 'NONE', #5986, #1540, #4977 ) ;
#3687 = VERTEX_POINT ( 'NONE', #2557 ) ;
#3688 = LINE ( 'NONE', #3798, #918 ) ;
#3689 = SURFACE_STYLE_USAGE ( .BOTH. , #3157 ) ;
#3690 = ORIENTED_EDGE ( 'NONE', *, *, #1936, .F. ) ;
#3691 = DIRECTION ( 'NONE',  ( -0.000000000000000000, -0.000000000000000000, -1.000000000000000000 ) ) ;
#3692 = EDGE_LOOP ( 'NONE', ( #1671, #3381, #1136, #2287 ) ) ;
#3693 = DIRECTION ( 'NONE',  ( -0.000000000000000000, -0.000000000000000000, -1.000000000000000000 ) ) ;
#3694 = CARTESIAN_POINT ( 'NONE',  ( -0.1728410961237206445, 0.1680967785165100592, 0.000000000000000000 ) ) ;
#3695 = LINE ( 'NONE', #1923, #6318 ) ;
#3696 = VECTOR ( 'NONE', #3469, 1000.000000000000114 ) ;
#3697 = DIRECTION ( 'NONE',  ( -1.000000000000000000, 0.000000000000000000, -1.807003620809174188E-15 ) ) ;
#3698 = PRESENTATION_LAYER_ASSIGNMENT (  '', '', ( #1902 ) ) ;
#3699 = EDGE_CURVE ( 'NONE', #2431, #1356, #3695, .T. ) ;
#3700 = SURFACE_STYLE_USAGE ( .BOTH. , #1696 ) ;
#3701 = CARTESIAN_POINT ( 'NONE',  ( -0.1902519888114413416, 0.1214665072422752568, 0.02999999999999999889 ) ) ;
#3702 = CYLINDRICAL_SURFACE ( 'NONE', #2298, 0.04999999999999995420 ) ;
#3703 = DIRECTION ( 'NONE',  ( -0.000000000000000000, 1.000000000000000000, -0.000000000000000000 ) ) ;
#3704 = DIRECTION ( 'NONE',  ( -0.000000000000000000, 1.000000000000000000, -0.000000000000000000 ) ) ;
#3705 = ORIENTED_EDGE ( 'NONE', *, *, #2811, .T. ) ;
#3706 = EDGE_CURVE ( 'NONE', #6350, #3982, #5307, .T. ) ;
#3707 = SURFACE_STYLE_USAGE ( .BOTH. , #781 ) ;
#3708 = ORIENTED_EDGE ( 'NONE', *, *, #4117, .F. ) ;
#3709 = DIRECTION ( 'NONE',  ( -1.000000000000000000, -1.548860246407863583E-16, -0.000000000000000000 ) ) ;
#3710 = CARTESIAN_POINT ( 'NONE',  ( 0.2292063367956304887, 0.03249744641934537021, 0.02999999999999999889 ) ) ;
#3711 = CARTESIAN_POINT ( 'NONE',  ( -0.1644639579601270551, 0.1766081622800272921, 0.000000000000000000 ) ) ;
#3712 = LINE ( 'NONE', #4584, #4256 ) ;
#3713 = CARTESIAN_POINT ( 'NONE',  ( 0.1646095290195339067, 0.1722859740769842885, 0.000000000000000000 ) ) ;
#3714 = ADVANCED_FACE ( 'NONE', ( #5228 ), #1098, .T. ) ;
#3715 = DIRECTION ( 'NONE',  ( -0.000000000000000000, 1.000000000000000000, -0.000000000000000000 ) ) ;
#3716 = ORIENTED_EDGE ( 'NONE', *, *, #1973, .F. ) ;
#3717 =( NAMED_UNIT ( * ) SI_UNIT ( $, .STERADIAN. ) SOLID_ANGLE_UNIT ( ) );
#3718 = DIRECTION ( 'NONE',  ( -0.000000000000000000, 1.000000000000000000, -0.000000000000000000 ) ) ;
#3719 = PRESENTATION_LAYER_ASSIGNMENT (  '', '', ( #4082 ) ) ;
#3720 = DIRECTION ( 'NONE',  ( 0.000000000000000000, 0.000000000000000000, -1.000000000000000000 ) ) ;
#3721 = CARTESIAN_POINT ( 'NONE',  ( 0.1612636241520405689, 0.1682983806167294705, 0.02999999999999999889 ) ) ;
#3722 = VERTEX_POINT ( 'NONE', #660 ) ;
#3723 =( LENGTH_UNIT ( ) NAMED_UNIT ( * ) SI_UNIT ( .MILLI., .METRE. ) );
#3724 = ORIENTED_EDGE ( 'NONE', *, *, #6128, .F. ) ;
#3725 =( GEOMETRIC_REPRESENTATION_CONTEXT ( 3 ) GLOBAL_UNCERTAINTY_ASSIGNED_CONTEXT ( ( #5677 ) ) GLOBAL_UNIT_ASSIGNED_CONTEXT ( ( #330, #2328, #4274 ) ) REPRESENTATION_CONTEXT ( 'NONE', 'WORKASPACE' ) );
#3726 = ORIENTED_EDGE ( 'NONE', *, *, #1125, .T. ) ;
#3727 = CARTESIAN_POINT ( 'NONE',  ( 0.2935640482879928737, 0.2054235635797306558, 0.02999999999999999889 ) ) ;
#3728 = SURFACE_STYLE_USAGE ( .BOTH. , #2167 ) ;
#3730 = EDGE_LOOP ( 'NONE', ( #1960, #143, #3393, #719 ) ) ;
#3729 = EDGE_CURVE ( 'NONE', #1154, #2619, #1107, .T. ) ;
#3731 = DIRECTION ( 'NONE',  ( 0.000000000000000000, -0.000000000000000000, 1.000000000000000000 ) ) ;
#3732 = CARTESIAN_POINT ( 'NONE',  ( 0.2002228758398475750, 0.01610655189553657218, 0.02999999999999999889 ) ) ;
#3733 = DIRECTION ( 'NONE',  ( 0.000000000000000000, 1.000000000000000000, 0.000000000000000000 ) ) ;
#3734 = SURFACE_STYLE_FILL_AREA ( #6126 ) ;
#3735 = EDGE_CURVE ( 'NONE', #619, #4308, #1142, .T. ) ;
#3736 = DIRECTION ( 'NONE',  ( -0.000000000000000000, -0.000000000000000000, -1.000000000000000000 ) ) ;
#3737 = SURFACE_STYLE_FILL_AREA ( #2132 ) ;
#3738 = UNCERTAINTY_MEASURE_WITH_UNIT (LENGTH_MEASURE( 1.000000000000000082E-05 ), #5656, 'distance_accuracy_value', 'NONE');
#3739 = CARTESIAN_POINT ( 'NONE',  ( -0.1688195030189070245, 0.1725513451213100402, 0.02999999999999999889 ) ) ;
#3740 = PLANE ( 'NONE',  #3802 ) ;
#3741 = LINE ( 'NONE', #5813, #2019 ) ;
#3742 = STYLED_ITEM ( 'NONE', ( #367 ), #1604 ) ;
#3743 = CARTESIAN_POINT ( 'NONE',  ( -0.1882335910108350330, 0.1805432343118973937, 0.02999999999999999889 ) ) ;
#3744 = COLOUR_RGB ( '',1.000000000000000000, 1.000000000000000000, 1.000000000000000000 ) ;
#3745 = CARTESIAN_POINT ( 'NONE',  ( 0.5776535529154035453, 1.399999999999999911, 0.1799999999999999933 ) ) ;
#3746 = ADVANCED_FACE ( 'NONE', ( #5613 ), #5498, .F. ) ;
#3747 = PRESENTATION_STYLE_ASSIGNMENT (( #5175 ) ) ;
#3748 = DIRECTION ( 'NONE',  ( 1.000000000000000000, 0.000000000000000000, 0.000000000000000000 ) ) ;
#3749 = DIRECTION ( 'NONE',  ( 0.4285960263555439465, -0.9034962347415942396, 0.000000000000000000 ) ) ;
#3750 = VECTOR ( 'NONE', #6162, 1000.000000000000000 ) ;
#3751 = PLANE ( 'NONE',  #1887 ) ;
#3752 = DIRECTION ( 'NONE',  ( -0.000000000000000000, 1.000000000000000000, -0.000000000000000000 ) ) ;
#3753 = DIRECTION ( 'NONE',  ( 0.000000000000000000, 0.000000000000000000, -1.000000000000000000 ) ) ;
#3754 = DIRECTION ( 'NONE',  ( -0.000000000000000000, -0.000000000000000000, 1.000000000000000000 ) ) ;
#3755 =( GEOMETRIC_REPRESENTATION_CONTEXT ( 3 ) GLOBAL_UNCERTAINTY_ASSIGNED_CONTEXT ( ( #3422 ) ) GLOBAL_UNIT_ASSIGNED_CONTEXT ( ( #4753, #2760, #1305 ) ) REPRESENTATION_CONTEXT ( 'NONE', 'WORKASPACE' ) );
#3756 = VERTEX_POINT ( 'NONE', #5559 ) ;
#3757 = VERTEX_POINT ( 'NONE', #6069 ) ;
#3758 = VERTEX_POINT ( 'NONE', #2577 ) ;
#3759 = CARTESIAN_POINT ( 'NONE',  ( 1.549999999999999822, -0.3999999999999999667, 0.8299999999999999600 ) ) ;
#3760 = FACE_OUTER_BOUND ( 'NONE', #3607, .T. ) ;
#3761 = FILL_AREA_STYLE_COLOUR ( '', #4000 ) ;
#3762 = ORIENTED_EDGE ( 'NONE', *, *, #6128, .T. ) ;
#3763 = DIRECTION ( 'NONE',  ( 0.000000000000000000, 1.000000000000000000, 0.000000000000000000 ) ) ;
#3764 = ORIENTED_EDGE ( 'NONE', *, *, #563, .F. ) ;
#3765 = FACE_OUTER_BOUND ( 'NONE', #4108, .T. ) ;
#3766 = ORIENTED_EDGE ( 'NONE', *, *, #4078, .F. ) ;
#3767 =( GEOMETRIC_REPRESENTATION_CONTEXT ( 3 ) GLOBAL_UNCERTAINTY_ASSIGNED_CONTEXT ( ( #3179 ) ) GLOBAL_UNIT_ASSIGNED_CONTEXT ( ( #1062, #4965, #5004 ) ) REPRESENTATION_CONTEXT ( 'NONE', 'WORKASPACE' ) );
#3768 = VECTOR ( 'NONE', #2067, 1000.000000000000000 ) ;
#3769 = EDGE_CURVE ( 'NONE', #3758, #3295, #4460, .T. ) ;
#3770 = CARTESIAN_POINT ( 'NONE',  ( 0.3262699884029854891, 0.06231459320685923259, 0.02999999999999999889 ) ) ;
#3771 = CARTESIAN_POINT ( 'NONE',  ( 1.750000000000000222, -1.399999999999999911, 0.9499999999999999556 ) ) ;
#3772 = CARTESIAN_POINT ( 'NONE',  ( 0.08658413697255337715, 0.1144522267705756352, 0.02999999999999999889 ) ) ;
#3773 = FILL_AREA_STYLE ('',( #4338 ) ) ;
#3774 =( NAMED_UNIT ( * ) SI_UNIT ( $, .STERADIAN. ) SOLID_ANGLE_UNIT ( ) );
#3775 = ADVANCED_FACE ( 'NONE', ( #1060 ), #3632, .F. ) ;
#3776 = CARTESIAN_POINT ( 'NONE',  ( 0.2000784800838662780, 0.2179399846452313161, 0.000000000000000000 ) ) ;
#3777 = PRESENTATION_LAYER_ASSIGNMENT (  '', '', ( #1693 ) ) ;
#3778 = EDGE_CURVE ( 'NONE', #4758, #2698, #4316, .T. ) ;
#3779 = EDGE_CURVE ( 'NONE', #5797, #298, #2759, .T. ) ;
#3780 = COLOUR_RGB ( '',0.7960784313725489669, 0.8235294117647058432, 0.9372549019607843146 ) ;
#3781 = CARTESIAN_POINT ( 'NONE',  ( -0.1476952740313746404, 0.04453077267264398537, 0.000000000000000000 ) ) ;
#3782 = CARTESIAN_POINT ( 'NONE',  ( 0.3222679023953973765, 0.1080560714063061589, 0.02999999999999999889 ) ) ;
#3783 = CARTESIAN_POINT ( 'NONE',  ( -0.2839286835402671794, 0.08111889343724229540, 0.02999999999999999889 ) ) ;
#3784 = ORIENTED_EDGE ( 'NONE', *, *, #3441, .F. ) ;
#3785 =( NAMED_UNIT ( * ) PLANE_ANGLE_UNIT ( ) SI_UNIT ( $, .RADIAN. ) );
#3786 = VECTOR ( 'NONE', #5112, 1000.000000000000000 ) ;
#3787 = ORIENTED_EDGE ( 'NONE', *, *, #1360, .T. ) ;
#3788 = CARTESIAN_POINT ( 'NONE',  ( -1.549999999999999822, -1.399999999999999911, 0.8299999999999999600 ) ) ;
#3789 = EDGE_CURVE ( 'NONE', #3722, #8, #5385, .T. ) ;
#3790 = LINE ( 'NONE', #42, #4635 ) ;
#3791 = CARTESIAN_POINT ( 'NONE',  ( 0.3170946078099046161, 0.04935215368305598954, 0.000000000000000000 ) ) ;
#3792 = CARTESIAN_POINT ( 'NONE',  ( -0.1733522511855907222, 0.1959952214159816075, 0.000000000000000000 ) ) ;
#3793 = CARTESIAN_POINT ( 'NONE',  ( -0.2082517169004348689, 0.1120202201024708966, 0.02999999999999999889 ) ) ;
#3794 = ORIENTED_EDGE ( 'NONE', *, *, #3816, .F. ) ;
#3795 =( NAMED_UNIT ( * ) PLANE_ANGLE_UNIT ( ) SI_UNIT ( $, .RADIAN. ) );
#3796 = CARTESIAN_POINT ( 'NONE',  ( 1.629999999999999893, -0.4000000000000000222, 0.1200000000000002176 ) ) ;
#3797 = FILL_AREA_STYLE ('',( #699 ) ) ;
#3798 = CARTESIAN_POINT ( 'NONE',  ( -1.549999999999999822, 0.4000000000000000777, 0.9499999999999999556 ) ) ;
#3799 = VECTOR ( 'NONE', #2656, 1000.000000000000000 ) ;
#3800 = ORIENTED_EDGE ( 'NONE', *, *, #2317, .T. ) ;
#3801 = CARTESIAN_POINT ( 'NONE',  ( -0.1422620168736004886, 0.04261729087313972236, 0.000000000000000000 ) ) ;
#3802 = AXIS2_PLACEMENT_3D ( 'NONE', #5744, #6264, #5764 ) ;
#3803 = CARTESIAN_POINT ( 'NONE',  ( 1.580000000000000071, 0.4000000000000000777, 0.7800000000000000266 ) ) ;
#3804 = CARTESIAN_POINT ( 'NONE',  ( -0.2082876578992415295, 0.1144922908731397238, 0.02999999999999999889 ) ) ;
#3805 = DIRECTION ( 'NONE',  ( 0.000000000000000000, 0.000000000000000000, -1.000000000000000000 ) ) ;
#3806 = ORIENTED_EDGE ( 'NONE', *, *, #3269, .F. ) ;
#3807 = VECTOR ( 'NONE', #157, 1000.000000000000000 ) ;
#3808 = AXIS2_PLACEMENT_3D ( 'NONE', #5792, #3805, #455 ) ;
#3809 = DIRECTION ( 'NONE',  ( 1.000000000000000000, 0.000000000000000000, -0.000000000000000000 ) ) ;
#3810 = CARTESIAN_POINT ( 'NONE',  ( -0.1614354221661812028, 0.2038905908126788513, 0.02999999999999999889 ) ) ;
#3811 = CARTESIAN_POINT ( 'NONE',  ( -1.579999999999999849, 0.4000000000000000777, 0.7800000000000000266 ) ) ;
#3812 = DIRECTION ( 'NONE',  ( -0.000000000000000000, 1.000000000000000000, -0.000000000000000000 ) ) ;
#3813 = FILL_AREA_STYLE ('',( #1978 ) ) ;
#3814 = CARTESIAN_POINT ( 'NONE',  ( 1.550000000000000266, -1.399999999999999911, 0.9499999999999999556 ) ) ;
#3815 = LINE ( 'NONE', #3354, #5432 ) ;
#3816 = EDGE_CURVE ( 'NONE', #1687, #2781, #1465, .T. ) ;
#3817 = CARTESIAN_POINT ( 'NONE',  ( 0.2231468690469123883, 0.2013588792346633904, 0.02999999999999999889 ) ) ;
#3818 = CARTESIAN_POINT ( 'NONE',  ( 0.4583790087674252112, 0.01701632933467818118, 0.02999999999999999889 ) ) ;
#3819 =( LENGTH_UNIT ( ) NAMED_UNIT ( * ) SI_UNIT ( .MILLI., .METRE. ) );
#3820 = CARTESIAN_POINT ( 'NONE',  ( 1.549999999999999822, -1.399999999999999911, 0.8299999999999999600 ) ) ;
#3821 = UNCERTAINTY_MEASURE_WITH_UNIT (LENGTH_MEASURE( 1.000000000000000082E-05 ), #6375, 'distance_accuracy_value', 'NONE');
#3822 = LINE ( 'NONE', #5896, #435 ) ;
#3823 = CARTESIAN_POINT ( 'NONE',  ( 0.08658413697255337715, 0.1349650472833961445, 0.02999999999999999889 ) ) ;
#3824 = CARTESIAN_POINT ( 'NONE',  ( -0.1396820147306183924, 0.1902301293504068402, 0.02999999999999999889 ) ) ;
#3825 = CARTESIAN_POINT ( 'NONE',  ( 0.2325777267161431294, 0.01188812420647305385, 0.000000000000000000 ) ) ;
#3826 =( NAMED_UNIT ( * ) PLANE_ANGLE_UNIT ( ) SI_UNIT ( $, .RADIAN. ) );
#3827 = DIRECTION ( 'NONE',  ( -0.000000000000000000, -0.000000000000000000, -1.000000000000000000 ) ) ;
#3828 = LINE ( 'NONE', #4780, #5672 ) ;
#3829 = COLOUR_RGB ( '',0.7960784313725489669, 0.8235294117647058432, 0.9372549019607843146 ) ;
#3830 = ORIENTED_EDGE ( 'NONE', *, *, #6254, .F. ) ;
#3831 = CARTESIAN_POINT ( 'NONE',  ( -0.1961561027527411183, 0.1680639748717461801, 0.02999999999999999889 ) ) ;
#3832 = LINE ( 'NONE', #4024, #748 ) ;
#3833 = DIRECTION ( 'NONE',  ( 0.4285842068721734122, -0.9035018415143103443, 0.000000000000000000 ) ) ;
#3834 = ORIENTED_EDGE ( 'NONE', *, *, #5209, .T. ) ;
#3835 = CARTESIAN_POINT ( 'NONE',  ( -0.1614354221661812028, 0.2038905908126788513, 0.000000000000000000 ) ) ;
#3836 = CARTESIAN_POINT ( 'NONE',  ( -0.2012256629235950611, 0.07347328192109571499, 1.355252715606880543E-17 ) ) ;
#3837 = EDGE_LOOP ( 'NONE', ( #210, #3339, #3368, #4330 ) ) ;
#3838 =( NAMED_UNIT ( * ) PLANE_ANGLE_UNIT ( ) SI_UNIT ( $, .RADIAN. ) );
#3839 = CARTESIAN_POINT ( 'NONE',  ( 0.2752040597938092414, 0.2148357737754565122, 0.02999999999999999889 ) ) ;
#3840 = VECTOR ( 'NONE', #5756, 1000.000000000000000 ) ;
#3841 = ORIENTED_EDGE ( 'NONE', *, *, #4645, .F. ) ;
#3842 = PLANE ( 'NONE',  #924 ) ;
#3843 = CARTESIAN_POINT ( 'NONE',  ( 0.1045328549212713176, 0.01701632933467818118, 0.02999999999999999889 ) ) ;
#3844 = AXIS2_PLACEMENT_3D ( 'NONE', #3307, #6197, #5190 ) ;
#3845 = EDGE_LOOP ( 'NONE', ( #3405, #1736, #2080, #1403 ) ) ;
#3846 = CARTESIAN_POINT ( 'NONE',  ( 0.2760531803060731759, 0.04173281199872666547, 0.02999999999999999889 ) ) ;
#3847 = VERTEX_POINT ( 'NONE', #1761 ) ;
#3848 = CARTESIAN_POINT ( 'NONE',  ( -0.1436713116357698217, 0.1889227657640480951, 0.000000000000000000 ) ) ;
#3849 = LINE ( 'NONE', #6383, #4152 ) ;
#3850 = PRESENTATION_STYLE_ASSIGNMENT (( #1535 ) ) ;
#3851 = CARTESIAN_POINT ( 'NONE',  ( 0.2191798895159728089, 0.01252125501313116479, 0.000000000000000000 ) ) ;
#3852 = CARTESIAN_POINT ( 'NONE',  ( 0.2516705242915028840, 0.2001043726000121536, 0.02999999999999999889 ) ) ;
#3853 = CARTESIAN_POINT ( 'NONE',  ( -0.008287657899241539228, 0.1349650472833961445, 0.000000000000000000 ) ) ;
#3854 = CARTESIAN_POINT ( 'NONE',  ( -0.008287657899241539228, 0.03752914984749869398, 0.02999999999999999889 ) ) ;
#3855 = MECHANICAL_DESIGN_GEOMETRIC_PRESENTATION_REPRESENTATION (  '', ( #4717 ), #1611 ) ;
#3856 = CARTESIAN_POINT ( 'NONE',  ( -0.3651386194377030381, 0.1016317139500628047, 0.000000000000000000 ) ) ;
#3857 = VECTOR ( 'NONE', #2120, 1000.000000000000000 ) ;
#3858 = AXIS2_PLACEMENT_3D ( 'NONE', #2185, #2231, #2801 ) ;
#3859 = VECTOR ( 'NONE', #3197, 1000.000000000000000 ) ;
#3860 = EDGE_CURVE ( 'NONE', #4792, #3478, #3606, .T. ) ;
#3861 = CARTESIAN_POINT ( 'NONE',  ( -0.2339286835402671350, 0.01701632933467818118, 0.02999999999999999889 ) ) ;
#3862 = ORIENTED_EDGE ( 'NONE', *, *, #6352, .T. ) ;
#3863 = CARTESIAN_POINT ( 'NONE',  ( 0.1763084857130435834, 0.05105757082658883561, 0.02999999999999999889 ) ) ;
#3864 = CARTESIAN_POINT ( 'NONE',  ( -0.1200423965011278016, 0.1943690517185640010, 0.02999999999999999889 ) ) ;
#3865 = EDGE_CURVE ( 'NONE', #5462, #4135, #4309, .T. ) ;
#3866 = SURFACE_STYLE_FILL_AREA ( #969 ) ;
#3867 = CARTESIAN_POINT ( 'NONE',  ( -0.1200423965011278016, 0.1943690517185640010, 0.000000000000000000 ) ) ;
#3868 = EDGE_CURVE ( 'NONE', #419, #4419, #1135, .T. ) ;
#3869 = STYLED_ITEM ( 'NONE', ( #5591 ), #1318 ) ;
#3870 = ORIENTED_EDGE ( 'NONE', *, *, #36, .T. ) ;
#3871 = STYLED_ITEM ( 'NONE', ( #4286 ), #1791 ) ;
#3872 = CARTESIAN_POINT ( 'NONE',  ( 0.3162239594065519577, 0.08367486417016700706, 0.02999999999999999889 ) ) ;
#3873 = LINE ( 'NONE', #4198, #1239 ) ;
#3874 = CARTESIAN_POINT ( 'NONE',  ( 0.1827615259400978132, 0.02276346071548096192, 0.000000000000000000 ) ) ;
#3875 = CARTESIAN_POINT ( 'NONE',  ( 0.2399355800268253569, 0.2015626774714116831, 0.02999999999999999889 ) ) ;
#3876 =( LENGTH_UNIT ( ) NAMED_UNIT ( * ) SI_UNIT ( .MILLI., .METRE. ) );
#3877 = ORIENTED_EDGE ( 'NONE', *, *, #6047, .F. ) ;
#3878 = DIRECTION ( 'NONE',  ( 0.000000000000000000, 0.000000000000000000, 1.000000000000000000 ) ) ;
#3879 = VERTEX_POINT ( 'NONE', #3208 ) ;
#3880 = DIRECTION ( 'NONE',  ( 0.000000000000000000, 1.000000000000000000, 0.000000000000000000 ) ) ;
#3881 = CARTESIAN_POINT ( 'NONE',  ( -0.1986750631421097257, 0.06739649281637533074, 0.02999999999999999889 ) ) ;
#3882 = ORIENTED_EDGE ( 'NONE', *, *, #3188, .T. ) ;
#3883 = CARTESIAN_POINT ( 'NONE',  ( -0.1480312476428312374, 0.2098047908731397182, 0.000000000000000000 ) ) ;
#3884 = ORIENTED_EDGE ( 'NONE', *, *, #2317, .F. ) ;
#3885 = CARTESIAN_POINT ( 'NONE',  ( -0.1265024908919525348, 0.03947189900142248492, 0.02999999999999999889 ) ) ;
#3886 = ORIENTED_EDGE ( 'NONE', *, *, #1432, .T. ) ;
#3887 = SURFACE_STYLE_FILL_AREA ( #1688 ) ;
#3888 =( GEOMETRIC_REPRESENTATION_CONTEXT ( 3 ) GLOBAL_UNCERTAINTY_ASSIGNED_CONTEXT ( ( #2254 ) ) GLOBAL_UNIT_ASSIGNED_CONTEXT ( ( #1865, #1343, #4791 ) ) REPRESENTATION_CONTEXT ( 'NONE', 'WORKASPACE' ) );
#3889 = CARTESIAN_POINT ( 'NONE',  ( 0.2127015767106469890, 0.01333380786140285663, 0.000000000000000000 ) ) ;
#3890 = FILL_AREA_STYLE_COLOUR ( '', #3974 ) ;
#3891 = CARTESIAN_POINT ( 'NONE',  ( -0.1061642604633440956, 0.01701632933467818118, 0.02999999999999999889 ) ) ;
#3892 = ORIENTED_EDGE ( 'NONE', *, *, #2309, .T. ) ;
#3893 = AXIS2_PLACEMENT_3D ( 'NONE', #2146, #6134, #2652 ) ;
#3894 = AXIS2_PLACEMENT_3D ( 'NONE', #3854, #2370, #6332 ) ;
#3895 = DIRECTION ( 'NONE',  ( -0.000000000000000000, -0.000000000000000000, -1.000000000000000000 ) ) ;
#3896 = FACE_OUTER_BOUND ( 'NONE', #1664, .T. ) ;
#3897 = DIRECTION ( 'NONE',  ( -1.000000000000000000, -1.548860246407863583E-16, 0.000000000000000000 ) ) ;
#3898 = UNCERTAINTY_MEASURE_WITH_UNIT (LENGTH_MEASURE( 1.000000000000000082E-05 ), #4656, 'distance_accuracy_value', 'NONE');
#3899 = PRESENTATION_LAYER_ASSIGNMENT (  '', '', ( #2011 ) ) ;
#3900 = EDGE_CURVE ( 'NONE', #1334, #6114, #4532, .T. ) ;
#3901 = CARTESIAN_POINT ( 'NONE',  ( -0.1091165897473780344, 0.01704092912236109328, 0.02999999999999999889 ) ) ;
#3902 = FACE_OUTER_BOUND ( 'NONE', #1892, .T. ) ;
#3903 = DIRECTION ( 'NONE',  ( 1.000000000000000000, 0.000000000000000000, -0.000000000000000000 ) ) ;
#3904 = CARTESIAN_POINT ( 'NONE',  ( -0.08509054251462612461, 0.03752914984749868010, 0.02999999999999999889 ) ) ;
#3905 = CARTESIAN_POINT ( 'NONE',  ( 0.1884037323857908897, 0.02019676088551044732, 0.000000000000000000 ) ) ;
#3906 = ORIENTED_EDGE ( 'NONE', *, *, #1295, .F. ) ;
#3907 = CARTESIAN_POINT ( 'NONE',  ( -0.008287657899241539228, 0.1965035088218576864, 0.02999999999999999889 ) ) ;
#3908 = CARTESIAN_POINT ( 'NONE',  ( 0.4404302908187072152, 0.03752914984749869398, 0.000000000000000000 ) ) ;
#3909 = ORIENTED_EDGE ( 'NONE', *, *, #4602, .F. ) ;
#3910 = CARTESIAN_POINT ( 'NONE',  ( 0.1773126985740620387, 0.02565642783045759406, 0.000000000000000000 ) ) ;
#3911 = ORIENTED_EDGE ( 'NONE', *, *, #2637, .T. ) ;
#3912 = LINE ( 'NONE', #3343, #6000 ) ;
#3913 = ORIENTED_EDGE ( 'NONE', *, *, #4679, .T. ) ;
#3914 = VECTOR ( 'NONE', #6170, 1000.000000000000000 ) ;
#3915 = EDGE_CURVE ( 'NONE', #4874, #6238, #2199, .T. ) ;
#3916 = CARTESIAN_POINT ( 'NONE',  ( -0.3298822091812927959, 0.1780339575398064145, -0.000000000000000000 ) ) ;
#3917 = DIRECTION ( 'NONE',  ( -0.000000000000000000, 0.000000000000000000, -1.000000000000000000 ) ) ;
#3918 = ORIENTED_EDGE ( 'NONE', *, *, #1695, .T. ) ;
#3919 = VERTEX_POINT ( 'NONE', #3190 ) ;
#3920 = ADVANCED_FACE ( 'NONE', ( #5602 ), #2380, .T. ) ;
#3921 = CARTESIAN_POINT ( 'NONE',  ( 0.08658413697255337715, 0.1349650472833961445, 0.02999999999999999889 ) ) ;
#3922 = EDGE_LOOP ( 'NONE', ( #2135, #6184, #3128, #2043 ) ) ;
#3923 =( NAMED_UNIT ( * ) PLANE_ANGLE_UNIT ( ) SI_UNIT ( $, .RADIAN. ) );
#3924 = CARTESIAN_POINT ( 'NONE',  ( -0.1310595337904906788, 0.01844182732190651625, 0.02999999999999999889 ) ) ;
#3925 = SHAPE_DEFINITION_REPRESENTATION ( #3351, #1641 ) ;
#3926 = CARTESIAN_POINT ( 'NONE',  ( 0.2325777267161431294, 0.01188812420647305385, 0.000000000000000000 ) ) ;
#3927 = STYLED_ITEM ( 'NONE', ( #533 ), #3246 ) ;
#3928 = CARTESIAN_POINT ( 'NONE',  ( 0.2760531803060731759, 0.04173281199872666547, 0.000000000000000000 ) ) ;
#3929 = SURFACE_SIDE_STYLE ('',( #2256 ) ) ;
#3930 = CARTESIAN_POINT ( 'NONE',  ( 0.2630844861722219652, 0.01521420568250002325, 0.02999999999999999889 ) ) ;
#3931 = CARTESIAN_POINT ( 'NONE',  ( 0.1884037323857908897, 0.02019676088551044732, 0.000000000000000000 ) ) ;
#3932 = STYLED_ITEM ( 'NONE', ( #4434 ), #4783 ) ;
#3933 = LINE ( 'NONE', #1462, #2527 ) ;
#3934 = VERTEX_POINT ( 'NONE', #2224 ) ;
#3935 = STYLED_ITEM ( 'NONE', ( #2913 ), #6240 ) ;
#3936 = EDGE_CURVE ( 'NONE', #3249, #5168, #990, .T. ) ;
#3937 = VECTOR ( 'NONE', #5747, 1000.000000000000000 ) ;
#3938 = FILL_AREA_STYLE_COLOUR ( '', #6216 ) ;
#3939 = CARTESIAN_POINT ( 'NONE',  ( 0.3389595543585182669, 0.09812208116716245043, 0.02999999999999999889 ) ) ;
#3940 = UNCERTAINTY_MEASURE_WITH_UNIT (LENGTH_MEASURE( 1.000000000000000082E-05 ), #1013, 'distance_accuracy_value', 'NONE');
#3941 = CARTESIAN_POINT ( 'NONE',  ( -0.1811821868524746415, 0.04173476651852754682, 0.02999999999999999889 ) ) ;
#3942 = VERTEX_POINT ( 'NONE', #4832 ) ;
#3943 = FILL_AREA_STYLE_COLOUR ( '', #393 ) ;
#3944 = EDGE_CURVE ( 'NONE', #2471, #1687, #464, .T. ) ;
#3945 = DIRECTION ( 'NONE',  ( -0.000000000000000000, 1.000000000000000000, -0.000000000000000000 ) ) ;
#3946 = STYLED_ITEM ( 'NONE', ( #3109 ), #1635 ) ;
#3947 = CARTESIAN_POINT ( 'NONE',  ( 0.2760531803060731759, 0.04173281199872666547, 0.000000000000000000 ) ) ;
#3948 = EDGE_LOOP ( 'NONE', ( #267, #5652, #5397 ) ) ;
#3949 = DIRECTION ( 'NONE',  ( 0.000000000000000000, -1.000000000000000000, 0.000000000000000000 ) ) ;
#3950 = CARTESIAN_POINT ( 'NONE',  ( 0.3224815728699892969, 0.1168160088218576781, 0.02999999999999999889 ) ) ;
#3951 = CARTESIAN_POINT ( 'NONE',  ( -0.4236722732838569816, 0.01701632933467818118, 0.02999999999999999889 ) ) ;
#3952 = ORIENTED_EDGE ( 'NONE', *, *, #4785, .T. ) ;
#3953 = VERTEX_POINT ( 'NONE', #2338 ) ;
#3954 = CARTESIAN_POINT ( 'NONE',  ( 0.3224128001216607364, 0.1226783898601402772, 0.02999999999999999889 ) ) ;
#3955 = SURFACE_SIDE_STYLE ('',( #2266 ) ) ;
#3956 = ORIENTED_EDGE ( 'NONE', *, *, #5840, .T. ) ;
#3957 = FILL_AREA_STYLE ('',( #2458 ) ) ;
#3958 = DIRECTION ( 'NONE',  ( 1.541323609107333291E-16, -0.9951340753189259480, 0.09853005703411682470 ) ) ;
#3959 = PRESENTATION_LAYER_ASSIGNMENT (  '', '', ( #2499 ) ) ;
#3960 = CARTESIAN_POINT ( 'NONE',  ( 1.579999999999998517, 1.100000000000000089, 0.9499999999999999556 ) ) ;
#3961 = CARTESIAN_POINT ( 'NONE',  ( -0.1724774984515205778, 0.03401718973332478607, 0.02999999999999999889 ) ) ;
#3962 = VECTOR ( 'NONE', #1102, 1000.000000000000000 ) ;
#3963 = FACE_OUTER_BOUND ( 'NONE', #753, .T. ) ;
#3964 = LINE ( 'NONE', #3553, #52 ) ;
#3965 = CARTESIAN_POINT ( 'NONE',  ( 0.1612636241520405689, 0.06573427805262690993, 0.02999999999999999889 ) ) ;
#3966 = B_SPLINE_CURVE_WITH_KNOTS ( 'NONE', 3,
 ( #3801, #1803, #3781, #2320, #921, #429, #2275, #4778, #5260, #3327, #4751, #4327, #5828, #6327, #3366, #1846, #5741, #3346, #4302 ),
 .UNSPECIFIED., .F., .F.,
 ( 4, 1, 1, 1, 1, 1, 1, 1, 1, 1, 1, 1, 1, 1, 1, 1, 4 ),
 ( 0.000000000000000000, 0.06241450026327791806, 0.1233382314733143525, 0.1831245376921932511, 0.2417829946389428997, 0.3005788825509771445, 0.3596800748966263450, 0.4188816408500466992, 0.4795306644577832511, 0.5408505357600387198, 0.6023033958983802227, 0.6644632119464729536, 0.7278057226670121560, 0.7928948147812349134, 0.8596723283028315787, 0.9284644007334887927, 0.9999999999999998890 ),
 .UNSPECIFIED. ) ;
#3967 = COLOUR_RGB ( '',0.7960784313725489669, 0.8235294117647058432, 0.9372549019607843146 ) ;
#3968 = VECTOR ( 'NONE', #5768, 1000.000000000000000 ) ;
#3969 = CARTESIAN_POINT ( 'NONE',  ( -0.1869388715565518388, 0.1409207667389356933, 0.02999999999999999889 ) ) ;
#3970 = DIRECTION ( 'NONE',  ( 1.000000000000000000, 0.000000000000000000, -1.285153437213423508E-16 ) ) ;
#3971 = CARTESIAN_POINT ( 'NONE',  ( -1.629999999999999893, 1.100000000000000089, 0.7799999999999996936 ) ) ;
#3972 = CARTESIAN_POINT ( 'NONE',  ( -0.1476952740313746404, 0.04453077267264398537, 0.000000000000000000 ) ) ;
#3973 = CIRCLE ( 'NONE', #844, 0.04999999999999995420 ) ;
#3974 = COLOUR_RGB ( '',0.7960784313725489669, 0.8235294117647058432, 0.9372549019607843146 ) ;
#3975 = MECHANICAL_DESIGN_GEOMETRIC_PRESENTATION_REPRESENTATION (  '', ( #3439 ), #3558 ) ;
#3976 = EDGE_CURVE ( 'NONE', #3879, #1859, #4384, .T. ) ;
#3977 = DIRECTION ( 'NONE',  ( 0.000000000000000000, 0.000000000000000000, 1.000000000000000000 ) ) ;
#3978 = DIRECTION ( 'NONE',  ( -1.000000000000000000, 0.000000000000000000, -0.000000000000000000 ) ) ;
#3979 = DIRECTION ( 'NONE',  ( -0.000000000000000000, -0.000000000000000000, -1.000000000000000000 ) ) ;
#3980 = EDGE_CURVE ( 'NONE', #4985, #752, #1899, .T. ) ;
#3981 = CARTESIAN_POINT ( 'NONE',  ( -0.06213381174539531898, 0.1965035088218576864, 0.000000000000000000 ) ) ;
#3982 = VERTEX_POINT ( 'NONE', #5306 ) ;
#3983 = CARTESIAN_POINT ( 'NONE',  ( -0.1384014468042234769, 0.01964624461590239873, 0.02999999999999999889 ) ) ;
#3984 =( GEOMETRIC_REPRESENTATION_CONTEXT ( 3 ) GLOBAL_UNCERTAINTY_ASSIGNED_CONTEXT ( ( #4732 ) ) GLOBAL_UNIT_ASSIGNED_CONTEXT ( ( #2607, #727, #2101 ) ) REPRESENTATION_CONTEXT ( 'NONE', 'WORKASPACE' ) );
#3985 = SURFACE_SIDE_STYLE ('',( #2201 ) ) ;
#3986 = ORIENTED_EDGE ( 'NONE', *, *, #315, .F. ) ;
#3987 = FILL_AREA_STYLE_COLOUR ( '', #2347 ) ;
#3988 = EDGE_LOOP ( 'NONE', ( #2437, #4415, #4912, #3800 ) ) ;
#3989 = VERTEX_POINT ( 'NONE', #4328 ) ;
#3990 = ORIENTED_EDGE ( 'NONE', *, *, #3944, .F. ) ;
#3991 = CARTESIAN_POINT ( 'NONE',  ( -0.008287657899241539228, 0.2170163293346781819, 0.000000000000000000 ) ) ;
#3992 = CARTESIAN_POINT ( 'NONE',  ( 0.3138542346621357448, 0.1550039651566396670, 0.02999999999999999889 ) ) ;
#3993 = DIRECTION ( 'NONE',  ( 1.000000000000000000, -0.000000000000000000, -1.285153437213423508E-16 ) ) ;
#3994 = PRESENTATION_STYLE_ASSIGNMENT (( #4181 ) ) ;
#3995 = ORIENTED_EDGE ( 'NONE', *, *, #1982, .T. ) ;
#3996 = SURFACE_STYLE_FILL_AREA ( #105 ) ;
#3997 = CARTESIAN_POINT ( 'NONE',  ( 1.431778013715337750, -1.399999999999999911, 1.800000000000000044 ) ) ;
#3998 = CARTESIAN_POINT ( 'NONE',  ( -1.000000000000000222, -1.100000000000000089, 0.06999999999999986788 ) ) ;
#3999 = DIRECTION ( 'NONE',  ( -0.000000000000000000, -0.000000000000000000, -1.000000000000000000 ) ) ;
#4000 = COLOUR_RGB ( '',0.7960784313725489669, 0.8235294117647058432, 0.9372549019607843146 ) ;
#4001 = DIRECTION ( 'NONE',  ( 0.000000000000000000, 0.000000000000000000, 1.000000000000000000 ) ) ;
#4002 =( GEOMETRIC_REPRESENTATION_CONTEXT ( 3 ) GLOBAL_UNCERTAINTY_ASSIGNED_CONTEXT ( ( #2858 ) ) GLOBAL_UNIT_ASSIGNED_CONTEXT ( ( #5118, #6123, #5624 ) ) REPRESENTATION_CONTEXT ( 'NONE', 'WORKASPACE' ) );
#4003 = VERTEX_POINT ( 'NONE', #856 ) ;
#4004 = DIRECTION ( 'NONE',  ( -0.000000000000000000, -0.000000000000000000, -1.000000000000000000 ) ) ;
#4005 = MECHANICAL_DESIGN_GEOMETRIC_PRESENTATION_REPRESENTATION (  '', ( #4990 ), #4092 ) ;
#4006 = AXIS2_PLACEMENT_3D ( 'NONE', #1394, #2405, #938 ) ;
#4007 = CARTESIAN_POINT ( 'NONE',  ( 0.3224585245159880542, 0.1187807148536018653, -0.000000000000000000 ) ) ;
#4008 = UNCERTAINTY_MEASURE_WITH_UNIT (LENGTH_MEASURE( 1.000000000000000082E-05 ), #1831, 'distance_accuracy_value', 'NONE');
#4009 = CARTESIAN_POINT ( 'NONE',  ( -0.1061642604633440956, 0.01701632933467818118, 0.02999999999999999889 ) ) ;
#4010 = CARTESIAN_POINT ( 'NONE',  ( 1.579999999999998961, -1.100000000000000089, -0.05000000000000007910 ) ) ;
#4011 = ORIENTED_EDGE ( 'NONE', *, *, #5580, .F. ) ;
#4012 = AXIS2_PLACEMENT_3D ( 'NONE', #222, #2614, #4093 ) ;
#4013 = CARTESIAN_POINT ( 'NONE',  ( -0.06213381174539531898, 0.1965035088218576864, 0.02999999999999999889 ) ) ;
#4014 = UNCERTAINTY_MEASURE_WITH_UNIT (LENGTH_MEASURE( 1.000000000000000082E-05 ), #4166, 'distance_accuracy_value', 'NONE');
#4015 =( GEOMETRIC_REPRESENTATION_CONTEXT ( 3 ) GLOBAL_UNCERTAINTY_ASSIGNED_CONTEXT ( ( #3940 ) ) GLOBAL_UNIT_ASSIGNED_CONTEXT ( ( #1013, #1478, #1961 ) ) REPRESENTATION_CONTEXT ( 'NONE', 'WORKASPACE' ) );
#4016 = ORIENTED_EDGE ( 'NONE', *, *, #4324, .T. ) ;
#4017 = EDGE_CURVE ( 'NONE', #603, #1091, #604, .T. ) ;
#4018 = FILL_AREA_STYLE_COLOUR ( '', #1642 ) ;
#4019 = SURFACE_STYLE_USAGE ( .BOTH. , #2478 ) ;
#4020 = CARTESIAN_POINT ( 'NONE',  ( -0.2075449305015365231, 0.09996926669925663977, 0.000000000000000000 ) ) ;
#4021 = CARTESIAN_POINT ( 'NONE',  ( -0.1376727199323797002, 0.04128460491591174480, 0.000000000000000000 ) ) ;
#4022 = ORIENTED_EDGE ( 'NONE', *, *, #223, .T. ) ;
#4023 = EDGE_LOOP ( 'NONE', ( #4063, #5653, #6268, #6073, #4676, #4531, #1053, #5297 ) ) ;
#4024 = CARTESIAN_POINT ( 'NONE',  ( -0.008287657899241539228, 0.03752914984749869398, 0.000000000000000000 ) ) ;
#4025 = ORIENTED_EDGE ( 'NONE', *, *, #1856, .T. ) ;
#4026 = VECTOR ( 'NONE', #2503, 1000.000000000000000 ) ;
#4027 = ORIENTED_EDGE ( 'NONE', *, *, #5477, .T. ) ;
#4028 = CARTESIAN_POINT ( 'NONE',  ( 0.3150697138956303212, 0.04686408574493459989, 0.000000000000000000 ) ) ;
#4029 = EDGE_CURVE ( 'NONE', #458, #778, #385, .T. ) ;
#4030 =( NAMED_UNIT ( * ) PLANE_ANGLE_UNIT ( ) SI_UNIT ( $, .RADIAN. ) );
#4031 = SURFACE_SIDE_STYLE ('',( #1410 ) ) ;
#4032 = ADVANCED_FACE ( 'NONE', ( #2285 ), #316, .T. ) ;
#4033 = ORIENTED_EDGE ( 'NONE', *, *, #1822, .T. ) ;
#4034 = CARTESIAN_POINT ( 'NONE',  ( 0.1769606294518705214, 0.2083055825322639720, 0.02999999999999999889 ) ) ;
#4035 = PLANE ( 'NONE',  #3301 ) ;
#4036 = ORIENTED_EDGE ( 'NONE', *, *, #5125, .F. ) ;
#4037 = DIRECTION ( 'NONE',  ( -0.000000000000000000, -0.000000000000000000, -1.000000000000000000 ) ) ;
#4038 = CARTESIAN_POINT ( 'NONE',  ( -1.629999999999999893, -0.4000000000000000222, 0.7799999999999996936 ) ) ;
#4039 = SURFACE_STYLE_FILL_AREA ( #5973 ) ;
#4040 = SURFACE_STYLE_FILL_AREA ( #5635 ) ;
#4041 = VECTOR ( 'NONE', #215, 1000.000000000000000 ) ;
#4042 = LINE ( 'NONE', #5327, #583 ) ;
#4043 = SURFACE_STYLE_USAGE ( .BOTH. , #2083 ) ;
#4044 = VECTOR ( 'NONE', #4646, 1000.000000000000000 ) ;
#4045 = PRESENTATION_LAYER_ASSIGNMENT (  '', '', ( #4717 ) ) ;
#4046 = DIRECTION ( 'NONE',  ( -0.000000000000000000, 1.000000000000000000, -0.000000000000000000 ) ) ;
#4047 = DIRECTION ( 'NONE',  ( 0.000000000000000000, 0.000000000000000000, -1.000000000000000000 ) ) ;
#4048 =( NAMED_UNIT ( * ) PLANE_ANGLE_UNIT ( ) SI_UNIT ( $, .RADIAN. ) );
#4049 = CARTESIAN_POINT ( 'NONE',  ( -0.1886198590634157735, 0.09541852061423301834, 0.000000000000000000 ) ) ;
#4050 = AXIS2_PLACEMENT_3D ( 'NONE', #256, #197, #6133 ) ;
#4051 = PRESENTATION_STYLE_ASSIGNMENT (( #821 ) ) ;
#4052 = EDGE_CURVE ( 'NONE', #4068, #4876, #6082, .T. ) ;
#4053 = DIRECTION ( 'NONE',  ( -0.000000000000000000, 0.000000000000000000, 1.000000000000000000 ) ) ;
#4054 = SURFACE_STYLE_FILL_AREA ( #3035 ) ;
#4055 = CARTESIAN_POINT ( 'NONE',  ( 0.1824415751741750857, 0.2111893963269408925, 0.02999999999999999889 ) ) ;
#4056 = EDGE_LOOP ( 'NONE', ( #2302, #2645, #4352, #2113 ) ) ;
#4057 = SURFACE_SIDE_STYLE ('',( #5286 ) ) ;
#4058 = ORIENTED_EDGE ( 'NONE', *, *, #4398, .T. ) ;
#4059 = ORIENTED_EDGE ( 'NONE', *, *, #5887, .T. ) ;
#4060 = EDGE_CURVE ( 'NONE', #6127, #454, #7, .T. ) ;
#4061 = DIRECTION ( 'NONE',  ( -0.000000000000000000, -0.000000000000000000, -1.000000000000000000 ) ) ;
#4062 = PRESENTATION_STYLE_ASSIGNMENT (( #5233 ) ) ;
#4063 = ORIENTED_EDGE ( 'NONE', *, *, #3612, .F. ) ;
#4064 = FACE_OUTER_BOUND ( 'NONE', #334, .T. ) ;
#4065 = PLANE ( 'NONE',  #2677 ) ;
#4066 = ADVANCED_FACE ( 'NONE', ( #680 ), #4464, .F. ) ;
#4067 = CARTESIAN_POINT ( 'NONE',  ( 0.1612636241520405689, 0.06573427805262690993, 0.000000000000000000 ) ) ;
#4068 = VERTEX_POINT ( 'NONE', #1963 ) ;
#4069 = ORIENTED_EDGE ( 'NONE', *, *, #4597, .T. ) ;
#4070 = ORIENTED_EDGE ( 'NONE', *, *, #5501, .T. ) ;
#4071 = VECTOR ( 'NONE', #4931, 1000.000000000000000 ) ;
#4072 = CARTESIAN_POINT ( 'NONE',  ( -0.008287657899241539228, 0.1965035088218576864, 0.000000000000000000 ) ) ;
#4073 = CARTESIAN_POINT ( 'NONE',  ( -0.008287657899241539228, 0.1349650472833961445, 0.02999999999999999889 ) ) ;
#4074 = CARTESIAN_POINT ( 'NONE',  ( -1.579999999999998961, 1.100000000000000089, -0.05000000000000004441 ) ) ;
#4075 = SURFACE_STYLE_USAGE ( .BOTH. , #1518 ) ;
#4076 = DIRECTION ( 'NONE',  ( 1.000000000000000000, -0.000000000000000000, -1.285153437213423508E-16 ) ) ;
#4077 = CARTESIAN_POINT ( 'NONE',  ( 0.2452621900742329442, 0.01241225093805167073, 0.02999999999999999889 ) ) ;
#4078 = EDGE_CURVE ( 'NONE', #1128, #4003, #2964, .T. ) ;
#4079 = VECTOR ( 'NONE', #369, 1000.000000000000000 ) ;
#4080 = CARTESIAN_POINT ( 'NONE',  ( 0.2328181113315277440, 0.2221445344628833196, 0.000000000000000000 ) ) ;
#4081 = CARTESIAN_POINT ( 'NONE',  ( 0.1667022764679322033, 0.2016935008722218203, 0.02999999999999999889 ) ) ;
#4082 = STYLED_ITEM ( 'NONE', ( #3025 ), #2576 ) ;
#4083 = VERTEX_POINT ( 'NONE', #3201 ) ;
#4084 = FILL_AREA_STYLE ('',( #6051 ) ) ;
#4085 = CARTESIAN_POINT ( 'NONE',  ( 1.579999999999998517, -0.4000000000000000222, 0.9499999999999999556 ) ) ;
#4086 = CARTESIAN_POINT ( 'NONE',  ( -0.1889314627556143156, 0.05093498559558101713, 0.000000000000000000 ) ) ;
#4087 = ORIENTED_EDGE ( 'NONE', *, *, #3401, .F. ) ;
#4088 = AXIS2_PLACEMENT_3D ( 'NONE', #810, #5788, #6243 ) ;
#4089 = B_SPLINE_CURVE_WITH_KNOTS ( 'NONE', 3,
 ( #3904, #3429, #5824, #958, #2836, #409, #3885, #6342, #2857, #5872, #1430 ),
 .UNSPECIFIED., .F., .F.,
 ( 4, 1, 1, 1, 1, 1, 1, 1, 4 ),
 ( 0.000000000000000000, 0.1719006646132689997, 0.3306279320958805945, 0.4755488358809185634, 0.6067461903123634315, 0.7250238034674904020, 0.8297423869584565903, 0.9213228203439755015, 0.9999999999999998890 ),
 .UNSPECIFIED. ) ;
#4090 = CARTESIAN_POINT ( 'NONE',  ( -0.5776535529154035453, 1.399999999999999911, 0.1799999999999999933 ) ) ;
#4091 = ORIENTED_EDGE ( 'NONE', *, *, #4360, .T. ) ;
#4092 =( GEOMETRIC_REPRESENTATION_CONTEXT ( 3 ) GLOBAL_UNCERTAINTY_ASSIGNED_CONTEXT ( ( #1166 ) ) GLOBAL_UNIT_ASSIGNED_CONTEXT ( ( #1591, #4048, #6043 ) ) REPRESENTATION_CONTEXT ( 'NONE', 'WORKASPACE' ) );
#4093 = DIRECTION ( 'NONE',  ( 0.000000000000000000, 0.000000000000000000, -1.000000000000000000 ) ) ;
#4094 = EDGE_CURVE ( 'NONE', #3291, #2626, #2901, .T. ) ;
#4095 = CARTESIAN_POINT ( 'NONE',  ( 0.4583790087674252112, 0.2170163293346781819, 0.000000000000000000 ) ) ;
#4096 =( NAMED_UNIT ( * ) SI_UNIT ( $, .STERADIAN. ) SOLID_ANGLE_UNIT ( ) );
#4097 = CARTESIAN_POINT ( 'NONE',  ( -1.199999999999999956, 0.000000000000000000, 1.800000000000000044 ) ) ;
#4098 = ADVANCED_FACE ( 'NONE', ( #2590 ), #5494, .T. ) ;
#4099 = CARTESIAN_POINT ( 'NONE',  ( 1.533479931879897284, -0.6177366377430589806, 1.068777042607591099 ) ) ;
#4100 = EDGE_LOOP ( 'NONE', ( #2752, #1773, #1018, #3787 ) ) ;
#4101 = CARTESIAN_POINT ( 'NONE',  ( 0.2063140581526035910, 0.2194375458720644878, 0.02999999999999999889 ) ) ;
#4102 = PRESENTATION_LAYER_ASSIGNMENT (  '', '', ( #2094 ) ) ;
#4103 = FACE_OUTER_BOUND ( 'NONE', #6154, .T. ) ;
#4104 = SURFACE_STYLE_USAGE ( .BOTH. , #3610 ) ;
#4105 = EDGE_CURVE ( 'NONE', #1248, #166, #2438, .T. ) ;
#4106 = DIRECTION ( 'NONE',  ( -0.000000000000000000, -0.000000000000000000, -1.000000000000000000 ) ) ;
#4107 = EDGE_CURVE ( 'NONE', #1826, #3601, #5377, .T. ) ;
#4108 = EDGE_LOOP ( 'NONE', ( #5898, #605, #3636, #2709, #327, #2284, #630, #2937, #3764, #2854, #1132, #2187 ) ) ;
#4109 = ORIENTED_EDGE ( 'NONE', *, *, #4570, .F. ) ;
#4110 = CARTESIAN_POINT ( 'NONE',  ( -0.1462621221020835305, 0.2103896976407123864, 0.02999999999999999889 ) ) ;
#4111 = CARTESIAN_POINT ( 'NONE',  ( -0.3313645809761646688, 0.2170163293346781819, 0.02999999999999999889 ) ) ;
#4112 = EDGE_LOOP ( 'NONE', ( #4336, #5563, #67, #4232 ) ) ;
#4113 = LINE ( 'NONE', #4653, #2239 ) ;
#4114 = CARTESIAN_POINT ( 'NONE',  ( -0.5776535529154035453, 1.335642303222658311, 0.1799999999999999933 ) ) ;
#4115 = SURFACE_STYLE_FILL_AREA ( #2410 ) ;
#4116 = DIRECTION ( 'NONE',  ( -0.000000000000000000, -0.000000000000000000, -1.000000000000000000 ) ) ;
#4117 = EDGE_CURVE ( 'NONE', #920, #6127, #1299, .T. ) ;
#4118 = FILL_AREA_STYLE_COLOUR ( '', #2644 ) ;
#4119 = CARTESIAN_POINT ( 'NONE',  ( 0.1612636241520405689, 0.06573427805262690993, 0.000000000000000000 ) ) ;
#4120 =( NAMED_UNIT ( * ) PLANE_ANGLE_UNIT ( ) SI_UNIT ( $, .RADIAN. ) );
#4121 = VECTOR ( 'NONE', #1377, 1000.000000000000114 ) ;
#4122 = CARTESIAN_POINT ( 'NONE',  ( 1.629999999999999893, 1.100000000000000089, 0.1200000000000002176 ) ) ;
#4123 = CARTESIAN_POINT ( 'NONE',  ( 0.2192428186656078526, 0.2215306702172205044, 0.02999999999999999889 ) ) ;
#4124 = CARTESIAN_POINT ( 'NONE',  ( 1.406210549184707448, -1.335642303222658089, 0.1800000000000000766 ) ) ;
#4125 = FILL_AREA_STYLE ('',( #1624 ) ) ;
#4126 = VECTOR ( 'NONE', #814, 1000.000000000000000 ) ;
#4127 = MECHANICAL_DESIGN_GEOMETRIC_PRESENTATION_REPRESENTATION (  '', ( #5022 ), #394 ) ;
#4128 = ADVANCED_FACE ( 'NONE', ( #3765 ), #4673, .F. ) ;
#4129 = CARTESIAN_POINT ( 'NONE',  ( 1.550000000000000266, -1.399999999999999911, 0.9499999999999999556 ) ) ;
#4130 = VECTOR ( 'NONE', #3659, 1000.000000000000000 ) ;
#4131 = AXIS2_PLACEMENT_3D ( 'NONE', #6191, #1273, #5206 ) ;
#4132 = B_SPLINE_CURVE_WITH_KNOTS ( 'NONE', 3,
 ( #3426, #4457, #4905, #4948, #3447, #601, #1025, #622, #2040, #1548, #4067 ),
 .UNSPECIFIED., .F., .F.,
 ( 4, 1, 1, 1, 1, 1, 1, 1, 4 ),
 ( 0.000000000000000000, 0.1285151895116619924, 0.2529486363526580184, 0.3747547340060052301, 0.4959397538670500261, 0.6171806414298928178, 0.7409094692781375002, 0.8678111481862031962, 1.000000000000000000 ),
 .UNSPECIFIED. ) ;
#4133 = FACE_OUTER_BOUND ( 'NONE', #5884, .T. ) ;
#4134 = CARTESIAN_POINT ( 'NONE',  ( 1.749999999999999778, -1.100000000000000089, 0.7799999999999988054 ) ) ;
#4135 = VERTEX_POINT ( 'NONE', #5667 ) ;
#4136 = SURFACE_STYLE_FILL_AREA ( #4156 ) ;
#4137 = DIRECTION ( 'NONE',  ( -0.000000000000000000, 1.000000000000000000, -0.000000000000000000 ) ) ;
#4138 = CARTESIAN_POINT ( 'NONE',  ( 0.3098432568130650711, 0.1922609603585539728, 0.000000000000000000 ) ) ;
#4139 = CARTESIAN_POINT ( 'NONE',  ( 0.1942325572396191302, 0.01799940272596699253, 0.02999999999999999889 ) ) ;
#4140 = ORIENTED_EDGE ( 'NONE', *, *, #6015, .T. ) ;
#4141 = ORIENTED_EDGE ( 'NONE', *, *, #2444, .T. ) ;
#4142 = PRESENTATION_LAYER_ASSIGNMENT (  '', '', ( #5670 ) ) ;
#4143 = EDGE_CURVE ( 'NONE', #730, #6312, #2358, .T. ) ;
#4144 = ORIENTED_EDGE ( 'NONE', *, *, #1822, .F. ) ;
#4145 = COLOUR_RGB ( '',1.000000000000000000, 1.000000000000000000, 1.000000000000000000 ) ;
#4146 = VERTEX_POINT ( 'NONE', #6212 ) ;
#4147 = CARTESIAN_POINT ( 'NONE',  ( 0.3635072138956303434, 0.03752914984749869398, 0.02999999999999999889 ) ) ;
#4148 = CARTESIAN_POINT ( 'NONE',  ( -0.1884693679016228307, 0.1346934412878726395, 0.02999999999999999889 ) ) ;
#4149 = PLANE ( 'NONE',  #1347 ) ;
#4150 = ORIENTED_EDGE ( 'NONE', *, *, #5623, .F. ) ;
#4151 = CARTESIAN_POINT ( 'NONE',  ( -0.1046748063795661376, 0.2166323862451899063, 0.02999999999999999889 ) ) ;
#4152 = VECTOR ( 'NONE', #1940, 1000.000000000000000 ) ;
#4153 = DIRECTION ( 'NONE',  ( -0.000000000000000000, -0.000000000000000000, 1.000000000000000000 ) ) ;
#4154 = DIRECTION ( 'NONE',  ( -0.000000000000000000, -0.000000000000000000, -1.000000000000000000 ) ) ;
#4155 = MECHANICAL_DESIGN_GEOMETRIC_PRESENTATION_REPRESENTATION (  '', ( #2484 ), #4481 ) ;
#4156 = FILL_AREA_STYLE ('',( #2546 ) ) ;
#4157 = SURFACE_STYLE_FILL_AREA ( #1638 ) ;
#4158 = CARTESIAN_POINT ( 'NONE',  ( 1.579999999999999627, 1.100000000000000089, 0.06999999999999986788 ) ) ;
#4159 = CARTESIAN_POINT ( 'NONE',  ( 0.2126605205620721306, 0.1996890977669887601, 0.000000000000000000 ) ) ;
#4160 = CARTESIAN_POINT ( 'NONE',  ( 0.1758026699701651374, 0.1827709275356421970, 0.000000000000000000 ) ) ;
#4161 = ADVANCED_FACE ( 'NONE', ( #4225 ), #1393, .T. ) ;
#4162 = SURFACE_STYLE_USAGE ( .BOTH. , #6091 ) ;
#4163 = ORIENTED_EDGE ( 'NONE', *, *, #4728, .T. ) ;
#4164 = EDGE_CURVE ( 'NONE', #2619, #2716, #1739, .T. ) ;
#4165 = VECTOR ( 'NONE', #5395, 1000.000000000000000 ) ;
#4166 =( LENGTH_UNIT ( ) NAMED_UNIT ( * ) SI_UNIT ( .MILLI., .METRE. ) );
#4167 = CARTESIAN_POINT ( 'NONE',  ( -0.1849885356225280386, 0.1469029582918090771, 0.000000000000000000 ) ) ;
#4168 =( GEOMETRIC_REPRESENTATION_CONTEXT ( 3 ) GLOBAL_UNCERTAINTY_ASSIGNED_CONTEXT ( ( #3345 ) ) GLOBAL_UNIT_ASSIGNED_CONTEXT ( ( #3463, #536, #1020 ) ) REPRESENTATION_CONTEXT ( 'NONE', 'WORKASPACE' ) );
#4169 = FILL_AREA_STYLE_COLOUR ( '', #5989 ) ;
#4170 = ORIENTED_EDGE ( 'NONE', *, *, #3657, .F. ) ;
#4171 = SURFACE_SIDE_STYLE ('',( #5835 ) ) ;
#4172 = CARTESIAN_POINT ( 'NONE',  ( -0.1452388157711278771, 0.02116458151853222586, 0.000000000000000000 ) ) ;
#4173 = ORIENTED_EDGE ( 'NONE', *, *, #3706, .F. ) ;
#4174 = LINE ( 'NONE', #1555, #5330 ) ;
#4175 =( LENGTH_UNIT ( ) NAMED_UNIT ( * ) SI_UNIT ( .MILLI., .METRE. ) );
#4176 = ORIENTED_EDGE ( 'NONE', *, *, #563, .T. ) ;
#4177 = AXIS2_PLACEMENT_3D ( 'NONE', #4576, #1659, #5517 ) ;
#4178 = CARTESIAN_POINT ( 'NONE',  ( -0.1903389399505236446, 0.1145323549757038262, 0.02999999999999999889 ) ) ;
#4179 = ORIENTED_EDGE ( 'NONE', *, *, #1390, .F. ) ;
#4180 = EDGE_CURVE ( 'NONE', #5600, #2698, #5523, .T. ) ;
#4181 = SURFACE_STYLE_USAGE ( .BOTH. , #2170 ) ;
#4182 = CARTESIAN_POINT ( 'NONE',  ( 0.2026151011864650020, 0.1970660559784057630, 0.000000000000000000 ) ) ;
#4183 = CARTESIAN_POINT ( 'NONE',  ( 0.1799031910837051162, 0.1857090284347707176, 0.02999999999999999889 ) ) ;
#4184 = DIRECTION ( 'NONE',  ( 0.1371063245349692372, -0.09720021651107783878, -0.9857758232390928521 ) ) ;
#4185 = ORIENTED_EDGE ( 'NONE', *, *, #697, .T. ) ;
#4186 = LINE ( 'NONE', #6381, #567 ) ;
#4187 = EDGE_CURVE ( 'NONE', #3325, #2162, #5455, .T. ) ;
#4188 = ORIENTED_EDGE ( 'NONE', *, *, #1314, .F. ) ;
#4189 = DIRECTION ( 'NONE',  ( 0.000000000000000000, 1.000000000000000000, 0.000000000000000000 ) ) ;
#4190 = CARTESIAN_POINT ( 'NONE',  ( -0.1895277425015867989, 0.1282088326864312955, 0.000000000000000000 ) ) ;
#4191 = EDGE_CURVE ( 'NONE', #6260, #6040, #3373, .T. ) ;
#4192 = CARTESIAN_POINT ( 'NONE',  ( -1.549999999999999822, 1.335642303222658089, 0.1799999999999999933 ) ) ;
#4193 = STYLED_ITEM ( 'NONE', ( #4369 ), #1434 ) ;
#4194 = CARTESIAN_POINT ( 'NONE',  ( -0.3288004784120621138, 0.2170163293346781819, 0.02999999999999999889 ) ) ;
#4195 = EDGE_CURVE ( 'NONE', #2529, #5367, #3912, .T. ) ;
#4196 =( LENGTH_UNIT ( ) NAMED_UNIT ( * ) SI_UNIT ( .MILLI., .METRE. ) );
#4197 = DIRECTION ( 'NONE',  ( 1.000000000000000000, 0.000000000000000000, -0.000000000000000000 ) ) ;
#4198 = CARTESIAN_POINT ( 'NONE',  ( -0.3651386194377030381, 0.1016317139500628047, 0.02999999999999999889 ) ) ;
#4199 = ADVANCED_FACE ( 'NONE', ( #1586 ), #3842, .F. ) ;
#4200 = CYLINDRICAL_SURFACE ( 'NONE', #993, 0.1700000000000000122 ) ;
#4201 = LINE ( 'NONE', #5990, #3427 ) ;
#4202 = CARTESIAN_POINT ( 'NONE',  ( 1.750000000000000000, 1.100000000000000089, 0.1200000000000011890 ) ) ;
#4203 = LINE ( 'NONE', #5413, #6364 ) ;
#4204 = DIRECTION ( 'NONE',  ( -1.807003620809174188E-15, 0.000000000000000000, 1.000000000000000000 ) ) ;
#4205 = LINE ( 'NONE', #4838, #4292 ) ;
#4206 = CARTESIAN_POINT ( 'NONE',  ( 0.2231468690469123883, 0.2013588792346633904, 0.000000000000000000 ) ) ;
#4207 = CARTESIAN_POINT ( 'NONE',  ( 0.1841238081503289159, 0.1884673771743666237, 0.02999999999999999889 ) ) ;
#4208 = VECTOR ( 'NONE', #5621, 1000.000000000000000 ) ;
#4209 = CARTESIAN_POINT ( 'NONE',  ( 0.1769606294518705214, 0.2083055825322639720, 0.000000000000000000 ) ) ;
#4210 = VECTOR ( 'NONE', #1665, 1000.000000000000000 ) ;
#4211 = DIRECTION ( 'NONE',  ( -0.000000000000000000, 1.000000000000000000, -0.000000000000000000 ) ) ;
#4212 = UNCERTAINTY_MEASURE_WITH_UNIT (LENGTH_MEASURE( 1.000000000000000082E-05 ), #3819, 'distance_accuracy_value', 'NONE');
#4213 = PLANE ( 'NONE',  #4708 ) ;
#4214 = ORIENTED_EDGE ( 'NONE', *, *, #3769, .F. ) ;
#4215 = CARTESIAN_POINT ( 'NONE',  ( -0.2082469489365936233, 0.1173387542007368889, 0.02999999999999999889 ) ) ;
#4216 = CARTESIAN_POINT ( 'NONE',  ( -0.1480312476428312374, 0.2098047908731397182, 0.02999999999999999889 ) ) ;
#4217 = VECTOR ( 'NONE', #6086, 1000.000000000000000 ) ;
#4218 = CARTESIAN_POINT ( 'NONE',  ( 0.2789971337106374460, 0.1903565751119266902, 0.02999999999999999889 ) ) ;
#4219 = FACE_OUTER_BOUND ( 'NONE', #2474, .T. ) ;
#4220 = FILL_AREA_STYLE_COLOUR ( '', #4861 ) ;
#4221 = ORIENTED_EDGE ( 'NONE', *, *, #4809, .T. ) ;
#4222 = EDGE_LOOP ( 'NONE', ( #598, #2105, #6101, #4233 ) ) ;
#4223 = ORIENTED_EDGE ( 'NONE', *, *, #820, .F. ) ;
#4224 = MECHANICAL_DESIGN_GEOMETRIC_PRESENTATION_REPRESENTATION (  '', ( #2258 ), #3767 ) ;
#4226 = AXIS2_PLACEMENT_3D ( 'NONE', #1866, #5343, #2383 ) ;
#4225 = FACE_OUTER_BOUND ( 'NONE', #1454, .T. ) ;
#4227 = VERTEX_POINT ( 'NONE', #337 ) ;
#4228 = FACE_OUTER_BOUND ( 'NONE', #6171, .T. ) ;
#4229 = CARTESIAN_POINT ( 'NONE',  ( 0.3285941895984677008, 0.1677825171699356965, 0.02999999999999999889 ) ) ;
#4230 = VERTEX_POINT ( 'NONE', #4339 ) ;
#4231 = LINE ( 'NONE', #974, #144 ) ;
#4232 = ORIENTED_EDGE ( 'NONE', *, *, #5350, .T. ) ;
#4233 = ORIENTED_EDGE ( 'NONE', *, *, #379, .F. ) ;
#4234 = CARTESIAN_POINT ( 'NONE',  ( 0.1827615259400978132, 0.02276346071548096192, 0.02999999999999999889 ) ) ;
#4235 = SURFACE_STYLE_FILL_AREA ( #1010 ) ;
#4236 = ADVANCED_FACE ( 'NONE', ( #6313 ), #4830, .F. ) ;
#4237 = CARTESIAN_POINT ( 'NONE',  ( 0.1667022764679322033, 0.2016935008722218203, 0.000000000000000000 ) ) ;
#4238 =( GEOMETRIC_REPRESENTATION_CONTEXT ( 3 ) GLOBAL_UNCERTAINTY_ASSIGNED_CONTEXT ( ( #2459 ) ) GLOBAL_UNIT_ASSIGNED_CONTEXT ( ( #333, #4743, #3182 ) ) REPRESENTATION_CONTEXT ( 'NONE', 'WORKASPACE' ) );
#4239 = EDGE_CURVE ( 'NONE', #5006, #1050, #6226, .T. ) ;
#4240 = AXIS2_PLACEMENT_3D ( 'NONE', #899, #2943, #5344 ) ;
#4241 = VECTOR ( 'NONE', #1888, 1000.000000000000000 ) ;
#4242 = CARTESIAN_POINT ( 'NONE',  ( 1.549999999999999822, 0.4000000000000000777, 0.8299999999999999600 ) ) ;
#4243 = CARTESIAN_POINT ( 'NONE',  ( -0.1688195030189070245, 0.1725513451213100402, 0.000000000000000000 ) ) ;
#4244 = SURFACE_STYLE_USAGE ( .BOTH. , #1350 ) ;
#4245 = DIRECTION ( 'NONE',  ( -1.000000000000000000, 0.000000000000000000, -0.000000000000000000 ) ) ;
#4246 = CIRCLE ( 'NONE', #872, 0.1700000000000000122 ) ;
#4247 = DIRECTION ( 'NONE',  ( -0.000000000000000000, -0.000000000000000000, -1.000000000000000000 ) ) ;
#4248 = CARTESIAN_POINT ( 'NONE',  ( 1.579999999999999849, 1.100000000000000089, 0.7800000000000000266 ) ) ;
#4249 = EDGE_LOOP ( 'NONE', ( #3685, #534, #2587, #5808 ) ) ;
#4250 = EDGE_CURVE ( 'NONE', #6147, #2868, #6120, .T. ) ;
#4251 = DIRECTION ( 'NONE',  ( 0.000000000000000000, 0.000000000000000000, -1.000000000000000000 ) ) ;
#4252 = EDGE_LOOP ( 'NONE', ( #239, #4987, #2234, #1560 ) ) ;
#4253 = DIRECTION ( 'NONE',  ( 0.000000000000000000, -0.000000000000000000, -1.000000000000000000 ) ) ;
#4254 = SURFACE_STYLE_USAGE ( .BOTH. , #1774 ) ;
#4255 = CARTESIAN_POINT ( 'NONE',  ( -0.1220586133253982880, 0.2152861009890333355, 0.000000000000000000 ) ) ;
#4256 = VECTOR ( 'NONE', #1626, 1000.000000000000000 ) ;
#4257 = PLANE ( 'NONE',  #4131 ) ;
#4258 = ORIENTED_EDGE ( 'NONE', *, *, #3444, .F. ) ;
#4259 = CARTESIAN_POINT ( 'NONE',  ( -0.06213381174539531898, 0.03752914984749869398, 0.000000000000000000 ) ) ;
#4260 = CARTESIAN_POINT ( 'NONE',  ( -0.1376546450787286824, 0.1908945344628833474, 0.000000000000000000 ) ) ;
#4261 = MECHANICAL_DESIGN_GEOMETRIC_PRESENTATION_REPRESENTATION (  '', ( #3927 ), #4909 ) ;
#4262 = VECTOR ( 'NONE', #2016, 1000.000000000000000 ) ;
#4263 =( NAMED_UNIT ( * ) PLANE_ANGLE_UNIT ( ) SI_UNIT ( $, .RADIAN. ) );
#4264 = CARTESIAN_POINT ( 'NONE',  ( -0.2043838957694344705, 0.1468681197434490993, 0.02999999999999999889 ) ) ;
#4265 = PLANE ( 'NONE',  #3357 ) ;
#4266 = ORIENTED_EDGE ( 'NONE', *, *, #4775, .T. ) ;
#4267 = FILL_AREA_STYLE ('',( #1790 ) ) ;
#4268 = ADVANCED_FACE ( 'NONE', ( #2509 ), #2022, .F. ) ;
#4269 = CIRCLE ( 'NONE', #1242, 0.04999999999999995420 ) ;
#4270 = ORIENTED_EDGE ( 'NONE', *, *, #3865, .F. ) ;
#4271 = SURFACE_SIDE_STYLE ('',( #122 ) ) ;
#4272 = AXIS2_PLACEMENT_3D ( 'NONE', #4862, #1952, #5480 ) ;
#4273 = ORIENTED_EDGE ( 'NONE', *, *, #5291, .T. ) ;
#4274 =( NAMED_UNIT ( * ) SI_UNIT ( $, .STERADIAN. ) SOLID_ANGLE_UNIT ( ) );
#4275 =( LENGTH_UNIT ( ) NAMED_UNIT ( * ) SI_UNIT ( .MILLI., .METRE. ) );
#4276 = AXIS2_PLACEMENT_3D ( 'NONE', #5110, #3150, #4197 ) ;
#4277 = CARTESIAN_POINT ( 'NONE',  ( 1.580000000000000071, 1.100000000000000089, 0.1199999999999998707 ) ) ;
#4279 = EDGE_CURVE ( 'NONE', #1746, #4874, #1886, .T. ) ;
#4278 = VERTEX_POINT ( 'NONE', #5997 ) ;
#4280 = VECTOR ( 'NONE', #3691, 1000.000000000000000 ) ;
#4281 = CARTESIAN_POINT ( 'NONE',  ( 0.1946352241418727314, 0.1939377042634219395, 0.02999999999999999889 ) ) ;
#4282 =( LENGTH_UNIT ( ) NAMED_UNIT ( * ) SI_UNIT ( .MILLI., .METRE. ) );
#4283 = FACE_OUTER_BOUND ( 'NONE', #4568, .T. ) ;
#4284 = EDGE_CURVE ( 'NONE', #4999, #383, #4670, .T. ) ;
#4285 = COLOUR_RGB ( '',1.000000000000000000, 0.9490196078431372140, 0.8352941176470588536 ) ;
#4286 = PRESENTATION_STYLE_ASSIGNMENT (( #1392 ) ) ;
#4287 = CARTESIAN_POINT ( 'NONE',  ( 0.4583790087674252112, 0.2170163293346781819, 0.02999999999999999889 ) ) ;
#4288 = MECHANICAL_DESIGN_GEOMETRIC_PRESENTATION_REPRESENTATION (  '', ( #3946 ), #2062 ) ;
#4289 = CARTESIAN_POINT ( 'NONE',  ( -1.549999999999999822, -1.399999999999999911, 0.8299999999999999600 ) ) ;
#4290 = LINE ( 'NONE', #864, #5577 ) ;
#4291 = CARTESIAN_POINT ( 'NONE',  ( -0.3313645809761646688, 0.2170163293346781819, 0.02999999999999999889 ) ) ;
#4292 = VECTOR ( 'NONE', #2844, 1000.000000000000000 ) ;
#4293 =( NAMED_UNIT ( * ) PLANE_ANGLE_UNIT ( ) SI_UNIT ( $, .RADIAN. ) );
#4294 = CARTESIAN_POINT ( 'NONE',  ( -0.2082876578992415295, 0.1144922908731397238, 0.02999999999999999889 ) ) ;
#4295 = DIRECTION ( 'NONE',  ( -3.285461128743965351E-16, 0.000000000000000000, 1.000000000000000000 ) ) ;
#4296 = DIRECTION ( 'NONE',  ( -0.1377586325825530533, 0.000000000000000000, 0.9904658293696886329 ) ) ;
#4297 = LINE ( 'NONE', #1643, #3672 ) ;
#4298 = CARTESIAN_POINT ( 'NONE',  ( -1.549999999999999822, -1.399999999999999911, 0.8299999999999999600 ) ) ;
#4299 = CARTESIAN_POINT ( 'NONE',  ( -0.008287657899241539228, 0.01701632933467818118, 0.02999999999999999889 ) ) ;
#4300 = UNCERTAINTY_MEASURE_WITH_UNIT (LENGTH_MEASURE( 1.000000000000000082E-05 ), #811, 'distance_accuracy_value', 'NONE');
#4301 = ORIENTED_EDGE ( 'NONE', *, *, #3980, .F. ) ;
#4302 = CARTESIAN_POINT ( 'NONE',  ( -0.1903389399505236446, 0.1145323549757038262, 0.000000000000000000 ) ) ;
#4303 = CARTESIAN_POINT ( 'NONE',  ( 0.2905407345562455168, 0.05082226708316644331, 0.000000000000000000 ) ) ;
#4304 = ORIENTED_EDGE ( 'NONE', *, *, #2860, .T. ) ;
#4305 = CARTESIAN_POINT ( 'NONE',  ( -1.629999999999999893, 1.100000000000000089, 0.1200000000000002176 ) ) ;
#4306 = ORIENTED_EDGE ( 'NONE', *, *, #5840, .F. ) ;
#4307 = CARTESIAN_POINT ( 'NONE',  ( -1.580000000000000071, 1.100000000000000089, 0.06999999999999990952 ) ) ;
#4308 = VERTEX_POINT ( 'NONE', #3539 ) ;
#4309 = LINE ( 'NONE', #2690, #2979 ) ;
#4310 = AXIS2_PLACEMENT_3D ( 'NONE', #5237, #1322, #1784 ) ;
#4311 = FACE_OUTER_BOUND ( 'NONE', #3571, .T. ) ;
#4312 = PRESENTATION_LAYER_ASSIGNMENT (  '', '', ( #6205 ) ) ;
#4313 = LINE ( 'NONE', #3160, #154 ) ;
#4314 = EDGE_CURVE ( 'NONE', #38, #4230, #1815, .T. ) ;
#4315 = ORIENTED_EDGE ( 'NONE', *, *, #3183, .F. ) ;
#4316 = LINE ( 'NONE', #702, #2909 ) ;
#4317 = SURFACE_SIDE_STYLE ('',( #4666 ) ) ;
#4318 = CARTESIAN_POINT ( 'NONE',  ( -0.1923997793554146352, 0.1744818064270687863, 0.000000000000000000 ) ) ;
#4319 = CARTESIAN_POINT ( 'NONE',  ( -0.2066205693560227430, 0.09300277690814381937, 1.355252715606880543E-17 ) ) ;
#4320 =( NAMED_UNIT ( * ) SI_UNIT ( $, .STERADIAN. ) SOLID_ANGLE_UNIT ( ) );
#4321 = DIRECTION ( 'NONE',  ( -1.807003620809174188E-15, 0.000000000000000000, -1.000000000000000000 ) ) ;
#4322 =( NAMED_UNIT ( * ) PLANE_ANGLE_UNIT ( ) SI_UNIT ( $, .RADIAN. ) );
#4323 = CARTESIAN_POINT ( 'NONE',  ( -0.1046745016320214661, 0.1957487866150913747, 0.000000000000000000 ) ) ;
#4324 = EDGE_CURVE ( 'NONE', #6146, #2589, #3832, .T. ) ;
#4325 = STYLED_ITEM ( 'NONE', ( #5284 ), #198 ) ;
#4326 = FACE_OUTER_BOUND ( 'NONE', #5021, .T. ) ;
#4327 = CARTESIAN_POINT ( 'NONE',  ( -0.1831543900130765401, 0.07854737619768645263, 0.000000000000000000 ) ) ;
#4328 = CARTESIAN_POINT ( 'NONE',  ( -0.1061642604633440956, 0.01701632933467818118, 0.000000000000000000 ) ) ;
#4329 = DIRECTION ( 'NONE',  ( 0.000000000000000000, 0.000000000000000000, 1.000000000000000000 ) ) ;
#4330 = ORIENTED_EDGE ( 'NONE', *, *, #1314, .T. ) ;
#4331 = ORIENTED_EDGE ( 'NONE', *, *, #3816, .T. ) ;
#4332 = CARTESIAN_POINT ( 'NONE',  ( -0.1480312476428312651, 0.2098047908731397460, 0.02999999999999999889 ) ) ;
#4333 = DIRECTION ( 'NONE',  ( 0.000000000000000000, 0.000000000000000000, 1.000000000000000000 ) ) ;
#4334 = CARTESIAN_POINT ( 'NONE',  ( 0.2326979190238354644, 0.03240094471929357012, 0.02999999999999999889 ) ) ;
#4335 = SURFACE_STYLE_USAGE ( .BOTH. , #847 ) ;
#4336 = ORIENTED_EDGE ( 'NONE', *, *, #3362, .T. ) ;
#4337 = CARTESIAN_POINT ( 'NONE',  ( -0.008287657899241539228, 0.2170163293346781819, 0.000000000000000000 ) ) ;
#4338 = FILL_AREA_STYLE_COLOUR ( '', #4427 ) ;
#4339 = CARTESIAN_POINT ( 'NONE',  ( -1.579999999999998961, -1.100000000000000089, -0.05000000000000004441 ) ) ;
#4340 = UNCERTAINTY_MEASURE_WITH_UNIT (LENGTH_MEASURE( 1.000000000000000082E-05 ), #350, 'distance_accuracy_value', 'NONE');
#4341 = ORIENTED_EDGE ( 'NONE', *, *, #4324, .F. ) ;
#4342 = CARTESIAN_POINT ( 'NONE',  ( 0.2599158806429182067, 0.03565094490319139359, 0.02999999999999999889 ) ) ;
#4343 = CARTESIAN_POINT ( 'NONE',  ( 0.3082148358599344773, 0.06926645208648531116, 0.000000000000000000 ) ) ;
#4344 = CARTESIAN_POINT ( 'NONE',  ( -0.3745937476428313206, 0.08111889343724229540, 0.02999999999999999889 ) ) ;
#4345 = CARTESIAN_POINT ( 'NONE',  ( 0.2326979190238354644, 0.03240094471929357012, 0.02999999999999999889 ) ) ;
#4346 = CARTESIAN_POINT ( 'NONE',  ( 1.580000000000000071, -1.100000000000000089, 0.7800000000000000266 ) ) ;
#4347 = CARTESIAN_POINT ( 'NONE',  ( 0.08658413697255337715, 0.03752914984749869398, 0.000000000000000000 ) ) ;
#4348 = ORIENTED_EDGE ( 'NONE', *, *, #4508, .T. ) ;
#4349 = VECTOR ( 'NONE', #3999, 1000.000000000000000 ) ;
#4350 = AXIS2_PLACEMENT_3D ( 'NONE', #2260, #2329, #3317 ) ;
#4351 =( GEOMETRIC_REPRESENTATION_CONTEXT ( 3 ) GLOBAL_UNCERTAINTY_ASSIGNED_CONTEXT ( ( #5027 ) ) GLOBAL_UNIT_ASSIGNED_CONTEXT ( ( #3187, #2134, #4637 ) ) REPRESENTATION_CONTEXT ( 'NONE', 'WORKASPACE' ) );
#4352 = ORIENTED_EDGE ( 'NONE', *, *, #5338, .T. ) ;
#4353 =( NAMED_UNIT ( * ) PLANE_ANGLE_UNIT ( ) SI_UNIT ( $, .RADIAN. ) );
#4354 = CARTESIAN_POINT ( 'NONE',  ( 0.3262699884029854891, 0.06231459320685923259, 0.000000000000000000 ) ) ;
#4355 =( GEOMETRIC_REPRESENTATION_CONTEXT ( 3 ) GLOBAL_UNCERTAINTY_ASSIGNED_CONTEXT ( ( #2164 ) ) GLOBAL_UNIT_ASSIGNED_CONTEXT ( ( #825, #3271, #1775 ) ) REPRESENTATION_CONTEXT ( 'NONE', 'WORKASPACE' ) );
#4356 = COLOUR_RGB ( '',0.7960784313725489669, 0.8235294117647058432, 0.9372549019607843146 ) ;
#4357 = CARTESIAN_POINT ( 'NONE',  ( 0.2026081367447734038, 0.03690550867634159043, 0.02999999999999999889 ) ) ;
#4358 = CARTESIAN_POINT ( 'NONE',  ( -0.1265918336113794895, 0.1934202232033154778, 0.02999999999999999889 ) ) ;
#4359 = VERTEX_POINT ( 'NONE', #4462 ) ;
#4360 = EDGE_CURVE ( 'NONE', #2686, #1477, #5359, .T. ) ;
#4361 = CARTESIAN_POINT ( 'NONE',  ( -0.1296289682961117851, 0.2143059276392432766, 0.02999999999999999889 ) ) ;
#4362 = PRESENTATION_STYLE_ASSIGNMENT (( #3627 ) ) ;
#4363 = CARTESIAN_POINT ( 'NONE',  ( -0.1127338421517737332, 0.1951723682526928239, 0.000000000000000000 ) ) ;
#4364 = VECTOR ( 'NONE', #5832, 1000.000000000000000 ) ;
#4365 = LINE ( 'NONE', #928, #4121 ) ;
#4366 = SURFACE_STYLE_USAGE ( .BOTH. , #2778 ) ;
#4367 = DIRECTION ( 'NONE',  ( 0.000000000000000000, 0.000000000000000000, -1.000000000000000000 ) ) ;
#4368 = FACE_OUTER_BOUND ( 'NONE', #1220, .T. ) ;
#4369 = PRESENTATION_STYLE_ASSIGNMENT (( #1307 ) ) ;
#4370 = COLOUR_RGB ( '',0.7960784313725489669, 0.8235294117647058432, 0.9372549019607843146 ) ;
#4371 = EDGE_CURVE ( 'NONE', #6200, #3419, #5595, .T. ) ;
#4372 = CARTESIAN_POINT ( 'NONE',  ( -0.1503452327461113902, 0.2089230362649185657, 0.000000000000000000 ) ) ;
#4373 = LINE ( 'NONE', #548, #2029 ) ;
#4374 = ORIENTED_EDGE ( 'NONE', *, *, #1653, .F. ) ;
#4375 = CARTESIAN_POINT ( 'NONE',  ( 0.1612636241520405689, 0.06573427805262690993, 0.000000000000000000 ) ) ;
#4376 = EDGE_LOOP ( 'NONE', ( #1985, #837, #4144, #1676 ) ) ;
#4377 = CARTESIAN_POINT ( 'NONE',  ( -0.1232058786005325868, 0.01763460489689425148, 1.355252715606880543E-17 ) ) ;
#4378 = ORIENTED_EDGE ( 'NONE', *, *, #1589, .F. ) ;
#4379 = EDGE_LOOP ( 'NONE', ( #1520, #1058, #3882, #4682 ) ) ;
#4380 = CARTESIAN_POINT ( 'NONE',  ( -1.550000000000000266, -1.399999999999999911, 0.9499999999999999556 ) ) ;
#4381 = MECHANICAL_DESIGN_GEOMETRIC_PRESENTATION_REPRESENTATION (  '', ( #2339 ), #6117 ) ;
#4382 = ORIENTED_EDGE ( 'NONE', *, *, #5967, .T. ) ;
#4383 = ORIENTED_EDGE ( 'NONE', *, *, #3448, .T. ) ;
#4384 = LINE ( 'NONE', #2819, #6158 ) ;
#4385 = ORIENTED_EDGE ( 'NONE', *, *, #6304, .T. ) ;
#4386 = CARTESIAN_POINT ( 'NONE',  ( 0.2258238823856318356, 0.01196457418828299375, 0.000000000000000000 ) ) ;
#4387 = CARTESIAN_POINT ( 'NONE',  ( 0.2359446661656318389, 0.2016086303780719735, 0.000000000000000000 ) ) ;
#4388 = CARTESIAN_POINT ( 'NONE',  ( -0.1924355623670046256, 0.05611073005952841447, 0.02999999999999999889 ) ) ;
#4389 = CARTESIAN_POINT ( 'NONE',  ( 0.1773126985740620387, 0.02565642783045759406, 0.02999999999999999889 ) ) ;
#4390 = PRESENTATION_LAYER_ASSIGNMENT (  '', '', ( #3932 ) ) ;
#4391 = DIRECTION ( 'NONE',  ( -0.000000000000000000, 1.000000000000000000, -0.000000000000000000 ) ) ;
#4392 = EDGE_CURVE ( 'NONE', #4227, #1813, #4373, .T. ) ;
#4393 = SURFACE_SIDE_STYLE ('',( #1511 ) ) ;
#4394 = ORIENTED_EDGE ( 'NONE', *, *, #1203, .T. ) ;
#4395 =( NAMED_UNIT ( * ) SI_UNIT ( $, .STERADIAN. ) SOLID_ANGLE_UNIT ( ) );
#4396 = DIRECTION ( 'NONE',  ( -0.000000000000000000, 1.000000000000000000, -0.000000000000000000 ) ) ;
#4397 = SURFACE_SIDE_STYLE ('',( #5862 ) ) ;
#4398 = EDGE_CURVE ( 'NONE', #3687, #5241, #3365, .T. ) ;
#4399 = AXIS2_PLACEMENT_3D ( 'NONE', #5473, #4993, #531 ) ;
#4400 = ORIENTED_EDGE ( 'NONE', *, *, #2263, .T. ) ;
#4401 = ADVANCED_FACE ( 'NONE', ( #2885 ), #3556, .F. ) ;
#4402 = VECTOR ( 'NONE', #4537, 1000.000000000000000 ) ;
#4403 = CARTESIAN_POINT ( 'NONE',  ( 0.1622807479203701442, 0.03604198103976671841, 0.000000000000000000 ) ) ;
#4404 = CARTESIAN_POINT ( 'NONE',  ( 0.2789971337106374460, 0.1903565751119266902, 0.000000000000000000 ) ) ;
#4405 = CARTESIAN_POINT ( 'NONE',  ( -0.1623094520398444263, 0.05264517295379744083, 0.000000000000000000 ) ) ;
#4406 = ORIENTED_EDGE ( 'NONE', *, *, #3481, .F. ) ;
#4407 = LINE ( 'NONE', #3998, #4262 ) ;
#4408 = FILL_AREA_STYLE_COLOUR ( '', #2887 ) ;
#4409 = EDGE_LOOP ( 'NONE', ( #5740, #186, #4493, #294 ) ) ;
#4410 =( NAMED_UNIT ( * ) PLANE_ANGLE_UNIT ( ) SI_UNIT ( $, .RADIAN. ) );
#4411 = CARTESIAN_POINT ( 'NONE',  ( -0.1480312476428312374, 0.2098047908731397182, 0.000000000000000000 ) ) ;
#4412 = AXIS2_PLACEMENT_3D ( 'NONE', #1806, #771, #2278 ) ;
#4413 = VECTOR ( 'NONE', #5014, 1000.000000000000114 ) ;
#4414 = SURFACE_STYLE_USAGE ( .BOTH. , #5905 ) ;
#4415 = ORIENTED_EDGE ( 'NONE', *, *, #5350, .F. ) ;
#4416 = CARTESIAN_POINT ( 'NONE',  ( -0.1046748063795661376, 0.2166323862451899063, 0.02999999999999999889 ) ) ;
#4417 = ORIENTED_EDGE ( 'NONE', *, *, #4250, .T. ) ;
#4418 = DIRECTION ( 'NONE',  ( -0.7970624896273539317, -0.6038968352533770068, 0.000000000000000000 ) ) ;
#4419 = VERTEX_POINT ( 'NONE', #5570 ) ;
#4420 =( GEOMETRIC_REPRESENTATION_CONTEXT ( 3 ) GLOBAL_UNCERTAINTY_ASSIGNED_CONTEXT ( ( #1244 ) ) GLOBAL_UNIT_ASSIGNED_CONTEXT ( ( #4936, #5009, #2548 ) ) REPRESENTATION_CONTEXT ( 'NONE', 'WORKASPACE' ) );
#4421 = CARTESIAN_POINT ( 'NONE',  ( -0.1436713116357698217, 0.1889227657640480951, 0.02999999999999999889 ) ) ;
#4422 =( NAMED_UNIT ( * ) SI_UNIT ( $, .STERADIAN. ) SOLID_ANGLE_UNIT ( ) );
#4423 = CARTESIAN_POINT ( 'NONE',  ( 0.2191798895159728089, 0.01252125501313116479, 0.02999999999999999889 ) ) ;
#4424 = ORIENTED_EDGE ( 'NONE', *, *, #4473, .T. ) ;
#4425 = STYLED_ITEM ( 'NONE', ( #562 ), #5225 ) ;
#4426 = EDGE_CURVE ( 'NONE', #1356, #2939, #285, .T. ) ;
#4427 = COLOUR_RGB ( '',0.7960784313725489669, 0.8235294117647058432, 0.9372549019607843146 ) ;
#4428 =( NAMED_UNIT ( * ) PLANE_ANGLE_UNIT ( ) SI_UNIT ( $, .RADIAN. ) );
#4429 = LINE ( 'NONE', #2089, #1798 ) ;
#4430 = PLANE ( 'NONE',  #4590 ) ;
#4431 = AXIS2_PLACEMENT_3D ( 'NONE', #2237, #1247, #783 ) ;
#4432 = EDGE_CURVE ( 'NONE', #5342, #3919, #3289, .T. ) ;
#4433 = CARTESIAN_POINT ( 'NONE',  ( -0.1310595337904906788, 0.01844182732190651625, 1.355252715606880543E-17 ) ) ;
#4434 = PRESENTATION_STYLE_ASSIGNMENT (( #5951 ) ) ;
#4435 = EDGE_CURVE ( 'NONE', #1759, #3942, #5839, .T. ) ;
#4436 = FACE_OUTER_BOUND ( 'NONE', #475, .T. ) ;
#4437 = CARTESIAN_POINT ( 'NONE',  ( -0.08456970918129286252, 0.2170163293346782096, 0.000000000000000000 ) ) ;
#4438 = FACE_BOUND ( 'NONE', #755, .T. ) ;
#4439 =( NAMED_UNIT ( * ) SI_UNIT ( $, .STERADIAN. ) SOLID_ANGLE_UNIT ( ) );
#4440 = CARTESIAN_POINT ( 'NONE',  ( 1.000000000000000222, 1.100000000000000089, 0.06999999999999986788 ) ) ;
#4441 = FACE_OUTER_BOUND ( 'NONE', #4533, .T. ) ;
#4442 = LINE ( 'NONE', #3099, #3117 ) ;
#4443 = CARTESIAN_POINT ( 'NONE',  ( 0.3196961914759959833, 0.1394993746253097022, 0.000000000000000000 ) ) ;
#4444 = PLANE ( 'NONE',  #5851 ) ;
#4445 = CARTESIAN_POINT ( 'NONE',  ( -1.750000000000000000, -0.4000000000000000222, 0.1200000000000011890 ) ) ;
#4446 = ORIENTED_EDGE ( 'NONE', *, *, #884, .T. ) ;
#4447 = CARTESIAN_POINT ( 'NONE',  ( 0.1670303360112095903, 0.03226172586234721251, 0.000000000000000000 ) ) ;
#4448 = CIRCLE ( 'NONE', #4502, 0.1699999999999999567 ) ;
#4449 = EDGE_CURVE ( 'NONE', #4524, #458, #449, .T. ) ;
#4450 = ORIENTED_EDGE ( 'NONE', *, *, #1211, .F. ) ;
#4451 = VERTEX_POINT ( 'NONE', #5593 ) ;
#4452 = SURFACE_SIDE_STYLE ('',( #3866 ) ) ;
#4453 =( NAMED_UNIT ( * ) PLANE_ANGLE_UNIT ( ) SI_UNIT ( $, .RADIAN. ) );
#4454 = ORIENTED_EDGE ( 'NONE', *, *, #484, .T. ) ;
#4455 = LINE ( 'NONE', #4099, #3132 ) ;
#4456 = DIRECTION ( 'NONE',  ( -0.000000000000000000, 0.000000000000000000, -1.000000000000000000 ) ) ;
#4457 = CARTESIAN_POINT ( 'NONE',  ( 0.2292063367956304887, 0.03249744641934537021, -0.000000000000000000 ) ) ;
#4458 = ORIENTED_EDGE ( 'NONE', *, *, #1507, .F. ) ;
#4459 = CARTESIAN_POINT ( 'NONE',  ( 0.3150697138956303212, 0.04686408574493459989, 0.000000000000000000 ) ) ;
#4460 = LINE ( 'NONE', #5542, #5778 ) ;
#4461 = MECHANICAL_DESIGN_GEOMETRIC_PRESENTATION_REPRESENTATION (  '', ( #1494 ), #1805 ) ;
#4462 = CARTESIAN_POINT ( 'NONE',  ( 1.000000000000000222, -0.4000000000000000222, 0.06999999999999986788 ) ) ;
#4463 = VECTOR ( 'NONE', #3166, 1000.000000000000000 ) ;
#4464 = PLANE ( 'NONE',  #2422 ) ;
#4465 = MECHANICAL_DESIGN_GEOMETRIC_PRESENTATION_REPRESENTATION (  '', ( #260 ), #1031 ) ;
#4466 = CARTESIAN_POINT ( 'NONE',  ( -0.1688195030189070245, 0.1725513451213100402, 0.02999999999999999889 ) ) ;
#4467 = FILL_AREA_STYLE ('',( #1500 ) ) ;
#4468 = CARTESIAN_POINT ( 'NONE',  ( 1.549999999999999822, 1.399999999999999911, 1.800000000000000044 ) ) ;
#4469 = CARTESIAN_POINT ( 'NONE',  ( -0.1623094520398444263, 0.05264517295379744083, 0.02999999999999999889 ) ) ;
#4470 = ADVANCED_FACE ( 'NONE', ( #2184 ), #1610, .F. ) ;
#4471 = ORIENTED_EDGE ( 'NONE', *, *, #2137, .F. ) ;
#4472 = DIRECTION ( 'NONE',  ( 0.000000000000000000, 0.000000000000000000, -1.000000000000000000 ) ) ;
#4473 = EDGE_CURVE ( 'NONE', #4496, #1746, #3199, .T. ) ;
#4474 = DIRECTION ( 'NONE',  ( -0.000000000000000000, 1.000000000000000000, -0.000000000000000000 ) ) ;
#4475 = PRESENTATION_STYLE_ASSIGNMENT (( #539 ) ) ;
#4476 = CARTESIAN_POINT ( 'NONE',  ( -0.1480312476428312374, 0.2098047908731397182, 0.02999999999999999889 ) ) ;
#4477 = DIRECTION ( 'NONE',  ( 1.000000000000000000, 0.000000000000000000, -0.000000000000000000 ) ) ;
#4478 = SURFACE_SIDE_STYLE ('',( #2010 ) ) ;
#4479 = ORIENTED_EDGE ( 'NONE', *, *, #894, .F. ) ;
#4480 = DIRECTION ( 'NONE',  ( -0.000000000000000000, 1.000000000000000000, -0.000000000000000000 ) ) ;
#4481 =( GEOMETRIC_REPRESENTATION_CONTEXT ( 3 ) GLOBAL_UNCERTAINTY_ASSIGNED_CONTEXT ( ( #2569 ) ) GLOBAL_UNIT_ASSIGNED_CONTEXT ( ( #3028, #4030, #2049 ) ) REPRESENTATION_CONTEXT ( 'NONE', 'WORKASPACE' ) );
#4482 = SURFACE_STYLE_USAGE ( .BOTH. , #3454 ) ;
#4483 = ORIENTED_EDGE ( 'NONE', *, *, #5011, .T. ) ;
#4484 = FILL_AREA_STYLE ('',( #117 ) ) ;
#4485 = PLANE ( 'NONE',  #1150 ) ;
#4486 = UNCERTAINTY_MEASURE_WITH_UNIT (LENGTH_MEASURE( 1.000000000000000082E-05 ), #6118, 'distance_accuracy_value', 'NONE');
#4487 =( NAMED_UNIT ( * ) PLANE_ANGLE_UNIT ( ) SI_UNIT ( $, .RADIAN. ) );
#4488 = LINE ( 'NONE', #1613, #634 ) ;
#4489 = PLANE ( 'NONE',  #1972 ) ;
#4490 = CARTESIAN_POINT ( 'NONE',  ( 0.2630844861722219652, 0.01521420568250002325, 0.02999999999999999889 ) ) ;
#4491 = ORIENTED_EDGE ( 'NONE', *, *, #5252, .T. ) ;
#4492 = DIRECTION ( 'NONE',  ( 0.2149904497342420284, 0.09622604506497772769, 0.9718640104326434770 ) ) ;
#4493 = ORIENTED_EDGE ( 'NONE', *, *, #4449, .F. ) ;
#4494 = FACE_OUTER_BOUND ( 'NONE', #1845, .T. ) ;
#4495 = SURFACE_STYLE_USAGE ( .BOTH. , #3500 ) ;
#4496 = VERTEX_POINT ( 'NONE', #4114 ) ;
#4497 = CARTESIAN_POINT ( 'NONE',  ( -0.2051894723367625184, 0.08628245119141637887, 0.02999999999999999889 ) ) ;
#4498 = AXIS2_PLACEMENT_3D ( 'NONE', #3803, #318, #2300 ) ;
#4499 = CARTESIAN_POINT ( 'NONE',  ( 1.579999999999999849, -1.100000000000000089, 0.7800000000000000266 ) ) ;
#4500 = DIRECTION ( 'NONE',  ( 1.000000000000000000, 0.000000000000000000, -0.000000000000000000 ) ) ;
#4501 = CARTESIAN_POINT ( 'NONE',  ( 0.2970782097556304291, 0.05645162281448627695, 0.000000000000000000 ) ) ;
#4502 = AXIS2_PLACEMENT_3D ( 'NONE', #1174, #3108, #3624 ) ;
#4503 = FILL_AREA_STYLE ('',( #2006 ) ) ;
#4504 = CARTESIAN_POINT ( 'NONE',  ( 0.3635072138956303434, 0.01701632933467818118, 0.02999999999999999889 ) ) ;
#4505 = CARTESIAN_POINT ( 'NONE',  ( -0.1854316203897287685, 0.08388490821025287869, 0.000000000000000000 ) ) ;
#4506 = VECTOR ( 'NONE', #2514, 1000.000000000000000 ) ;
#4507 = VECTOR ( 'NONE', #791, 1000.000000000000000 ) ;
#4508 = EDGE_CURVE ( 'NONE', #3094, #3371, #4448, .T. ) ;
#4509 = SURFACE_STYLE_FILL_AREA ( #5117 ) ;
#4510 = DIRECTION ( 'NONE',  ( -1.000000000000000000, -0.000000000000000000, -0.000000000000000000 ) ) ;
#4511 = EDGE_CURVE ( 'NONE', #1932, #982, #1202, .T. ) ;
#4512 = CARTESIAN_POINT ( 'NONE',  ( 0.3150697138956303212, 0.04686408574493459989, 0.000000000000000000 ) ) ;
#4513 = B_SPLINE_SURFACE_WITH_KNOTS ( 'NONE', 3, 1, ( 
 ( #5357, #4437 ),
 ( #5406, #3386 ),
 ( #956, #2875 ),
 ( #4416, #1448 ),
 ( #489, #4889 ),
 ( #2445, #2402 ),
 ( #4361, #915 ),
 ( #4866, #446 ),
 ( #5870, #2918 ),
 ( #5823, #2893 ),
 ( #1408, #3883 ) ),
 .UNSPECIFIED., .F., .F., .F.,
 ( 4, 1, 1, 1, 1, 1, 1, 1, 4 ),
 ( 2, 2 ),
 ( 0.000000000000000000, 0.1642892164747606909, 0.3174059112304910557, 0.4588436116410199994, 0.5893665423053090491, 0.7078313187781719584, 0.8157700306990053329, 0.9128799029021265055, 1.000000000000000000 ),
 ( 0.000000000000000000, 1.000000000000000000 ),
 .UNSPECIFIED. ) ;
#4514 = FACE_OUTER_BOUND ( 'NONE', #3730, .T. ) ;
#4515 = EDGE_CURVE ( 'NONE', #4689, #1154, #221, .T. ) ;
#4516 = DIRECTION ( 'NONE',  ( -0.000000000000000000, -0.000000000000000000, -1.000000000000000000 ) ) ;
#4517 = SURFACE_SIDE_STYLE ('',( #3347 ) ) ;
#4518 = AXIS2_PLACEMENT_3D ( 'NONE', #5725, #6198, #4245 ) ;
#4519 = EDGE_CURVE ( 'NONE', #760, #38, #6306, .T. ) ;
#4520 = ORIENTED_EDGE ( 'NONE', *, *, #1542, .T. ) ;
#4521 = DIRECTION ( 'NONE',  ( -0.000000000000000000, 0.000000000000000000, -1.000000000000000000 ) ) ;
#4522 = ORIENTED_EDGE ( 'NONE', *, *, #1982, .F. ) ;
#4523 = VERTEX_POINT ( 'NONE', #4202 ) ;
#4524 = VERTEX_POINT ( 'NONE', #5619 ) ;
#4525 = COLOUR_RGB ( '',0.7960784313725489669, 0.8235294117647058432, 0.9372549019607843146 ) ;
#4526 = CARTESIAN_POINT ( 'NONE',  ( 0.2893363516985035799, 0.02550181433419072136, 0.000000000000000000 ) ) ;
#4527 = CARTESIAN_POINT ( 'NONE',  ( 1.750000000000000000, -0.4000000000000000222, 0.1200000000000011890 ) ) ;
#4528 = PLANE ( 'NONE',  #4761 ) ;
#4529 = CARTESIAN_POINT ( 'NONE',  ( 0.3030181480944614258, 0.03493691016021218537, 0.02999999999999999889 ) ) ;
#4530 = ORIENTED_EDGE ( 'NONE', *, *, #4679, .F. ) ;
#4531 = ORIENTED_EDGE ( 'NONE', *, *, #5303, .F. ) ;
#4532 = LINE ( 'NONE', #1259, #1455 ) ;
#4533 = EDGE_LOOP ( 'NONE', ( #6287, #4551, #6072, #5530, #3446 ) ) ;
#4534 = SURFACE_SIDE_STYLE ('',( #3306 ) ) ;
#4535 = SURFACE_STYLE_USAGE ( .BOTH. , #4057 ) ;
#4536 = VECTOR ( 'NONE', #6324, 1000.000000000000000 ) ;
#4537 = DIRECTION ( 'NONE',  ( -0.000000000000000000, -0.000000000000000000, -1.000000000000000000 ) ) ;
#4538 = DIRECTION ( 'NONE',  ( -0.000000000000000000, 1.000000000000000000, -0.000000000000000000 ) ) ;
#4539 = MECHANICAL_DESIGN_GEOMETRIC_PRESENTATION_REPRESENTATION (  '', ( #5960 ), #3888 ) ;
#4540 = ORIENTED_EDGE ( 'NONE', *, *, #2733, .F. ) ;
#4541 =( NAMED_UNIT ( * ) PLANE_ANGLE_UNIT ( ) SI_UNIT ( $, .RADIAN. ) );
#4542 = AXIS2_PLACEMENT_3D ( 'NONE', #6066, #3092, #2112 ) ;
#4543 = DIRECTION ( 'NONE',  ( -1.000000000000000000, 0.000000000000000000, 0.000000000000000000 ) ) ;
#4544 = AXIS2_PLACEMENT_3D ( 'NONE', #1958, #3508, #4950 ) ;
#4545 = LINE ( 'NONE', #1938, #1915 ) ;
#4546 = CARTESIAN_POINT ( 'NONE',  ( -1.550000000000000266, 0.3999999999999999667, 0.9499999999999999556 ) ) ;
#4547 = FILL_AREA_STYLE_COLOUR ( '', #5034 ) ;
#4548 = CARTESIAN_POINT ( 'NONE',  ( 0.3030181480944614258, 0.03493691016021218537, 3.388131789017201356E-18 ) ) ;
#4549 = ADVANCED_FACE ( 'NONE', ( #1522 ), #3223, .F. ) ;
#4550 = CARTESIAN_POINT ( 'NONE',  ( 0.5776535529154035453, 1.335642303222658311, 0.1799999999999999933 ) ) ;
#4551 = ORIENTED_EDGE ( 'NONE', *, *, #108, .T. ) ;
#4552 = VECTOR ( 'NONE', #4737, 1000.000000000000000 ) ;
#4553 = CARTESIAN_POINT ( 'NONE',  ( 0.3098432568130650711, 0.1922609603585539728, 0.000000000000000000 ) ) ;
#4554 = CARTESIAN_POINT ( 'NONE',  ( 0.1531841885794856806, 0.1897358248334378716, 0.02999999999999999889 ) ) ;
#4555 = PRESENTATION_LAYER_ASSIGNMENT (  '', '', ( #3871 ) ) ;
#4556 = EDGE_CURVE ( 'NONE', #4359, #555, #1117, .T. ) ;
#4557 =( NAMED_UNIT ( * ) PLANE_ANGLE_UNIT ( ) SI_UNIT ( $, .RADIAN. ) );
#4558 = MECHANICAL_DESIGN_GEOMETRIC_PRESENTATION_REPRESENTATION (  '', ( #1124 ), #5335 ) ;
#4559 = ORIENTED_EDGE ( 'NONE', *, *, #1162, .T. ) ;
#4560 = B_SPLINE_SURFACE_WITH_KNOTS ( 'NONE', 3, 1, ( 
 ( #676, #5256 ),
 ( #6241, #2316 ),
 ( #787, #5234 ),
 ( #6279, #5275 ),
 ( #3323, #853 ),
 ( #3273, #5785 ),
 ( #4704, #3776 ),
 ( #1301, #2269 ),
 ( #388, #767 ),
 ( #6259, #5717 ),
 ( #5757, #4209 ),
 ( #1777, #2297 ),
 ( #2774, #4237 ),
 ( #2221, #2754 ),
 ( #2793, #5700 ),
 ( #804, #2815 ),
 ( #1758, #6214 ),
 ( #3300, #4726 ),
 ( #362, #1253 ) ),
 .UNSPECIFIED., .F., .F., .F.,
 ( 4, 1, 1, 1, 1, 1, 1, 1, 1, 1, 1, 1, 1, 1, 1, 1, 4 ),
 ( 2, 2 ),
 ( 0.000000000000000000, 0.06854753670890290085, 0.1356829456230481679, 0.2012149895263285471, 0.2656822347546963226, 0.3292668348172591575, 0.3923954278443284038, 0.4550697616521435229, 0.5171268500645062050, 0.5787900352866527376, 0.6397398633435416038, 0.7001915036663085568, 0.7598062425966701783, 0.8196283192750081215, 0.8793547910462763406, 0.9395116077646616937, 1.000000000000000000 ),
 ( 0.000000000000000000, 1.000000000000000000 ),
 .UNSPECIFIED. ) ;
#4561 = LINE ( 'NONE', #2038, #4402 ) ;
#4562 =( NAMED_UNIT ( * ) SI_UNIT ( $, .STERADIAN. ) SOLID_ANGLE_UNIT ( ) );
#4563 = CARTESIAN_POINT ( 'NONE',  ( -0.2535200296941133025, 0.01701632933467818118, 0.000000000000000000 ) ) ;
#4564 = VERTEX_POINT ( 'NONE', #1199 ) ;
#4565 = FACE_OUTER_BOUND ( 'NONE', #1156, .T. ) ;
#4566 = CARTESIAN_POINT ( 'NONE',  ( 1.580000000000000071, 0.4000000000000000777, 0.7800000000000000266 ) ) ;
#4567 = ORIENTED_EDGE ( 'NONE', *, *, #1471, .T. ) ;
#4568 = EDGE_LOOP ( 'NONE', ( #172, #1823, #65, #5452, #3470, #4770 ) ) ;
#4569 = DIRECTION ( 'NONE',  ( -0.000000000000000000, 0.000000000000000000, -1.000000000000000000 ) ) ;
#4570 = EDGE_CURVE ( 'NONE', #4230, #1009, #1194, .T. ) ;
#4571 = CARTESIAN_POINT ( 'NONE',  ( -0.1895277425015867989, 0.1282088326864312955, 0.000000000000000000 ) ) ;
#4572 = CARTESIAN_POINT ( 'NONE',  ( 0.2793407224891028551, 0.02056994339484822035, 3.388131789017201356E-18 ) ) ;
#4573 = CARTESIAN_POINT ( 'NONE',  ( -0.1903021939410310115, 0.1123140417219617576, 0.000000000000000000 ) ) ;
#4574 = VECTOR ( 'NONE', #2796, 1000.000000000000000 ) ;
#4575 = VERTEX_POINT ( 'NONE', #1772 ) ;
#4576 = CARTESIAN_POINT ( 'NONE',  ( 0.1840118483361754265, 0.2118692443247859880, 0.02999999999999999889 ) ) ;
#4577 = DIRECTION ( 'NONE',  ( 1.000000000000000000, 0.000000000000000000, -0.000000000000000000 ) ) ;
#4578 =( NAMED_UNIT ( * ) SI_UNIT ( $, .STERADIAN. ) SOLID_ANGLE_UNIT ( ) );
#4579 = SURFACE_SIDE_STYLE ('',( #207 ) ) ;
#4580 = VERTEX_POINT ( 'NONE', #262 ) ;
#4581 = B_SPLINE_SURFACE_WITH_KNOTS ( 'NONE', 3, 1, ( 
 ( #1840, #5753 ),
 ( #3793, #1882 ),
 ( #5336, #5781 ),
 ( #2378, #936 ),
 ( #2808, #4319 ),
 ( #5845, #5296 ),
 ( #2330, #6296 ),
 ( #1338, #3836 ),
 ( #3881, #2873 ),
 ( #6339, #3384 ),
 ( #5250, #1316 ),
 ( #382, #3294 ),
 ( #2294, #2788 ),
 ( #3941, #6359 ),
 ( #467, #954 ),
 ( #3961, #43 ),
 ( #2891, #2985 ),
 ( #972, #995 ),
 ( #2399, #5447 ),
 ( #1510, #2917 ),
 ( #4887, #1008 ),
 ( #3983, #5427 ),
 ( #3924, #4433 ),
 ( #1921, #4377 ),
 ( #5954, #543 ),
 ( #3901, #3404 ),
 ( #2443, #1955 ) ),
 .UNSPECIFIED., .F., .F., .F.,
 ( 4, 1, 1, 1, 1, 1, 1, 1, 1, 1, 1, 1, 1, 1, 1, 1, 1, 1, 1, 1, 1, 1, 1, 1, 4 ),
 ( 2, 2 ),
 ( 0.000000000000000000, 0.04608068338724800178, 0.09080679960761624259, 0.1342952705290696991, 0.1770243856662441773, 0.2188227336826556457, 0.2602441163273735425, 0.3010798671134451432, 0.3416138942851569826, 0.3815834185517459898, 0.4201195913296165152, 0.4580746185423134609, 0.4947384876076563742, 0.5311946228937135528, 0.5669336984503784427, 0.6027126507379957365, 0.6383266061284351700, 0.6748532488548240060, 0.7134673707840597512, 0.7544418038483806654, 0.7978153607124988111, 0.8439894562081102780, 0.8930715698796480861, 0.9449633461781439259, 1.000000000000000000 ),
 ( 0.000000000000000000, 1.000000000000000000 ),
 .UNSPECIFIED. ) ;
#4582 = SURFACE_STYLE_FILL_AREA ( #3773 ) ;
#4583 = AXIS2_PLACEMENT_3D ( 'NONE', #3493, #5913, #2024 ) ;
#4584 = CARTESIAN_POINT ( 'NONE',  ( 1.000000000000000000, -0.4000000000000000222, -0.05000000000000012074 ) ) ;
#4585 = ADVANCED_FACE ( 'NONE', ( #2175 ), #306, .F. ) ;
#4586 = CARTESIAN_POINT ( 'NONE',  ( -0.4236722732838569816, 0.01701632933467818118, 0.02999999999999999889 ) ) ;
#4587 = CIRCLE ( 'NONE', #3313, 0.04999999999999995420 ) ;
#4588 =( NAMED_UNIT ( * ) SI_UNIT ( $, .STERADIAN. ) SOLID_ANGLE_UNIT ( ) );
#4589 = LINE ( 'NONE', #3745, #4507 ) ;
#4590 = AXIS2_PLACEMENT_3D ( 'NONE', #502, #4927, #5866 ) ;
#4591 = CARTESIAN_POINT ( 'NONE',  ( 0.2347287934051546787, 0.01190309520966101146, -0.000000000000000000 ) ) ;
#4592 = CARTESIAN_POINT ( 'NONE',  ( 1.750000000000000222, -1.399999999999999911, 0.9499999999999999556 ) ) ;
#4593 = VERTEX_POINT ( 'NONE', #4741 ) ;
#4594 = DIRECTION ( 'NONE',  ( -0.000000000000000000, 1.000000000000000000, -0.000000000000000000 ) ) ;
#4595 = STYLED_ITEM ( 'NONE', ( #5786 ), #6109 ) ;
#4596 = CIRCLE ( 'NONE', #185, 0.1700000000000000122 ) ;
#4597 = EDGE_CURVE ( 'NONE', #752, #6104, #374, .T. ) ;
#4598 = VECTOR ( 'NONE', #3678, 1000.000000000000000 ) ;
#4599 = CARTESIAN_POINT ( 'NONE',  ( 0.3170116892521288587, 0.1846029745701233404, 0.000000000000000000 ) ) ;
#4600 = ADVANCED_FACE ( 'NONE', ( #4441, #2966 ), #3666, .T. ) ;
#4601 = ORIENTED_EDGE ( 'NONE', *, *, #1123, .F. ) ;
#4602 = EDGE_CURVE ( 'NONE', #6040, #1759, #2809, .T. ) ;
#4603 = SURFACE_SIDE_STYLE ('',( #2813 ) ) ;
#4604 = VECTOR ( 'NONE', #893, 1000.000000000000000 ) ;
#4605 = ORIENTED_EDGE ( 'NONE', *, *, #6377, .F. ) ;
#4606 = ORIENTED_EDGE ( 'NONE', *, *, #4426, .F. ) ;
#4607 = VECTOR ( 'NONE', #2646, 1000.000000000000000 ) ;
#4608 = ORIENTED_EDGE ( 'NONE', *, *, #4961, .T. ) ;
#4609 = LINE ( 'NONE', #3965, #5224 ) ;
#4610 = FILL_AREA_STYLE_COLOUR ( '', #2504 ) ;
#4611 = CARTESIAN_POINT ( 'NONE',  ( -0.008287657899241539228, 0.1965035088218576864, 0.000000000000000000 ) ) ;
#4612 = FACE_OUTER_BOUND ( 'NONE', #3567, .T. ) ;
#4613 = VERTEX_POINT ( 'NONE', #2348 ) ;
#4614 = CARTESIAN_POINT ( 'NONE',  ( 0.2986411433130317095, 0.03150963576761529883, 0.02999999999999999889 ) ) ;
#4615 = ADVANCED_FACE ( 'NONE', ( #2494 ), #3178, .T. ) ;
#4616 = CARTESIAN_POINT ( 'NONE',  ( -1.000000000000000222, -1.100000000000000089, 0.06999999999999986788 ) ) ;
#4617 = DIRECTION ( 'NONE',  ( 0.000000000000000000, -1.000000000000000000, 0.000000000000000000 ) ) ;
#4618 = MECHANICAL_DESIGN_GEOMETRIC_PRESENTATION_REPRESENTATION (  '', ( #2499 ), #5481 ) ;
#4619 = FILL_AREA_STYLE_COLOUR ( '', #615 ) ;
#4620 =( NAMED_UNIT ( * ) PLANE_ANGLE_UNIT ( ) SI_UNIT ( $, .RADIAN. ) );
#4621 = FILL_AREA_STYLE ('',( #1149 ) ) ;
#4622 = LINE ( 'NONE', #5604, #3149 ) ;
#4623 = PLANE ( 'NONE',  #4050 ) ;
#4624 = CARTESIAN_POINT ( 'NONE',  ( -0.1061642604633440956, 0.01701632933467818118, 0.000000000000000000 ) ) ;
#4625 = DIRECTION ( 'NONE',  ( -0.000000000000000000, 1.000000000000000000, -0.000000000000000000 ) ) ;
#4626 = VERTEX_POINT ( 'NONE', #1312 ) ;
#4627 = AXIS2_PLACEMENT_3D ( 'NONE', #6239, #870, #3753 ) ;
#4628 = VECTOR ( 'NONE', #4806, 1000.000000000000000 ) ;
#4629 = DIRECTION ( 'NONE',  ( -1.548860246407863583E-16, 1.000000000000000000, 0.000000000000000000 ) ) ;
#4630 = ORIENTED_EDGE ( 'NONE', *, *, #3314, .F. ) ;
#4631 = CARTESIAN_POINT ( 'NONE',  ( -1.000000000000000222, 0.4000000000000000777, 0.06999999999999986788 ) ) ;
#4632 = EDGE_CURVE ( 'NONE', #1399, #4593, #6136, .T. ) ;
#4633 = CARTESIAN_POINT ( 'NONE',  ( 1.750000000000000000, -1.100000000000000089, 0.1200000000000011890 ) ) ;
#4634 = CARTESIAN_POINT ( 'NONE',  ( 0.3019822662245076894, 0.1992632090798262534, 0.000000000000000000 ) ) ;
#4635 = VECTOR ( 'NONE', #485, 1000.000000000000000 ) ;
#4636 = CARTESIAN_POINT ( 'NONE',  ( 0.2303062493071022787, 0.01191383614149920875, 0.02999999999999999889 ) ) ;
#4637 =( NAMED_UNIT ( * ) SI_UNIT ( $, .STERADIAN. ) SOLID_ANGLE_UNIT ( ) );
#4638 = EDGE_LOOP ( 'NONE', ( #1017, #5154, #3762, #1012, #4270, #4868, #6029, #2578 ) ) ;
#4639 =( NAMED_UNIT ( * ) SI_UNIT ( $, .STERADIAN. ) SOLID_ANGLE_UNIT ( ) );
#4640 =( NAMED_UNIT ( * ) PLANE_ANGLE_UNIT ( ) SI_UNIT ( $, .RADIAN. ) );
#4641 = FACE_OUTER_BOUND ( 'NONE', #4252, .T. ) ;
#4642 = EDGE_CURVE ( 'NONE', #4419, #6104, #6297, .T. ) ;
#4643 = CARTESIAN_POINT ( 'NONE',  ( -1.579999999999999849, -0.4000000000000000222, 0.7800000000000000266 ) ) ;
#4644 = SURFACE_STYLE_USAGE ( .BOTH. , #2158 ) ;
#4645 = EDGE_CURVE ( 'NONE', #2626, #2463, #4596, .T. ) ;
#4646 = DIRECTION ( 'NONE',  ( -0.000000000000000000, -0.000000000000000000, -1.000000000000000000 ) ) ;
#4647 = ORIENTED_EDGE ( 'NONE', *, *, #688, .F. ) ;
#4648 = FILL_AREA_STYLE ('',( #749 ) ) ;
#4649 = ADVANCED_FACE ( 'NONE', ( #1278 ), #5968, .T. ) ;
#4650 =( NAMED_UNIT ( * ) PLANE_ANGLE_UNIT ( ) SI_UNIT ( $, .RADIAN. ) );
#4651 = ORIENTED_EDGE ( 'NONE', *, *, #440, .T. ) ;
#4652 = DIRECTION ( 'NONE',  ( 1.541385308669999636E-16, -0.9951739107803948547, -0.09812689387754343351 ) ) ;
#4653 = CARTESIAN_POINT ( 'NONE',  ( 1.549999999999999822, 0.4000000000000000777, 0.9499999999999999556 ) ) ;
#4654 = CARTESIAN_POINT ( 'NONE',  ( 0.000000000000000000, 0.000000000000000000, 0.02999999999999999889 ) ) ;
#4655 = CARTESIAN_POINT ( 'NONE',  ( 0.1946352241418727314, 0.1939377042634219395, 0.000000000000000000 ) ) ;
#4656 =( LENGTH_UNIT ( ) NAMED_UNIT ( * ) SI_UNIT ( .MILLI., .METRE. ) );
#4657 = ORIENTED_EDGE ( 'NONE', *, *, #498, .F. ) ;
#4658 = DIRECTION ( 'NONE',  ( -1.285153437213423508E-16, 0.000000000000000000, 1.000000000000000000 ) ) ;
#4659 =( NAMED_UNIT ( * ) SI_UNIT ( $, .STERADIAN. ) SOLID_ANGLE_UNIT ( ) );
#4660 = SURFACE_SIDE_STYLE ('',( #4040 ) ) ;
#4661 = VECTOR ( 'NONE', #2609, 1000.000000000000000 ) ;
#4662 = VECTOR ( 'NONE', #2694, 1000.000000000000000 ) ;
#4663 = CARTESIAN_POINT ( 'NONE',  ( -0.1425210112112701988, 0.2116265805118687782, 0.02999999999999999889 ) ) ;
#4664 = AXIS2_PLACEMENT_3D ( 'NONE', #1139, #4569, #2551 ) ;
#4665 = DIRECTION ( 'NONE',  ( 0.000000000000000000, -1.000000000000000000, 0.000000000000000000 ) ) ;
#4666 = SURFACE_STYLE_FILL_AREA ( #5292 ) ;
#4667 = FACE_OUTER_BOUND ( 'NONE', #859, .T. ) ;
#4668 = PRESENTATION_LAYER_ASSIGNMENT (  '', '', ( #5793 ) ) ;
#4669 = CARTESIAN_POINT ( 'NONE',  ( 0.3019822662245076894, 0.1992632090798262534, 0.02999999999999999889 ) ) ;
#4670 = LINE ( 'NONE', #4811, #5516 ) ;
#4671 = CARTESIAN_POINT ( 'NONE',  ( 0.3401665799735312246, 0.1288534099149464540, 0.000000000000000000 ) ) ;
#4672 = PRESENTATION_STYLE_ASSIGNMENT (( #2521 ) ) ;
#4673 = PLANE ( 'NONE',  #2968 ) ;
#4674 = ADVANCED_FACE ( 'NONE', ( #1038 ), #5779, .F. ) ;
#4675 = CARTESIAN_POINT ( 'NONE',  ( 0.000000000000000000, 0.000000000000000000, 1.830000000000000071 ) ) ;
#4676 = ORIENTED_EDGE ( 'NONE', *, *, #3143, .F. ) ;
#4677 = AXIS2_PLACEMENT_3D ( 'NONE', #1342, #3752, #4790 ) ;
#4678 = VERTEX_POINT ( 'NONE', #5732 ) ;
#4679 = EDGE_CURVE ( 'NONE', #3120, #5372, #1274, .T. ) ;
#4680 = VERTEX_POINT ( 'NONE', #991 ) ;
#4681 = SURFACE_STYLE_FILL_AREA ( #2814 ) ;
#4682 = ORIENTED_EDGE ( 'NONE', *, *, #2602, .T. ) ;
#4683 = DIRECTION ( 'NONE',  ( 1.000000000000000000, 0.000000000000000000, -1.285153437213423508E-16 ) ) ;
#4684 = SURFACE_STYLE_FILL_AREA ( #2617 ) ;
#4685 = UNCERTAINTY_MEASURE_WITH_UNIT (LENGTH_MEASURE( 1.000000000000000082E-05 ), #6027, 'distance_accuracy_value', 'NONE');
#4686 = CARTESIAN_POINT ( 'NONE',  ( -0.1764648443157582902, 0.1632343151376881019, 0.000000000000000000 ) ) ;
#4687 = CARTESIAN_POINT ( 'NONE',  ( 0.4404302908187072152, 0.03752914984749869398, 0.000000000000000000 ) ) ;
#4688 = DIRECTION ( 'NONE',  ( 0.000000000000000000, -0.000000000000000000, -1.000000000000000000 ) ) ;
#4689 = VERTEX_POINT ( 'NONE', #5333 ) ;
#4690 = FILL_AREA_STYLE ('',( #747 ) ) ;
#4691 = PRESENTATION_STYLE_ASSIGNMENT (( #4254 ) ) ;
#4692 = VERTEX_POINT ( 'NONE', #4411 ) ;
#4693 = CARTESIAN_POINT ( 'NONE',  ( -0.09486838081113731225, 0.2169421800246819632, 0.02999999999999999889 ) ) ;
#4694 = VECTOR ( 'NONE', #4543, 1000.000000000000000 ) ;
#4695 = ORIENTED_EDGE ( 'NONE', *, *, #5227, .T. ) ;
#4696 = UNCERTAINTY_MEASURE_WITH_UNIT (LENGTH_MEASURE( 1.000000000000000082E-05 ), #5705, 'distance_accuracy_value', 'NONE');
#4697 = EDGE_CURVE ( 'NONE', #982, #4716, #3437, .T. ) ;
#4698 =( NAMED_UNIT ( * ) SI_UNIT ( $, .STERADIAN. ) SOLID_ANGLE_UNIT ( ) );
#4699 = LINE ( 'NONE', #1699, #236 ) ;
#4700 = DIRECTION ( 'NONE',  ( 1.000000000000000000, 0.000000000000000000, -0.000000000000000000 ) ) ;
#4701 = CARTESIAN_POINT ( 'NONE',  ( 0.2122558947807037799, 0.03429648480005466349, 0.02999999999999999889 ) ) ;
#4702 = CARTESIAN_POINT ( 'NONE',  ( 0.3362914604499180893, 0.1491920014659390559, 0.000000000000000000 ) ) ;
#4703 = CARTESIAN_POINT ( 'NONE',  ( 0.2303010175970262030, 0.2015397273180443150, 0.000000000000000000 ) ) ;
#4704 = CARTESIAN_POINT ( 'NONE',  ( 0.2000784800838662780, 0.2179399846452313161, 0.02999999999999999889 ) ) ;
#4705 = ORIENTED_EDGE ( 'NONE', *, *, #2354, .F. ) ;
#4706 = CARTESIAN_POINT ( 'NONE',  ( -0.1775555595306678447, 0.06859145452268591847, 0.02999999999999999889 ) ) ;
#4707 = DIRECTION ( 'NONE',  ( -0.2149904497342420284, -0.09622604506497772769, 0.9718640104326434770 ) ) ;
#4708 = AXIS2_PLACEMENT_3D ( 'NONE', #4815, #5325, #412 ) ;
#4709 = PLANE ( 'NONE',  #2001 ) ;
#4710 = CARTESIAN_POINT ( 'NONE',  ( -0.1733522511855907222, 0.1959952214159816075, 0.02999999999999999889 ) ) ;
#4711 = VERTEX_POINT ( 'NONE', #6357 ) ;
#4712 = CARTESIAN_POINT ( 'NONE',  ( 1.579999999999998517, 1.100000000000000089, 0.9499999999999999556 ) ) ;
#4713 = CARTESIAN_POINT ( 'NONE',  ( 0.2973928387864665512, 0.1770445180009315167, 0.02999999999999999889 ) ) ;
#4714 =( NAMED_UNIT ( * ) SI_UNIT ( $, .STERADIAN. ) SOLID_ANGLE_UNIT ( ) );
#4715 = ADVANCED_FACE ( 'NONE', ( #4368 ), #4430, .T. ) ;
#4716 = VERTEX_POINT ( 'NONE', #3421 ) ;
#4717 = STYLED_ITEM ( 'NONE', ( #2343 ), #4585 ) ;
#4718 = FACE_OUTER_BOUND ( 'NONE', #1897, .T. ) ;
#4719 = AXIS2_PLACEMENT_3D ( 'NONE', #39, #3958, #1508 ) ;
#4720 = CARTESIAN_POINT ( 'NONE',  ( -0.4236722732838569816, 0.01701632933467818118, 0.02999999999999999889 ) ) ;
#4721 = ORIENTED_EDGE ( 'NONE', *, *, #36, .F. ) ;
#4722 = EDGE_CURVE ( 'NONE', #2716, #4895, #445, .T. ) ;
#4723 = FILL_AREA_STYLE ('',( #784 ) ) ;
#4724 = CARTESIAN_POINT ( 'NONE',  ( 1.749999999999999778, -1.100000000000000089, 0.7799999999999988054 ) ) ;
#4725 = CARTESIAN_POINT ( 'NONE',  ( 0.1720630395737613172, 0.02881590693230726488, 0.02999999999999999889 ) ) ;
#4726 = CARTESIAN_POINT ( 'NONE',  ( 0.1467833729705873558, 0.1819336100867936235, 0.000000000000000000 ) ) ;
#4727 = EDGE_LOOP ( 'NONE', ( #3995, #3684, #3074, #6009 ) ) ;
#4728 = EDGE_CURVE ( 'NONE', #2396, #1003, #3973, .T. ) ;
#4729 = ORIENTED_EDGE ( 'NONE', *, *, #1507, .T. ) ;
#4730 = CARTESIAN_POINT ( 'NONE',  ( -0.3288004784120621138, 0.2170163293346781819, 0.02999999999999999889 ) ) ;
#4731 = CARTESIAN_POINT ( 'NONE',  ( -0.1644639579601270551, 0.1766081622800272921, 0.02999999999999999889 ) ) ;
#4732 = UNCERTAINTY_MEASURE_WITH_UNIT (LENGTH_MEASURE( 1.000000000000000082E-05 ), #2607, 'distance_accuracy_value', 'NONE');
#4733 =( GEOMETRIC_REPRESENTATION_CONTEXT ( 3 ) GLOBAL_UNCERTAINTY_ASSIGNED_CONTEXT ( ( #3738 ) ) GLOBAL_UNIT_ASSIGNED_CONTEXT ( ( #5656, #3194, #3147 ) ) REPRESENTATION_CONTEXT ( 'NONE', 'WORKASPACE' ) );
#4734 = DIRECTION ( 'NONE',  ( 0.000000000000000000, -0.000000000000000000, -1.000000000000000000 ) ) ;
#4735 = VERTEX_POINT ( 'NONE', #4882 ) ;
#4736 = CARTESIAN_POINT ( 'NONE',  ( 0.2573683223611390458, 0.1988400684158149467, 0.02999999999999999889 ) ) ;
#4737 = DIRECTION ( 'NONE',  ( -0.000000000000000000, -0.000000000000000000, -1.000000000000000000 ) ) ;
#4738 = VECTOR ( 'NONE', #4625, 1000.000000000000000 ) ;
#4739 = ORIENTED_EDGE ( 'NONE', *, *, #233, .F. ) ;
#4740 = VECTOR ( 'NONE', #1612, 1000.000000000000000 ) ;
#4741 = CARTESIAN_POINT ( 'NONE',  ( 1.629999999999999893, -1.100000000000000089, 0.1200000000000002176 ) ) ;
#4742 = LINE ( 'NONE', #514, #4506 ) ;
#4743 =( NAMED_UNIT ( * ) PLANE_ANGLE_UNIT ( ) SI_UNIT ( $, .RADIAN. ) );
#4744 = FACE_OUTER_BOUND ( 'NONE', #4983, .T. ) ;
#4745 = CARTESIAN_POINT ( 'NONE',  ( 0.1646095290195339067, 0.1722859740769842885, 0.02999999999999999889 ) ) ;
#4746 = CARTESIAN_POINT ( 'NONE',  ( 1.000000000000000000, -1.100000000000000089, -0.05000000000000012074 ) ) ;
#4747 = SURFACE_SIDE_STYLE ('',( #4681 ) ) ;
#4748 = ADVANCED_FACE ( 'NONE', ( #2961 ), #2956, .F. ) ;
#4749 = CARTESIAN_POINT ( 'NONE',  ( 1.579999999999999627, 1.100000000000000089, 0.06999999999999986788 ) ) ;
#4750 = CIRCLE ( 'NONE', #1431, 0.1700000000000000122 ) ;
#4751 = CARTESIAN_POINT ( 'NONE',  ( -0.1805560340468553293, 0.07343087141642493099, 0.000000000000000000 ) ) ;
#4752 = CARTESIAN_POINT ( 'NONE',  ( -0.1376546450787286824, 0.1908945344628833474, 0.02999999999999999889 ) ) ;
#4753 =( LENGTH_UNIT ( ) NAMED_UNIT ( * ) SI_UNIT ( .MILLI., .METRE. ) );
#4754 =( NAMED_UNIT ( * ) PLANE_ANGLE_UNIT ( ) SI_UNIT ( $, .RADIAN. ) );
#4755 = SURFACE_SIDE_STYLE ('',( #3359 ) ) ;
#4756 = COLOUR_RGB ( '',1.000000000000000000, 1.000000000000000000, 1.000000000000000000 ) ;
#4757 = MECHANICAL_DESIGN_GEOMETRIC_PRESENTATION_REPRESENTATION (  '', ( #5617 ), #3643 ) ;
#4758 = VERTEX_POINT ( 'NONE', #483 ) ;
#4759 = VERTEX_POINT ( 'NONE', #2871 ) ;
#4760 = FILL_AREA_STYLE_COLOUR ( '', #3424 ) ;
#4761 = AXIS2_PLACEMENT_3D ( 'NONE', #99, #591, #1115 ) ;
#4762 = EDGE_LOOP ( 'NONE', ( #1966, #2874, #242, #5478 ) ) ;
#4763 = EDGE_CURVE ( 'NONE', #2460, #3456, #2098, .T. ) ;
#4764 = VECTOR ( 'NONE', #5319, 1000.000000000000000 ) ;
#4765 = CARTESIAN_POINT ( 'NONE',  ( 1.750000000000000000, 0.4000000000000000777, 0.1200000000000011890 ) ) ;
#4766 = EDGE_LOOP ( 'NONE', ( #5130, #5015, #5931, #2429, #4025, #6340, #5182, #980, #2065, #1185, #1380, #2944 ) ) ;
#4767 = PLANE ( 'NONE',  #4350 ) ;
#4768 = VERTEX_POINT ( 'NONE', #5402 ) ;
#4769 = CARTESIAN_POINT ( 'NONE',  ( -0.1127338421517737332, 0.1951723682526928239, 0.000000000000000000 ) ) ;
#4770 = ORIENTED_EDGE ( 'NONE', *, *, #5935, .F. ) ;
#4771 = ORIENTED_EDGE ( 'NONE', *, *, #1055, .F. ) ;
#4772 = CARTESIAN_POINT ( 'NONE',  ( 1.579999999999998517, -1.100000000000000089, 0.9499999999999999556 ) ) ;
#4773 = COLOUR_RGB ( '',0.7960784313725489669, 0.8235294117647058432, 0.9372549019607843146 ) ;
#4774 = AXIS2_PLACEMENT_3D ( 'NONE', #6057, #4538, #3023 ) ;
#4775 = EDGE_CURVE ( 'NONE', #1524, #4227, #3274, .T. ) ;
#4776 = AXIS2_PLACEMENT_3D ( 'NONE', #2496, #5522, #3978 ) ;
#4777 = SURFACE_STYLE_FILL_AREA ( #4723 ) ;
#4778 = CARTESIAN_POINT ( 'NONE',  ( -0.1705237818534671157, 0.05991471528641996447, 0.000000000000000000 ) ) ;
#4779 =( NAMED_UNIT ( * ) SI_UNIT ( $, .STERADIAN. ) SOLID_ANGLE_UNIT ( ) );
#4780 = CARTESIAN_POINT ( 'NONE',  ( -1.549999999999999822, -1.100000000000000089, 0.8299999999999999600 ) ) ;
#4781 = CIRCLE ( 'NONE', #1187, 0.04999999999999995420 ) ;
#4782 = CARTESIAN_POINT ( 'NONE',  ( -0.1408115449004925246, 0.04219608831103235230, -0.000000000000000000 ) ) ;
#4783 = ADVANCED_FACE ( 'NONE', ( #5583 ), #6289, .F. ) ;
#4784 = CARTESIAN_POINT ( 'NONE',  ( -0.2082469489365936233, 0.1173387542007368889, 0.02999999999999999889 ) ) ;
#4785 = EDGE_CURVE ( 'NONE', #1859, #5211, #2419, .T. ) ;
#4786 = CARTESIAN_POINT ( 'NONE',  ( 0.3150697138956302656, 0.04686408574493459295, 0.000000000000000000 ) ) ;
#4787 = VERTEX_POINT ( 'NONE', #5992 ) ;
#4788 = CARTESIAN_POINT ( 'NONE',  ( 0.2223340677144922672, 0.03268738485017654710, 0.000000000000000000 ) ) ;
#4789 = CARTESIAN_POINT ( 'NONE',  ( -0.08628105634327579154, 0.1964732407345051723, 0.000000000000000000 ) ) ;
#4790 = DIRECTION ( 'NONE',  ( 0.000000000000000000, 0.000000000000000000, -1.000000000000000000 ) ) ;
#4791 =( NAMED_UNIT ( * ) SI_UNIT ( $, .STERADIAN. ) SOLID_ANGLE_UNIT ( ) );
#4792 = VERTEX_POINT ( 'NONE', #3020 ) ;
#4793 = FILL_AREA_STYLE_COLOUR ( '', #537 ) ;
#4794 = CARTESIAN_POINT ( 'NONE',  ( -0.1494053499891331294, 0.1864647148304039437, 0.02999999999999999889 ) ) ;
#4795 = AXIS2_PLACEMENT_3D ( 'NONE', #1365, #1340, #5253 ) ;
#4796 = VECTOR ( 'NONE', #1084, 1000.000000000000000 ) ;
#4797 = FILL_AREA_STYLE_COLOUR ( '', #469 ) ;
#4798 = DIRECTION ( 'NONE',  ( 1.000000000000000000, 0.000000000000000000, 0.000000000000000000 ) ) ;
#4799 = CARTESIAN_POINT ( 'NONE',  ( 0.08658413697255337715, 0.1144522267705756352, 0.000000000000000000 ) ) ;
#4800 = ORIENTED_EDGE ( 'NONE', *, *, #3980, .T. ) ;
#4801 = DIRECTION ( 'NONE',  ( -0.000000000000000000, 1.000000000000000000, -0.000000000000000000 ) ) ;
#4802 = ORIENTED_EDGE ( 'NONE', *, *, #3521, .T. ) ;
#4803 = CARTESIAN_POINT ( 'NONE',  ( -0.1733522511855907222, 0.1959952214159816075, 0.000000000000000000 ) ) ;
#4804 = ORIENTED_EDGE ( 'NONE', *, *, #609, .T. ) ;
#4805 = DIRECTION ( 'NONE',  ( -0.9035018415143104553, -0.4285842068721734677, 0.000000000000000000 ) ) ;
#4806 = DIRECTION ( 'NONE',  ( -0.000000000000000000, -0.000000000000000000, -1.000000000000000000 ) ) ;
#4807 = CARTESIAN_POINT ( 'NONE',  ( -0.07964205440881502729, 0.1964931668604011361, 0.02999999999999999889 ) ) ;
#4809 = EDGE_CURVE ( 'NONE', #5372, #4711, #2564, .T. ) ;
#4808 = ORIENTED_EDGE ( 'NONE', *, *, #2169, .T. ) ;
#4810 = CARTESIAN_POINT ( 'NONE',  ( 1.579999999999999627, -1.100000000000000089, 0.06999999999999986788 ) ) ;
#4811 = CARTESIAN_POINT ( 'NONE',  ( -1.512685059596456272, 1.373545930148558636, 1.218289345660632295 ) ) ;
#4812 = CARTESIAN_POINT ( 'NONE',  ( -0.1422620168736004886, 0.04261729087313972236, 0.02999999999999999889 ) ) ;
#4813 =( NAMED_UNIT ( * ) SI_UNIT ( $, .STERADIAN. ) SOLID_ANGLE_UNIT ( ) );
#4814 = DIRECTION ( 'NONE',  ( -0.000000000000000000, -0.000000000000000000, -1.000000000000000000 ) ) ;
#4815 = CARTESIAN_POINT ( 'NONE',  ( 1.549999999999999822, 1.399999999999999911, 1.800000000000000044 ) ) ;
#4816 =( GEOMETRIC_REPRESENTATION_CONTEXT ( 3 ) GLOBAL_UNCERTAINTY_ASSIGNED_CONTEXT ( ( #399 ) ) GLOBAL_UNIT_ASSIGNED_CONTEXT ( ( #1946, #4487, #5411 ) ) REPRESENTATION_CONTEXT ( 'NONE', 'WORKASPACE' ) );
#4817 = CARTESIAN_POINT ( 'NONE',  ( 1.579999999999999627, -0.4000000000000000222, 0.8299999999999999600 ) ) ;
#4818 = VECTOR ( 'NONE', #3895, 1000.000000000000000 ) ;
#4819 = CARTESIAN_POINT ( 'NONE',  ( 1.579999999999999627, 0.4000000000000000777, 0.8299999999999999600 ) ) ;
#4820 = VERTEX_POINT ( 'NONE', #55 ) ;
#4821 = LINE ( 'NONE', #3908, #5503 ) ;
#4822 = VECTOR ( 'NONE', #1436, 1000.000000000000000 ) ;
#4823 = CARTESIAN_POINT ( 'NONE',  ( -0.2082876578992415295, 0.1144922908731397238, 0.000000000000000000 ) ) ;
#4824 = DIRECTION ( 'NONE',  ( 0.000000000000000000, 0.000000000000000000, -1.000000000000000000 ) ) ;
#4825 = EDGE_CURVE ( 'NONE', #4564, #982, #1105, .T. ) ;
#4826 = CARTESIAN_POINT ( 'NONE',  ( -0.09585817660428332110, 0.1961814331640836240, 0.02999999999999999889 ) ) ;
#4827 = VECTOR ( 'NONE', #1686, 1000.000000000000000 ) ;
#4828 = CARTESIAN_POINT ( 'NONE',  ( 0.1846282948735586127, 0.04530340640330819679, 0.02999999999999999889 ) ) ;
#4829 = CARTESIAN_POINT ( 'NONE',  ( 0.2752040597938092414, 0.2148357737754565122, 0.000000000000000000 ) ) ;
#4830 = PLANE ( 'NONE',  #5529 ) ;
#4831 = VECTOR ( 'NONE', #3024, 1000.000000000000000 ) ;
#4832 = CARTESIAN_POINT ( 'NONE',  ( 1.749999999999999778, -0.4000000000000000222, 0.7799999999999988054 ) ) ;
#4833 = FACE_OUTER_BOUND ( 'NONE', #4023, .T. ) ;
#4834 = DIRECTION ( 'NONE',  ( -0.000000000000000000, -0.000000000000000000, -1.000000000000000000 ) ) ;
#4835 = DIRECTION ( 'NONE',  ( -1.000000000000000000, -1.548860246407863583E-16, -0.000000000000000000 ) ) ;
#4836 = DIRECTION ( 'NONE',  ( 0.000000000000000000, 0.000000000000000000, 1.000000000000000000 ) ) ;
#4837 = VERTEX_POINT ( 'NONE', #4476 ) ;
#4838 = CARTESIAN_POINT ( 'NONE',  ( 1.550000000000000266, -0.5993529332323331849, 1.800000000000000044 ) ) ;
#4839 = ORIENTED_EDGE ( 'NONE', *, *, #1867, .F. ) ;
#4840 = ORIENTED_EDGE ( 'NONE', *, *, #2908, .T. ) ;
#4841 =( GEOMETRIC_REPRESENTATION_CONTEXT ( 3 ) GLOBAL_UNCERTAINTY_ASSIGNED_CONTEXT ( ( #586 ) ) GLOBAL_UNIT_ASSIGNED_CONTEXT ( ( #5016, #1145, #4639 ) ) REPRESENTATION_CONTEXT ( 'NONE', 'WORKASPACE' ) );
#4842 = EDGE_CURVE ( 'NONE', #2580, #5857, #734, .T. ) ;
#4843 = ORIENTED_EDGE ( 'NONE', *, *, #1706, .T. ) ;
#4844 = VECTOR ( 'NONE', #3278, 1000.000000000000000 ) ;
#4845 = PRESENTATION_STYLE_ASSIGNMENT (( #4644 ) ) ;
#4846 = MANIFOLD_SOLID_BREP ( 'ÇÐ³ý-À­Éì5', #4911 ) ;
#4847 = CARTESIAN_POINT ( 'NONE',  ( 0.1636826084135955262, 0.06307879717046335766, 0.000000000000000000 ) ) ;
#4848 = CARTESIAN_POINT ( 'NONE',  ( 0.1455584959469123363, 0.05383523959108844209, 0.02999999999999999889 ) ) ;
#4849 = EDGE_CURVE ( 'NONE', #3155, #2229, #2632, .T. ) ;
#4850 = EDGE_CURVE ( 'NONE', #4735, #3758, #2335, .T. ) ;
#4851 =( GEOMETRIC_REPRESENTATION_CONTEXT ( 3 ) GLOBAL_UNCERTAINTY_ASSIGNED_CONTEXT ( ( #1599 ) ) GLOBAL_UNIT_ASSIGNED_CONTEXT ( ( #2121, #1700, #2648 ) ) REPRESENTATION_CONTEXT ( 'NONE', 'WORKASPACE' ) );
#4852 = EDGE_CURVE ( 'NONE', #4593, #4759, #4587, .T. ) ;
#4853 = VECTOR ( 'NONE', #4106, 1000.000000000000000 ) ;
#4854 = CARTESIAN_POINT ( 'NONE',  ( 0.2002228758398475750, 0.01610655189553657218, 0.000000000000000000 ) ) ;
#4855 = CARTESIAN_POINT ( 'NONE',  ( 0.2458583499411391704, 0.2009564417454157426, 0.000000000000000000 ) ) ;
#4856 = ORIENTED_EDGE ( 'NONE', *, *, #268, .T. ) ;
#4857 = DIRECTION ( 'NONE',  ( -0.000000000000000000, -0.000000000000000000, -1.000000000000000000 ) ) ;
#4858 = VECTOR ( 'NONE', #375, 1000.000000000000000 ) ;
#4859 = ORIENTED_EDGE ( 'NONE', *, *, #4187, .F. ) ;
#4860 = FILL_AREA_STYLE ('',( #4760 ) ) ;
#4861 = COLOUR_RGB ( '',0.7960784313725489669, 0.8235294117647058432, 0.9372549019607843146 ) ;
#4862 = CARTESIAN_POINT ( 'NONE',  ( -1.580000000000000071, 0.4000000000000000777, 0.1199999999999998707 ) ) ;
#4863 =( LENGTH_UNIT ( ) NAMED_UNIT ( * ) SI_UNIT ( .MILLI., .METRE. ) );
#4864 = CARTESIAN_POINT ( 'NONE',  ( -0.1324855623138160299, 0.04027903630127983164, 0.02999999999999999889 ) ) ;
#4865 = ORIENTED_EDGE ( 'NONE', *, *, #1473, .T. ) ;
#4866 = CARTESIAN_POINT ( 'NONE',  ( -0.1364380316169189200, 0.2130773331052806530, 0.02999999999999999889 ) ) ;
#4867 = CARTESIAN_POINT ( 'NONE',  ( 0.2339399062033226118, 0.2016317139500628242, 0.02999999999999999889 ) ) ;
#4868 = ORIENTED_EDGE ( 'NONE', *, *, #6261, .F. ) ;
#4869 = CARTESIAN_POINT ( 'NONE',  ( 0.2682030871525529769, 0.03829418648350864374, 0.02999999999999999889 ) ) ;
#4870 = SURFACE_STYLE_USAGE ( .BOTH. , #5877 ) ;
#4871 = DIRECTION ( 'NONE',  ( -0.000000000000000000, -0.000000000000000000, -1.000000000000000000 ) ) ;
#4872 = DIRECTION ( 'NONE',  ( 0.000000000000000000, 1.000000000000000000, 0.000000000000000000 ) ) ;
#4873 = CARTESIAN_POINT ( 'NONE',  ( -0.1422620168736004886, 0.04261729087313972236, 0.02999999999999999889 ) ) ;
#4874 = VERTEX_POINT ( 'NONE', #2412 ) ;
#4875 = PRESENTATION_LAYER_ASSIGNMENT (  '', '', ( #4991 ) ) ;
#4876 = VERTEX_POINT ( 'NONE', #3370 ) ;
#4877 = CARTESIAN_POINT ( 'NONE',  ( 0.2840130886246553521, 0.1874064354123089193, 0.02999999999999999889 ) ) ;
#4878 = DIRECTION ( 'NONE',  ( 1.000000000000000000, 0.000000000000000000, 0.000000000000000000 ) ) ;
#4879 = ORIENTED_EDGE ( 'NONE', *, *, #3462, .T. ) ;
#4880 = FACE_OUTER_BOUND ( 'NONE', #527, .T. ) ;
#4881 = ADVANCED_FACE ( 'NONE', ( #895 ), #561, .F. ) ;
#4882 = CARTESIAN_POINT ( 'NONE',  ( 1.000000000000000000, 0.4000000000000000777, -0.05000000000000012074 ) ) ;
#4883 = VECTOR ( 'NONE', #351, 1000.000000000000000 ) ;
#4884 = EDGE_CURVE ( 'NONE', #1128, #3298, #272, .T. ) ;
#4885 = CARTESIAN_POINT ( 'NONE',  ( 0.3170946078099046161, 0.04935215368305598954, 0.02999999999999999889 ) ) ;
#4886 = UNCERTAINTY_MEASURE_WITH_UNIT (LENGTH_MEASURE( 1.000000000000000082E-05 ), #4863, 'distance_accuracy_value', 'NONE');
#4887 = CARTESIAN_POINT ( 'NONE',  ( -0.1452388157711278771, 0.02116458151853222586, 0.02999999999999999889 ) ) ;
#4888 = VECTOR ( 'NONE', #3528, 1000.000000000000000 ) ;
#4889 = CARTESIAN_POINT ( 'NONE',  ( -0.1137481642349951749, 0.2160843596252971510, 0.000000000000000000 ) ) ;
#4890 = CARTESIAN_POINT ( 'NONE',  ( -0.09585817660428332110, 0.1961814331640836240, 0.000000000000000000 ) ) ;
#4891 = CIRCLE ( 'NONE', #259, 0.05000000000000002359 ) ;
#4892 = SURFACE_STYLE_USAGE ( .BOTH. , #3472 ) ;
#4893 =( LENGTH_UNIT ( ) NAMED_UNIT ( * ) SI_UNIT ( .MILLI., .METRE. ) );
#4894 = CYLINDRICAL_SURFACE ( 'NONE', #266, 0.05000000000000002359 ) ;
#4895 = VERTEX_POINT ( 'NONE', #476 ) ;
#4896 = DIRECTION ( 'NONE',  ( -1.000000000000000000, 0.000000000000000000, 0.000000000000000000 ) ) ;
#4897 = CARTESIAN_POINT ( 'NONE',  ( 0.1493441179552866260, 0.04895074483694807771, 0.000000000000000000 ) ) ;
#4898 = COLOUR_RGB ( '',1.000000000000000000, 1.000000000000000000, 1.000000000000000000 ) ;
#4899 = EDGE_CURVE ( 'NONE', #3044, #4359, #1716, .T. ) ;
#4900 = CARTESIAN_POINT ( 'NONE',  ( -0.07619631174539540086, 0.1965035088218576864, 0.02999999999999999889 ) ) ;
#4901 = CARTESIAN_POINT ( 'NONE',  ( 0.4404302908187072152, 0.03752914984749869398, 0.02999999999999999889 ) ) ;
#4902 = CARTESIAN_POINT ( 'NONE',  ( 1.549999999999999822, 1.399999999999999911, 1.800000000000000044 ) ) ;
#4903 = FILL_AREA_STYLE_COLOUR ( '', #2461 ) ;
#4904 = EDGE_LOOP ( 'NONE', ( #2030, #950, #1534, #6037 ) ) ;
#4905 = CARTESIAN_POINT ( 'NONE',  ( 0.2223340677144922672, 0.03268738485017654710, 0.000000000000000000 ) ) ;
#4906 = EDGE_LOOP ( 'NONE', ( #1672, #529, #4865, #47, #4949, #3304 ) ) ;
#4907 = ORIENTED_EDGE ( 'NONE', *, *, #3027, .F. ) ;
#4908 = LINE ( 'NONE', #3820, #1129 ) ;
#4909 =( GEOMETRIC_REPRESENTATION_CONTEXT ( 3 ) GLOBAL_UNCERTAINTY_ASSIGNED_CONTEXT ( ( #5349 ) ) GLOBAL_UNIT_ASSIGNED_CONTEXT ( ( #3110, #650, #5100 ) ) REPRESENTATION_CONTEXT ( 'NONE', 'WORKASPACE' ) );
#4910 = ORIENTED_EDGE ( 'NONE', *, *, #4642, .F. ) ;
#4911 = CLOSED_SHELL ( 'NONE', ( #2202, #326, #5024, #3083, #1252, #4470, #4748, #3402, #2730, #4199, #4600, #1618, #128, #5469, #5225, #5894, #5650, #4585, #1791, #5255, #709, #2766, #1085, #4881, #2576, #4236, #5361, #4128, #1927, #6109, #6016, #2661, #4268, #3552, #6240, #740, #2628, #3113, #6169, #1993, #3431, #164, #3033, #5121, #2900, #3246, #2417, #3775, #1223, #4674, #2232, #181, #4715, #5683, #6378, #5716, #1691, #1318, #3052, #198, #1604, #1947, #361, #4783, #1152, #3714, #2545, #2697, #1468, #2103, #4066, #6044, #4401, #4549, #1669, #1282, #3286, #2070, #3069, #3152, #3682, #289, #4615, #6076, #2792, #5399, #229, #5059, #4161, #951, #3653, #2533, #2133, #100, #2598, #3550, #2118, #3920, #613, #2161, #642, #5865, #257, #5512, #3577, #3219, #675, #5748, #3592, #2039, #5615, #470, #6203, #1722, #803, #3186, #4098, #1571, #4032, #5186, #5153, #579, #5095, #4649, #1757, #6135, #2562, #1182, #2268, #842, #3022, #4995, #3746, #3497, #3095, #777, #3617, #1635, #1434 ) ) ;
#4912 = ORIENTED_EDGE ( 'NONE', *, *, #4632, .F. ) ;
#4913 = PRESENTATION_STYLE_ASSIGNMENT (( #2267 ) ) ;
#4914 = ORIENTED_EDGE ( 'NONE', *, *, #4849, .T. ) ;
#4915 = LINE ( 'NONE', #2447, #5699 ) ;
#4916 = CARTESIAN_POINT ( 'NONE',  ( 0.2684354858242756769, 0.1953316093871750869, 0.000000000000000000 ) ) ;
#4917 = CARTESIAN_POINT ( 'NONE',  ( -1.750000000000000000, -1.100000000000000089, 0.1200000000000011890 ) ) ;
#4918 = CARTESIAN_POINT ( 'NONE',  ( 0.2325777267161431294, 0.01188812420647305385, 3.388131789017201356E-18 ) ) ;
#4919 = CARTESIAN_POINT ( 'NONE',  ( 0.1720630395737613172, 0.02881590693230726488, 0.02999999999999999889 ) ) ;
#4920 = STYLED_ITEM ( 'NONE', ( #517 ), #4600 ) ;
#4921 = PRESENTATION_STYLE_ASSIGNMENT (( #3137 ) ) ;
#4922 = SURFACE_STYLE_USAGE ( .BOTH. , #3955 ) ;
#4923 = SURFACE_STYLE_FILL_AREA ( #271 ) ;
#4924 = VECTOR ( 'NONE', #4211, 1000.000000000000000 ) ;
#4925 = EDGE_CURVE ( 'NONE', #2975, #4758, #4821, .T. ) ;
#4926 = DIRECTION ( 'NONE',  ( -1.000000000000000000, 0.000000000000000000, -0.000000000000000000 ) ) ;
#4927 = DIRECTION ( 'NONE',  ( 0.000000000000000000, -1.000000000000000000, 0.000000000000000000 ) ) ;
#4928 = CARTESIAN_POINT ( 'NONE',  ( -1.549999999999999822, 0.4000000000000000777, 0.9499999999999999556 ) ) ;
#4929 = CARTESIAN_POINT ( 'NONE',  ( -0.08509054251462612461, 0.03752914984749869398, 0.000000000000000000 ) ) ;
#4930 = EDGE_CURVE ( 'NONE', #6074, #1399, #4891, .T. ) ;
#4931 = DIRECTION ( 'NONE',  ( 1.000000000000000000, 0.000000000000000000, 0.000000000000000000 ) ) ;
#4932 = STYLED_ITEM ( 'NONE', ( #1355 ), #1669 ) ;
#4933 = ORIENTED_EDGE ( 'NONE', *, *, #3915, .T. ) ;
#4934 = DIRECTION ( 'NONE',  ( -0.000000000000000000, 1.000000000000000000, -0.000000000000000000 ) ) ;
#4935 = DIRECTION ( 'NONE',  ( 0.000000000000000000, 0.000000000000000000, -1.000000000000000000 ) ) ;
#4936 =( LENGTH_UNIT ( ) NAMED_UNIT ( * ) SI_UNIT ( .MILLI., .METRE. ) );
#4937 = CARTESIAN_POINT ( 'NONE',  ( 0.2932178323788557361, 0.1807388669368058809, 0.000000000000000000 ) ) ;
#4938 = CARTESIAN_POINT ( 'NONE',  ( 0.3218134589105571819, 0.1284288858371257780, 0.02999999999999999889 ) ) ;
#4939 = CARTESIAN_POINT ( 'NONE',  ( 0.2347287934051546787, 0.01190309520966101146, 0.02999999999999999889 ) ) ;
#4940 = CARTESIAN_POINT ( 'NONE',  ( 0.3150697138956303212, 0.04686408574493459989, 0.02999999999999999889 ) ) ;
#4941 = VERTEX_POINT ( 'NONE', #3853 ) ;
#4942 = VECTOR ( 'NONE', #4516, 1000.000000000000000 ) ;
#4943 = CARTESIAN_POINT ( 'NONE',  ( 0.1455584959469123363, 0.1803176113859602525, 0.02999999999999999889 ) ) ;
#4944 = EDGE_LOOP ( 'NONE', ( #4424, #3250, #1212, #5659 ) ) ;
#4945 = CARTESIAN_POINT ( 'NONE',  ( 0.3262699884029854891, 0.06231459320685923259, 0.000000000000000000 ) ) ;
#4946 =( GEOMETRIC_REPRESENTATION_CONTEXT ( 3 ) GLOBAL_UNCERTAINTY_ASSIGNED_CONTEXT ( ( #1043 ) ) GLOBAL_UNIT_ASSIGNED_CONTEXT ( ( #3585, #2605, #1578 ) ) REPRESENTATION_CONTEXT ( 'NONE', 'WORKASPACE' ) );
#4947 =( LENGTH_UNIT ( ) NAMED_UNIT ( * ) SI_UNIT ( .MILLI., .METRE. ) );
#4948 = CARTESIAN_POINT ( 'NONE',  ( 0.2122558947807037799, 0.03429648480005466349, 0.000000000000000000 ) ) ;
#4949 = ORIENTED_EDGE ( 'NONE', *, *, #3778, .T. ) ;
#4950 = DIRECTION ( 'NONE',  ( -0.000000000000000000, 0.000000000000000000, 1.000000000000000000 ) ) ;
#4951 = CARTESIAN_POINT ( 'NONE',  ( 0.3224815728699892969, 0.1168160088218576781, 0.000000000000000000 ) ) ;
#4952 = ORIENTED_EDGE ( 'NONE', *, *, #1544, .T. ) ;
#4953 = AXIS2_PLACEMENT_3D ( 'NONE', #249, #4658, #6196 ) ;
#4954 = CARTESIAN_POINT ( 'NONE',  ( -0.1547627037485697354, 0.1835683330542801917, 0.02999999999999999889 ) ) ;
#4955 = UNCERTAINTY_MEASURE_WITH_UNIT (LENGTH_MEASURE( 1.000000000000000082E-05 ), #3573, 'distance_accuracy_value', 'NONE');
#4956 = CARTESIAN_POINT ( 'NONE',  ( 0.3161130849130437959, 0.1499711039887252628, 0.000000000000000000 ) ) ;
#4957 = DIRECTION ( 'NONE',  ( 1.000000000000000000, 0.000000000000000000, 0.000000000000000000 ) ) ;
#4958 = CARTESIAN_POINT ( 'NONE',  ( -0.1440876375637189788, 0.04326023705843886485, 0.02999999999999999889 ) ) ;
#4959 = LINE ( 'NONE', #5002, #5267 ) ;
#4960 = PRESENTATION_LAYER_ASSIGNMENT (  '', '', ( #1615 ) ) ;
#4961 = EDGE_CURVE ( 'NONE', #1248, #6350, #3822, .T. ) ;
#4962 = ORIENTED_EDGE ( 'NONE', *, *, #4969, .T. ) ;
#4963 = EDGE_CURVE ( 'NONE', #623, #1737, #3358, .T. ) ;
#4964 = DIRECTION ( 'NONE',  ( -1.000000000000000000, -1.548860246407863583E-16, -0.000000000000000000 ) ) ;
#4965 =( NAMED_UNIT ( * ) PLANE_ANGLE_UNIT ( ) SI_UNIT ( $, .RADIAN. ) );
#4966 = EDGE_CURVE ( 'NONE', #710, #986, #4203, .T. ) ;
#4967 = SURFACE_SIDE_STYLE ('',( #3081 ) ) ;
#4968 = PLANE ( 'NONE',  #805 ) ;
#4969 = EDGE_CURVE ( 'NONE', #1096, #3213, #3741, .T. ) ;
#4970 = VECTOR ( 'NONE', #2923, 1000.000000000000000 ) ;
#4971 = DIRECTION ( 'NONE',  ( -3.285461128743965351E-16, 0.000000000000000000, -1.000000000000000000 ) ) ;
#4972 = SURFACE_STYLE_FILL_AREA ( #1217 ) ;
#4973 = CARTESIAN_POINT ( 'NONE',  ( 1.549999999999999822, -1.399999999999999911, 0.8299999999999999600 ) ) ;
#4974 = LINE ( 'NONE', #4013, #1042 ) ;
#4975 = CARTESIAN_POINT ( 'NONE',  ( 0.3138542346621357448, 0.1550039651566396670, 0.000000000000000000 ) ) ;
#4976 = ORIENTED_EDGE ( 'NONE', *, *, #3779, .T. ) ;
#4977 = DIRECTION ( 'NONE',  ( 0.000000000000000000, -0.000000000000000000, -1.000000000000000000 ) ) ;
#4978 = PRESENTATION_STYLE_ASSIGNMENT (( #3707 ) ) ;
#4979 = ORIENTED_EDGE ( 'NONE', *, *, #4360, .F. ) ;
#4980 = ORIENTED_EDGE ( 'NONE', *, *, #5425, .T. ) ;
#4981 = EDGE_LOOP ( 'NONE', ( #4976, #2547, #2282, #1210, #2821, #1838, #1300, #1922 ) ) ;
#4982 = DIRECTION ( 'NONE',  ( -1.000000000000000000, 0.000000000000000000, 0.000000000000000000 ) ) ;
#4983 = EDGE_LOOP ( 'NONE', ( #5687, #34, #4608, #6119 ) ) ;
#4984 = CARTESIAN_POINT ( 'NONE',  ( -0.2081808914083538020, 0.1071487464482826224, 0.000000000000000000 ) ) ;
#4985 = VERTEX_POINT ( 'NONE', #3971 ) ;
#4986 = LINE ( 'NONE', #6065, #2363 ) ;
#4987 = ORIENTED_EDGE ( 'NONE', *, *, #1471, .F. ) ;
#4988 = AXIS2_PLACEMENT_3D ( 'NONE', #3574, #2131, #3072 ) ;
#4989 = FILL_AREA_STYLE_COLOUR ( '', #1526 ) ;
#4990 = STYLED_ITEM ( 'NONE', ( #417 ), #5121 ) ;
#4991 = STYLED_ITEM ( 'NONE', ( #3375 ), #740 ) ;
#4992 = CARTESIAN_POINT ( 'NONE',  ( 0.2737618058126815579, 0.1929684756808926482, 0.000000000000000000 ) ) ;
#4993 = DIRECTION ( 'NONE',  ( -1.000000000000000000, 0.000000000000000000, 0.000000000000000000 ) ) ;
#4994 = SURFACE_STYLE_USAGE ( .BOTH. , #5985 ) ;
#4995 = ADVANCED_FACE ( 'NONE', ( #5351 ), #553, .T. ) ;
#4996 = CARTESIAN_POINT ( 'NONE',  ( 0.3112910624704624540, 0.04258288988906891448, 0.02999999999999999889 ) ) ;
#4997 = VECTOR ( 'NONE', #6131, 1000.000000000000000 ) ;
#4998 =( GEOMETRIC_REPRESENTATION_CONTEXT ( 3 ) GLOBAL_UNCERTAINTY_ASSIGNED_CONTEXT ( ( #1529 ) ) GLOBAL_UNIT_ASSIGNED_CONTEXT ( ( #649, #626, #6105 ) ) REPRESENTATION_CONTEXT ( 'NONE', 'WORKASPACE' ) );
#4999 = VERTEX_POINT ( 'NONE', #49 ) ;
#5000 = DIRECTION ( 'NONE',  ( 0.000000000000000000, -1.000000000000000000, 0.000000000000000000 ) ) ;
#5001 = EDGE_CURVE ( 'NONE', #6193, #2896, #4742, .T. ) ;
#5002 = CARTESIAN_POINT ( 'NONE',  ( -1.580000000000000071, -1.100000000000000089, 0.06999999999999990952 ) ) ;
#5003 = COLOUR_RGB ( '',0.7960784313725489669, 0.8235294117647058432, 0.9372549019607843146 ) ;
#5004 =( NAMED_UNIT ( * ) SI_UNIT ( $, .STERADIAN. ) SOLID_ANGLE_UNIT ( ) );
#5005 = SURFACE_STYLE_USAGE ( .BOTH. , #4967 ) ;
#5006 = VERTEX_POINT ( 'NONE', #32 ) ;
#5007 = CARTESIAN_POINT ( 'NONE',  ( 0.2835265681794501558, 0.04586509099680551038, 0.000000000000000000 ) ) ;
#5008 = ORIENTED_EDGE ( 'NONE', *, *, #2811, .F. ) ;
#5009 =( NAMED_UNIT ( * ) PLANE_ANGLE_UNIT ( ) SI_UNIT ( $, .RADIAN. ) );
#5010 = PLANE ( 'NONE',  #4988 ) ;
#5011 = EDGE_CURVE ( 'NONE', #6193, #1096, #3579, .T. ) ;
#5012 = CARTESIAN_POINT ( 'NONE',  ( -0.07619631174539540086, 0.1965035088218576864, 0.02999999999999999889 ) ) ;
#5013 = COLOUR_RGB ( '',1.000000000000000000, 1.000000000000000000, 1.000000000000000000 ) ;
#5014 = DIRECTION ( 'NONE',  ( 0.4283511191562783815, -0.9036123719369737461, 0.000000000000000000 ) ) ;
#5015 = ORIENTED_EDGE ( 'NONE', *, *, #4930, .T. ) ;
#5016 =( LENGTH_UNIT ( ) NAMED_UNIT ( * ) SI_UNIT ( .MILLI., .METRE. ) );
#5017 = SURFACE_STYLE_USAGE ( .BOTH. , #4534 ) ;
#5018 =( NAMED_UNIT ( * ) PLANE_ANGLE_UNIT ( ) SI_UNIT ( $, .RADIAN. ) );
#5019 = ORIENTED_EDGE ( 'NONE', *, *, #2519, .F. ) ;
#5020 = DIRECTION ( 'NONE',  ( -0.000000000000000000, -0.000000000000000000, -1.000000000000000000 ) ) ;
#5021 = EDGE_LOOP ( 'NONE', ( #6272, #1452, #2767, #3174, #3766, #183, #4406, #6078, #6053, #2743, #3784 ) ) ;
#5022 = STYLED_ITEM ( 'NONE', ( #2794 ), #3113 ) ;
#5023 =( NAMED_UNIT ( * ) SI_UNIT ( $, .STERADIAN. ) SOLID_ANGLE_UNIT ( ) );
#5024 = ADVANCED_FACE ( 'NONE', ( #2877 ), #4489, .F. ) ;
#5025 = ORIENTED_EDGE ( 'NONE', *, *, #3056, .T. ) ;
#5026 = B_SPLINE_CURVE_WITH_KNOTS ( 'NONE', 3,
 ( #5474, #142, #3030, #4077, #3578, #1034, #4490, #3562, #3011, #2515, #83, #3544, #5493, #3518, #4529, #5036, #4996, #2071, #101 ),
 .UNSPECIFIED., .F., .F.,
 ( 4, 1, 1, 1, 1, 1, 1, 1, 1, 1, 1, 1, 1, 1, 1, 1, 4 ),
 ( 0.000000000000000000, 0.06966280089907737894, 0.1377495622582731727, 0.2039167435177828003, 0.2687798623293363720, 0.3324137064772237915, 0.3947535404471397835, 0.4561800316591685389, 0.5169956491967199197, 0.5773959379659520108, 0.6371983435092756221, 0.6969991842614547961, 0.7567561942255596197, 0.8165539052726078495, 0.8769479965978702607, 0.9381317879205951504, 1.000000000000000000 ),
 .UNSPECIFIED. ) ;
#5027 = UNCERTAINTY_MEASURE_WITH_UNIT (LENGTH_MEASURE( 1.000000000000000082E-05 ), #3187, 'distance_accuracy_value', 'NONE');
#5028 = DIRECTION ( 'NONE',  ( -1.541323609107333291E-16, 0.9951340753189259480, 0.09853005703411682470 ) ) ;
#5029 = VECTOR ( 'NONE', #3125, 1000.000000000000114 ) ;
#5030 = EDGE_LOOP ( 'NONE', ( #3877, #4705, #107, #3952 ) ) ;
#5031 = FILL_AREA_STYLE_COLOUR ( '', #5831 ) ;
#5032 = AXIS2_PLACEMENT_3D ( 'NONE', #4765, #2806, #4295 ) ;
#5033 = SURFACE_STYLE_USAGE ( .BOTH. , #628 ) ;
#5034 = COLOUR_RGB ( '',0.7960784313725489669, 0.8235294117647058432, 0.9372549019607843146 ) ;
#5035 = CARTESIAN_POINT ( 'NONE',  ( -0.1903389399505236446, 0.1145323549757038262, 0.000000000000000000 ) ) ;
#5036 = CARTESIAN_POINT ( 'NONE',  ( 0.3072269209714563742, 0.03863214641756288620, 0.02999999999999999889 ) ) ;
#5037 = VECTOR ( 'NONE', #2035, 1000.000000000000000 ) ;
#5038 = MECHANICAL_DESIGN_GEOMETRIC_PRESENTATION_REPRESENTATION (  '', ( #1615 ), #2261 ) ;
#5039 = VECTOR ( 'NONE', #819, 1000.000000000000000 ) ;
#5040 = VECTOR ( 'NONE', #6006, 1000.000000000000000 ) ;
#5041 = EDGE_CURVE ( 'NONE', #4496, #5599, #3046, .T. ) ;
#5042 = CARTESIAN_POINT ( 'NONE',  ( -1.629999999999999893, -1.100000000000000089, 0.7799999999999996936 ) ) ;
#5043 = DIRECTION ( 'NONE',  ( 1.000000000000000000, 1.548860246407863583E-16, -0.000000000000000000 ) ) ;
#5044 = VECTOR ( 'NONE', #252, 1000.000000000000000 ) ;
#5045 = EDGE_CURVE ( 'NONE', #1009, #456, #5807, .T. ) ;
#5046 = DIRECTION ( 'NONE',  ( -1.000000000000000000, 0.000000000000000000, 0.000000000000000000 ) ) ;
#5047 = COLOUR_RGB ( '',0.7960784313725489669, 0.8235294117647058432, 0.9372549019607843146 ) ;
#5048 = CARTESIAN_POINT ( 'NONE',  ( -0.1811821868524746415, 0.04173476651852754682, 0.000000000000000000 ) ) ;
#5049 = DIRECTION ( 'NONE',  ( 0.000000000000000000, -1.000000000000000000, 0.000000000000000000 ) ) ;
#5050 = PRESENTATION_LAYER_ASSIGNMENT (  '', '', ( #3742 ) ) ;
#5051 = DIRECTION ( 'NONE',  ( 1.000000000000000000, 0.000000000000000000, 0.000000000000000000 ) ) ;
#5052 = ORIENTED_EDGE ( 'NONE', *, *, #6229, .F. ) ;
#5053 = ORIENTED_EDGE ( 'NONE', *, *, #2454, .F. ) ;
#5054 =( NAMED_UNIT ( * ) PLANE_ANGLE_UNIT ( ) SI_UNIT ( $, .RADIAN. ) );
#5055 = ORIENTED_EDGE ( 'NONE', *, *, #560, .F. ) ;
#5056 = CARTESIAN_POINT ( 'NONE',  ( 0.2573058590267100487, 0.01405167196513515925, 0.000000000000000000 ) ) ;
#5057 = CARTESIAN_POINT ( 'NONE',  ( -0.09585817660428332110, 0.1961814331640836240, 0.02999999999999999889 ) ) ;
#5058 = CARTESIAN_POINT ( 'NONE',  ( 0.2893363516985035799, 0.02550181433419072136, 3.388131789017201356E-18 ) ) ;
#5059 = ADVANCED_FACE ( 'NONE', ( #3484 ), #979, .T. ) ;
#5060 = PLANE ( 'NONE',  #2884 ) ;
#5061 = ORIENTED_EDGE ( 'NONE', *, *, #2053, .F. ) ;
#5062 = ORIENTED_EDGE ( 'NONE', *, *, #161, .T. ) ;
#5063 = LINE ( 'NONE', #5231, #5854 ) ;
#5064 = EDGE_LOOP ( 'NONE', ( #5850, #5137, #3087, #5288 ) ) ;
#5065 = ORIENTED_EDGE ( 'NONE', *, *, #518, .T. ) ;
#5066 = CARTESIAN_POINT ( 'NONE',  ( 0.1045328549212713176, 0.2170163293346781819, 0.02999999999999999889 ) ) ;
#5067 = DIRECTION ( 'NONE',  ( -0.000000000000000000, -0.000000000000000000, -1.000000000000000000 ) ) ;
#5068 =( GEOMETRIC_REPRESENTATION_CONTEXT ( 3 ) GLOBAL_UNCERTAINTY_ASSIGNED_CONTEXT ( ( #1329 ) ) GLOBAL_UNIT_ASSIGNED_CONTEXT ( ( #124, #5018, #3566 ) ) REPRESENTATION_CONTEXT ( 'NONE', 'WORKASPACE' ) );
#5069 = CARTESIAN_POINT ( 'NONE',  ( 0.000000000000000000, 0.000000000000000000, 0.02999999999999999889 ) ) ;
#5070 = FILL_AREA_STYLE_COLOUR ( '', #4370 ) ;
#5071 = LINE ( 'NONE', #4095, #3768 ) ;
#5072 = COLOUR_RGB ( '',0.7960784313725489669, 0.8235294117647058432, 0.9372549019607843146 ) ;
#5073 = CARTESIAN_POINT ( 'NONE',  ( -0.2066205693560227430, 0.09300277690814381937, 0.000000000000000000 ) ) ;
#5074 = FACE_OUTER_BOUND ( 'NONE', #5735, .T. ) ;
#5075 = FACE_OUTER_BOUND ( 'NONE', #2279, .T. ) ;
#5076 = MECHANICAL_DESIGN_GEOMETRIC_PRESENTATION_REPRESENTATION (  '', ( #549 ), #6328 ) ;
#5077 = FILL_AREA_STYLE ('',( #4610 ) ) ;
#5078 = AXIS2_PLACEMENT_3D ( 'NONE', #994, #4456, #5355 ) ;
#5079 = PRESENTATION_STYLE_ASSIGNMENT (( #4104 ) ) ;
#5080 = EDGE_CURVE ( 'NONE', #2589, #5611, #4174, .T. ) ;
#5081 = CARTESIAN_POINT ( 'NONE',  ( 0.2740853887350387375, 0.01851822986657801137, 0.000000000000000000 ) ) ;
#5082 = FILL_AREA_STYLE ('',( #4118 ) ) ;
#5083 = CARTESIAN_POINT ( 'NONE',  ( -0.08838930655691272509, 0.03754332678315971950, -0.000000000000000000 ) ) ;
#5084 = SURFACE_SIDE_STYLE ('',( #3734 ) ) ;
#5085 = VERTEX_POINT ( 'NONE', #2489 ) ;
#5086 = AXIS2_PLACEMENT_3D ( 'NONE', #1065, #3067, #1104 ) ;
#5087 = EDGE_CURVE ( 'NONE', #2401, #255, #5412, .T. ) ;
#5088 = DIRECTION ( 'NONE',  ( -0.000000000000000000, -0.000000000000000000, -1.000000000000000000 ) ) ;
#5089 = CARTESIAN_POINT ( 'NONE',  ( 0.3404302908187072374, 0.1181781883090371604, 0.02999999999999999889 ) ) ;
#5090 = EDGE_LOOP ( 'NONE', ( #5923, #3130, #3231, #4520 ) ) ;
#5091 = MECHANICAL_DESIGN_GEOMETRIC_PRESENTATION_REPRESENTATION (  '', ( #5852 ), #3984 ) ;
#5092 = DIRECTION ( 'NONE',  ( 1.000000000000000000, 0.000000000000000000, -0.000000000000000000 ) ) ;
#5093 = VECTOR ( 'NONE', #2889, 1000.000000000000000 ) ;
#5094 = CARTESIAN_POINT ( 'NONE',  ( -0.2034521858546364526, 0.07974941016938469351, 0.000000000000000000 ) ) ;
#5095 = ADVANCED_FACE ( 'NONE', ( #5729 ), #2286, .T. ) ;
#5096 = CARTESIAN_POINT ( 'NONE',  ( 1.749999999999999778, 1.400000000000000355, 0.9499999999999999556 ) ) ;
#5097 = PRESENTATION_STYLE_ASSIGNMENT (( #4414 ) ) ;
#5098 = CARTESIAN_POINT ( 'NONE',  ( -1.579999999999999849, -1.100000000000000089, 0.9499999999999999556 ) ) ;
#5099 = ORIENTED_EDGE ( 'NONE', *, *, #5011, .F. ) ;
#5100 =( NAMED_UNIT ( * ) SI_UNIT ( $, .STERADIAN. ) SOLID_ANGLE_UNIT ( ) );
#5101 = EDGE_CURVE ( 'NONE', #3371, #5369, #1489, .T. ) ;
#5102 = CARTESIAN_POINT ( 'NONE',  ( 0.4404302908187072152, 0.2170163293346781819, 0.000000000000000000 ) ) ;
#5103 = ORIENTED_EDGE ( 'NONE', *, *, #3407, .T. ) ;
#5104 = FILL_AREA_STYLE_COLOUR ( '', #854 ) ;
#5105 =( LENGTH_UNIT ( ) NAMED_UNIT ( * ) SI_UNIT ( .MILLI., .METRE. ) );
#5106 = CARTESIAN_POINT ( 'NONE',  ( -1.550000000000000266, 1.399999999999999911, 1.800000000000000044 ) ) ;
#5107 = SURFACE_STYLE_FILL_AREA ( #3391 ) ;
#5108 = DIRECTION ( 'NONE',  ( 0.9036123719369737461, 0.4283511191562783815, -0.000000000000000000 ) ) ;
#5109 = FACE_OUTER_BOUND ( 'NONE', #1417, .T. ) ;
#5110 = CARTESIAN_POINT ( 'NONE',  ( 1.579999999999999627, -1.100000000000000089, 0.8299999999999999600 ) ) ;
#5111 = STYLED_ITEM ( 'NONE', ( #4921 ), #3402 ) ;
#5112 = DIRECTION ( 'NONE',  ( 0.000000000000000000, -1.000000000000000000, 0.000000000000000000 ) ) ;
#5113 = CARTESIAN_POINT ( 'NONE',  ( -1.549999999999999822, -1.100000000000000089, 0.9499999999999999556 ) ) ;
#5114 = FACE_OUTER_BOUND ( 'NONE', #2543, .T. ) ;
#5115 = CARTESIAN_POINT ( 'NONE',  ( 0.3401665799735312246, 0.1288534099149464540, 0.02999999999999999889 ) ) ;
#5116 = VECTOR ( 'NONE', #2390, 1000.000000000000000 ) ;
#5117 = FILL_AREA_STYLE ('',( #5031 ) ) ;
#5118 =( LENGTH_UNIT ( ) NAMED_UNIT ( * ) SI_UNIT ( .MILLI., .METRE. ) );
#5119 = CARTESIAN_POINT ( 'NONE',  ( -0.1494053499891331294, 0.1864647148304039437, 0.000000000000000000 ) ) ;
#5120 = CARTESIAN_POINT ( 'NONE',  ( 0.2127015767106469890, 0.01333380786140285663, 0.02999999999999999889 ) ) ;
#5121 = ADVANCED_FACE ( 'NONE', ( #4103 ), #4528, .F. ) ;
#5122 = FILL_AREA_STYLE ('',( #3202 ) ) ;
#5123 = PRODUCT_RELATED_PRODUCT_CATEGORY ( 'part', '', ( #1566 ) ) ;
#5124 = VECTOR ( 'NONE', #1717, 1000.000000000000114 ) ;
#5125 = EDGE_CURVE ( 'NONE', #2693, #5168, #250, .T. ) ;
#5126 = CARTESIAN_POINT ( 'NONE',  ( -1.629999999999999893, 1.100000000000000089, 0.7799999999999996936 ) ) ;
#5127 = LINE ( 'NONE', #1397, #282 ) ;
#5128 = DIRECTION ( 'NONE',  ( -0.000000000000000000, 1.000000000000000000, -0.000000000000000000 ) ) ;
#5129 = CARTESIAN_POINT ( 'NONE',  ( 1.580000000000000071, 0.4000000000000000777, 0.1199999999999998707 ) ) ;
#5130 = ORIENTED_EDGE ( 'NONE', *, *, #80, .T. ) ;
#5131 =( NAMED_UNIT ( * ) SI_UNIT ( $, .STERADIAN. ) SOLID_ANGLE_UNIT ( ) );
#5132 = CARTESIAN_POINT ( 'NONE',  ( -1.580000000000000071, 0.4000000000000000777, 0.1199999999999998707 ) ) ;
#5133 = CARTESIAN_POINT ( 'NONE',  ( -0.1296289682961117851, 0.2143059276392432766, 0.02999999999999999889 ) ) ;
#5134 = ORIENTED_EDGE ( 'NONE', *, *, #5087, .F. ) ;
#5135 = CARTESIAN_POINT ( 'NONE',  ( 0.1881413984985425558, 0.2137584515233920401, 0.000000000000000000 ) ) ;
#5136 = ORIENTED_EDGE ( 'NONE', *, *, #4250, .F. ) ;
#5137 = ORIENTED_EDGE ( 'NONE', *, *, #4785, .F. ) ;
#5138 = CARTESIAN_POINT ( 'NONE',  ( 0.2846050798895564671, 0.2105502787796783570, 0.02999999999999999889 ) ) ;
#5139 = VERTEX_POINT ( 'NONE', #4119 ) ;
#5140 = DIRECTION ( 'NONE',  ( 0.000000000000000000, 0.000000000000000000, -1.000000000000000000 ) ) ;
#5141 = EDGE_LOOP ( 'NONE', ( #792, #5919, #5765, #1246 ) ) ;
#5142 =( NAMED_UNIT ( * ) SI_UNIT ( $, .STERADIAN. ) SOLID_ANGLE_UNIT ( ) );
#5143 = CARTESIAN_POINT ( 'NONE',  ( -0.1547627037485697354, 0.1835683330542801917, 0.000000000000000000 ) ) ;
#5144 = CARTESIAN_POINT ( 'NONE',  ( 0.1623839606295379434, 0.1696335788927941235, 0.02999999999999999889 ) ) ;
#5145 = PLANE ( 'NONE',  #2466 ) ;
#5146 = EDGE_CURVE ( 'NONE', #5462, #5476, #4488, .T. ) ;
#5147 = FILL_AREA_STYLE_COLOUR ( '', #5940 ) ;
#5148 = UNCERTAINTY_MEASURE_WITH_UNIT (LENGTH_MEASURE( 1.000000000000000082E-05 ), #5858, 'distance_accuracy_value', 'NONE');
#5149 = CARTESIAN_POINT ( 'NONE',  ( -0.1797736064211314377, 0.1580929228100417250, 0.000000000000000000 ) ) ;
#5150 =( GEOMETRIC_REPRESENTATION_CONTEXT ( 3 ) GLOBAL_UNCERTAINTY_ASSIGNED_CONTEXT ( ( #4008 ) ) GLOBAL_UNIT_ASSIGNED_CONTEXT ( ( #1831, #6219, #4779 ) ) REPRESENTATION_CONTEXT ( 'NONE', 'WORKASPACE' ) );
#5151 = FACE_BOUND ( 'NONE', #131, .T. ) ;
#5152 = DIRECTION ( 'NONE',  ( 0.4189977888269744155, 0.9079872537420919931, 0.000000000000000000 ) ) ;
#5153 = ADVANCED_FACE ( 'NONE', ( #5644 ), #612, .T. ) ;
#5154 = ORIENTED_EDGE ( 'NONE', *, *, #6095, .T. ) ;
#5155 = UNCERTAINTY_MEASURE_WITH_UNIT (LENGTH_MEASURE( 1.000000000000000082E-05 ), #6116, 'distance_accuracy_value', 'NONE');
#5156 =( GEOMETRIC_REPRESENTATION_CONTEXT ( 3 ) GLOBAL_UNCERTAINTY_ASSIGNED_CONTEXT ( ( #2017 ) ) GLOBAL_UNIT_ASSIGNED_CONTEXT ( ( #5378, #4453, #931 ) ) REPRESENTATION_CONTEXT ( 'NONE', 'WORKASPACE' ) );
#5157 = VECTOR ( 'NONE', #1191, 1000.000000000000000 ) ;
#5158 =( LENGTH_UNIT ( ) NAMED_UNIT ( * ) SI_UNIT ( .MILLI., .METRE. ) );
#5159 = EDGE_LOOP ( 'NONE', ( #1864, #2215, #1597, #4483 ) ) ;
#5160 = AXIS2_PLACEMENT_3D ( 'NONE', #325, #1281, #5728 ) ;
#5161 = DIRECTION ( 'NONE',  ( 0.000000000000000000, -1.000000000000000000, 0.000000000000000000 ) ) ;
#5162 = EDGE_CURVE ( 'NONE', #380, #1411, #4269, .T. ) ;
#5163 = DIRECTION ( 'NONE',  ( 0.000000000000000000, 1.000000000000000000, 0.000000000000000000 ) ) ;
#5164 = CARTESIAN_POINT ( 'NONE',  ( -0.1396820147306183924, 0.1902301293504068402, -0.000000000000000000 ) ) ;
#5165 = VECTOR ( 'NONE', #2288, 1000.000000000000000 ) ;
#5166 = CARTESIAN_POINT ( 'NONE',  ( 0.08658413697255337715, 0.1144522267705756352, 0.02999999999999999889 ) ) ;
#5167 = DIRECTION ( 'NONE',  ( -1.000000000000000000, 0.000000000000000000, 0.000000000000000000 ) ) ;
#5168 = VERTEX_POINT ( 'NONE', #4097 ) ;
#5169 = EDGE_CURVE ( 'NONE', #5846, #5364, #3169, .T. ) ;
#5170 = CARTESIAN_POINT ( 'NONE',  ( 1.550000000000000266, -1.399999999999999911, 1.800000000000000044 ) ) ;
#5171 =( LENGTH_UNIT ( ) NAMED_UNIT ( * ) SI_UNIT ( .MILLI., .METRE. ) );
#5172 = EDGE_CURVE ( 'NONE', #2229, #2190, #40, .T. ) ;
#5173 = STYLED_ITEM ( 'NONE', ( #1195 ), #1468 ) ;
#5174 = FILL_AREA_STYLE ('',( #506 ) ) ;
#5175 = SURFACE_STYLE_USAGE ( .BOTH. , #1718 ) ;
#5176 = VERTEX_POINT ( 'NONE', #5102 ) ;
#5177 = CARTESIAN_POINT ( 'NONE',  ( 1.749999999999999778, 1.100000000000000089, 0.7799999999999988054 ) ) ;
#5178 = ORIENTED_EDGE ( 'NONE', *, *, #3056, .F. ) ;
#5179 = ORIENTED_EDGE ( 'NONE', *, *, #5777, .F. ) ;
#5180 = CARTESIAN_POINT ( 'NONE',  ( 0.2652905922757161639, 0.2181297430975046858, 0.02999999999999999889 ) ) ;
#5181 = CARTESIAN_POINT ( 'NONE',  ( 1.749999999999999778, 1.316187654346259173, 1.800000000000000044 ) ) ;
#5182 = ORIENTED_EDGE ( 'NONE', *, *, #768, .T. ) ;
#5183 = PRESENTATION_STYLE_ASSIGNMENT (( #4335 ) ) ;
#5184 = FILL_AREA_STYLE ('',( #2086 ) ) ;
#5185 = CARTESIAN_POINT ( 'NONE',  ( 0.3404302908187072374, 0.1181781883090371604, 0.000000000000000000 ) ) ;
#5186 = ADVANCED_FACE ( 'NONE', ( #4641 ), #2242, .T. ) ;
#5187 = CARTESIAN_POINT ( 'NONE',  ( 1.579999999999998517, -1.100000000000000089, 0.9499999999999999556 ) ) ;
#5188 = CARTESIAN_POINT ( 'NONE',  ( -0.1896121269468328541, 0.1015645899434683697, 0.02999999999999999889 ) ) ;
#5189 = CARTESIAN_POINT ( 'NONE',  ( -0.4236722732838569816, 0.01701632933467818118, 0.000000000000000000 ) ) ;
#5190 = DIRECTION ( 'NONE',  ( -0.000000000000000000, 0.000000000000000000, -1.000000000000000000 ) ) ;
#5191 = VECTOR ( 'NONE', #6371, 1000.000000000000000 ) ;
#5192 =( NAMED_UNIT ( * ) SI_UNIT ( $, .STERADIAN. ) SOLID_ANGLE_UNIT ( ) );
#5193 = CARTESIAN_POINT ( 'NONE',  ( -1.000000000000000000, 0.4000000000000000777, -0.05000000000000012074 ) ) ;
#5194 = LINE ( 'NONE', #1310, #582 ) ;
#5195 = VECTOR ( 'NONE', #4367, 1000.000000000000000 ) ;
#5196 = PRESENTATION_LAYER_ASSIGNMENT (  '', '', ( #549 ) ) ;
#5197 = FILL_AREA_STYLE ('',( #4220 ) ) ;
#5198 =( GEOMETRIC_REPRESENTATION_CONTEXT ( 3 ) GLOBAL_UNCERTAINTY_ASSIGNED_CONTEXT ( ( #434 ) ) GLOBAL_UNIT_ASSIGNED_CONTEXT ( ( #5916, #2949, #4422 ) ) REPRESENTATION_CONTEXT ( 'NONE', 'WORKASPACE' ) );
#5199 = FACE_OUTER_BOUND ( 'NONE', #2414, .T. ) ;
#5200 = PRESENTATION_STYLE_ASSIGNMENT (( #4535 ) ) ;
#5201 = CARTESIAN_POINT ( 'NONE',  ( 0.2548858283256912882, 0.2204356394796730678, 0.02999999999999999889 ) ) ;
#5202 = DIRECTION ( 'NONE',  ( 0.000000000000000000, 1.000000000000000000, 0.000000000000000000 ) ) ;
#5203 = CARTESIAN_POINT ( 'NONE',  ( 0.2326979190238354644, 0.03240094471929357012, 0.02999999999999999889 ) ) ;
#5204 = CARTESIAN_POINT ( 'NONE',  ( -0.1436713116357698217, 0.1889227657640480951, 0.000000000000000000 ) ) ;
#5205 = CARTESIAN_POINT ( 'NONE',  ( 0.2026151011864650020, 0.1970660559784057630, 0.02999999999999999889 ) ) ;
#5206 = DIRECTION ( 'NONE',  ( 0.000000000000000000, -0.000000000000000000, -1.000000000000000000 ) ) ;
#5207 = ORIENTED_EDGE ( 'NONE', *, *, #1007, .T. ) ;
#5208 = MECHANICAL_DESIGN_GEOMETRIC_PRESENTATION_REPRESENTATION (  '', ( #2011 ), #363 ) ;
#5209 = EDGE_CURVE ( 'NONE', #2535, #2116, #3645, .T. ) ;
#5210 = ORIENTED_EDGE ( 'NONE', *, *, #3575, .F. ) ;
#5211 = VERTEX_POINT ( 'NONE', #1315 ) ;
#5212 = ORIENTED_EDGE ( 'NONE', *, *, #2272, .T. ) ;
#5213 = LINE ( 'NONE', #2731, #5458 ) ;
#5214 = CARTESIAN_POINT ( 'NONE',  ( -0.1547627037485697354, 0.1835683330542801917, 0.02999999999999999889 ) ) ;
#5215 = FILL_AREA_STYLE ('',( #2226 ) ) ;
#5216 =( NAMED_UNIT ( * ) PLANE_ANGLE_UNIT ( ) SI_UNIT ( $, .RADIAN. ) );
#5217 = ORIENTED_EDGE ( 'NONE', *, *, #6229, .T. ) ;
#5218 = LINE ( 'NONE', #5647, #987 ) ;
#5219 = ORIENTED_EDGE ( 'NONE', *, *, #4825, .F. ) ;
#5220 = CARTESIAN_POINT ( 'NONE',  ( 0.3048762250230772075, 0.1689298721686677551, 0.02999999999999999889 ) ) ;
#5221 = VECTOR ( 'NONE', #4814, 1000.000000000000000 ) ;
#5222 = ORIENTED_EDGE ( 'NONE', *, *, #4435, .F. ) ;
#5223 = SURFACE_STYLE_USAGE ( .BOTH. , #841 ) ;
#5224 = VECTOR ( 'NONE', #4418, 1000.000000000000000 ) ;
#5225 = ADVANCED_FACE ( 'NONE', ( #4565 ), #4767, .F. ) ;
#5226 = FACE_OUTER_BOUND ( 'NONE', #1855, .T. ) ;
#5227 = EDGE_CURVE ( 'NONE', #2666, #4523, #5560, .T. ) ;
#5228 = FACE_OUTER_BOUND ( 'NONE', #3372, .T. ) ;
#5229 = CARTESIAN_POINT ( 'NONE',  ( 0.3402139317572497879, 0.1080219635787161431, 0.02999999999999999889 ) ) ;
#5230 = VECTOR ( 'NONE', #2691, 1000.000000000000114 ) ;
#5231 = CARTESIAN_POINT ( 'NONE',  ( -1.000000000000000222, -1.100000000000000089, 0.06999999999999986788 ) ) ;
#5232 = DIRECTION ( 'NONE',  ( 0.000000000000000000, 0.000000000000000000, 1.000000000000000000 ) ) ;
#5233 = SURFACE_STYLE_USAGE ( .BOTH. , #852 ) ;
#5234 = CARTESIAN_POINT ( 'NONE',  ( 0.2259715416606001559, 0.2220624497666280617, 0.000000000000000000 ) ) ;
#5235 = LINE ( 'NONE', #2604, #2374 ) ;
#5236 = CARTESIAN_POINT ( 'NONE',  ( 0.2512064633621257093, 0.03379013784586235719, 0.02999999999999999889 ) ) ;
#5237 = CARTESIAN_POINT ( 'NONE',  ( 0.000000000000000000, 0.000000000000000000, 1.800000000000000044 ) ) ;
#5238 = MECHANICAL_DESIGN_GEOMETRIC_PRESENTATION_REPRESENTATION (  '', ( #2584 ), #2920 ) ;
#5239 = DIRECTION ( 'NONE',  ( -0.9080590238365493505, 0.4188422247446084712, 0.000000000000000000 ) ) ;
#5240 = CARTESIAN_POINT ( 'NONE',  ( -0.1786551555514840905, 0.1912658300742073048, 0.02999999999999999889 ) ) ;
#5241 = VERTEX_POINT ( 'NONE', #866 ) ;
#5242 = DIRECTION ( 'NONE',  ( -1.000000000000000000, 0.000000000000000000, 0.000000000000000000 ) ) ;
#5243 = SURFACE_STYLE_FILL_AREA ( #5197 ) ;
#5244 = CARTESIAN_POINT ( 'NONE',  ( 1.549999999999999822, 1.100000000000000089, 0.9499999999999999556 ) ) ;
#5245 = ORIENTED_EDGE ( 'NONE', *, *, #5553, .F. ) ;
#5246 = DIRECTION ( 'NONE',  ( 0.000000000000000000, -1.000000000000000000, 0.000000000000000000 ) ) ;
#5247 = AXIS2_PLACEMENT_3D ( 'NONE', #201, #5028, #2633 ) ;
#5248 = CARTESIAN_POINT ( 'NONE',  ( 0.3306784201292300440, 0.07068420514262034604, 0.000000000000000000 ) ) ;
#5249 = CARTESIAN_POINT ( 'NONE',  ( 0.2122558947807037799, 0.03429648480005466349, 0.02999999999999999889 ) ) ;
#5250 = CARTESIAN_POINT ( 'NONE',  ( -0.1924355623670046256, 0.05611073005952841447, 0.02999999999999999889 ) ) ;
#5251 = ORIENTED_EDGE ( 'NONE', *, *, #1795, .T. ) ;
#5252 = EDGE_CURVE ( 'NONE', #4692, #5936, #2082, .T. ) ;
#5253 = DIRECTION ( 'NONE',  ( 1.000000000000000000, 0.000000000000000000, 0.000000000000000000 ) ) ;
#5254 = CARTESIAN_POINT ( 'NONE',  ( 0.2440093189096195214, 0.2218709032676669246, 0.000000000000000000 ) ) ;
#5255 = ADVANCED_FACE ( 'NONE', ( #1165 ), #443, .F. ) ;
#5256 = CARTESIAN_POINT ( 'NONE',  ( 0.2328181113315277440, 0.2221445344628833196, 0.000000000000000000 ) ) ;
#5257 = ORIENTED_EDGE ( 'NONE', *, *, #2687, .F. ) ;
#5258 = EDGE_CURVE ( 'NONE', #5543, #4985, #1992, .T. ) ;
#5259 = ORIENTED_EDGE ( 'NONE', *, *, #1215, .F. ) ;
#5260 = CARTESIAN_POINT ( 'NONE',  ( -0.1742027419311885372, 0.06407670243337998395, 0.000000000000000000 ) ) ;
#5261 = CARTESIAN_POINT ( 'NONE',  ( 0.3190934209457346182, 0.09141085515936245298, 0.02999999999999999889 ) ) ;
#5262 = CARTESIAN_POINT ( 'NONE',  ( 1.629999999999999893, -1.100000000000000089, 0.7799999999999996936 ) ) ;
#5263 = PLANE ( 'NONE',  #3894 ) ;
#5264 = ORIENTED_EDGE ( 'NONE', *, *, #4164, .T. ) ;
#5265 = CARTESIAN_POINT ( 'NONE',  ( 0.3138542346621357448, 0.1550039651566396670, 0.02999999999999999889 ) ) ;
#5266 = CARTESIAN_POINT ( 'NONE',  ( -1.580000000000000071, 0.4000000000000000777, 0.06999999999999990952 ) ) ;
#5267 = VECTOR ( 'NONE', #4474, 1000.000000000000000 ) ;
#5268 = CARTESIAN_POINT ( 'NONE',  ( -0.1480312476428312651, 0.2098047908731397460, 0.000000000000000000 ) ) ;
#5269 = CARTESIAN_POINT ( 'NONE',  ( 0.3389595543585182669, 0.09812208116716245043, 0.000000000000000000 ) ) ;
#5270 = CARTESIAN_POINT ( 'NONE',  ( -0.1359774367146333873, 0.1913583303412443315, 0.000000000000000000 ) ) ;
#5271 = LINE ( 'NONE', #3395, #3268 ) ;
#5272 = CARTESIAN_POINT ( 'NONE',  ( 0.1799031910837051162, 0.1857090284347707176, 0.02999999999999999889 ) ) ;
#5273 = DIRECTION ( 'NONE',  ( -0.000000000000000000, 1.000000000000000000, -0.000000000000000000 ) ) ;
#5274 = DIRECTION ( 'NONE',  ( 1.000000000000000000, 0.000000000000000000, 0.000000000000000000 ) ) ;
#5275 = CARTESIAN_POINT ( 'NONE',  ( 0.2192428186656078526, 0.2215306702172205044, 0.000000000000000000 ) ) ;
#5276 = MECHANICAL_DESIGN_GEOMETRIC_PRESENTATION_REPRESENTATION (  '', ( #5953 ), #3755 ) ;
#5277 = VECTOR ( 'NONE', #4835, 1000.000000000000000 ) ;
#5278 = FACE_BOUND ( 'NONE', #4981, .T. ) ;
#5279 = CARTESIAN_POINT ( 'NONE',  ( 0.3150697138956303212, 0.04686408574493459989, 0.02999999999999999889 ) ) ;
#5280 = CARTESIAN_POINT ( 'NONE',  ( -0.008287657899241539228, 0.03752914984749869398, 0.02999999999999999889 ) ) ;
#5281 = DIRECTION ( 'NONE',  ( -0.000000000000000000, 1.000000000000000000, -0.000000000000000000 ) ) ;
#5282 = CARTESIAN_POINT ( 'NONE',  ( 0.1455584959469123640, 0.05383523959108844903, 0.000000000000000000 ) ) ;
#5283 = COLOUR_RGB ( '',0.7960784313725489669, 0.8235294117647058432, 0.9372549019607843146 ) ;
#5284 = PRESENTATION_STYLE_ASSIGNMENT (( #3121 ) ) ;
#5285 = MECHANICAL_DESIGN_GEOMETRIC_PRESENTATION_REPRESENTATION (  '', ( #471 ), #998 ) ;
#5286 = SURFACE_STYLE_FILL_AREA ( #1079 ) ;
#5287 = CARTESIAN_POINT ( 'NONE',  ( 0.4583790087674252112, 0.2170163293346781819, 0.02999999999999999889 ) ) ;
#5288 = ORIENTED_EDGE ( 'NONE', *, *, #1019, .T. ) ;
#5289 = CARTESIAN_POINT ( 'NONE',  ( -0.1675683000499899045, 0.2001641278555729431, 0.02999999999999999889 ) ) ;
#5290 = SURFACE_STYLE_FILL_AREA ( #1583 ) ;
#5291 = EDGE_CURVE ( 'NONE', #5139, #3298, #2225, .T. ) ;
#5292 = FILL_AREA_STYLE ('',( #6319 ) ) ;
#5293 = ORIENTED_EDGE ( 'NONE', *, *, #1550, .T. ) ;
#5294 =( NAMED_UNIT ( * ) PLANE_ANGLE_UNIT ( ) SI_UNIT ( $, .RADIAN. ) );
#5295 = VERTEX_POINT ( 'NONE', #5868 ) ;
#5296 = CARTESIAN_POINT ( 'NONE',  ( -0.2051894723367625184, 0.08628245119141637887, 1.355252715606880543E-17 ) ) ;
#5297 = ORIENTED_EDGE ( 'NONE', *, *, #2526, .F. ) ;
#5298 = EDGE_CURVE ( 'NONE', #4451, #2471, #6263, .T. ) ;
#5299 = ORIENTED_EDGE ( 'NONE', *, *, #1002, .T. ) ;
#5300 = CARTESIAN_POINT ( 'NONE',  ( 0.3635072138956303434, 0.01701632933467818118, 0.02999999999999999889 ) ) ;
#5301 = LINE ( 'NONE', #1657, #459 ) ;
#5302 = CARTESIAN_POINT ( 'NONE',  ( -0.07619631174539540086, 0.1965035088218576864, 0.000000000000000000 ) ) ;
#5303 = EDGE_CURVE ( 'NONE', #3291, #710, #1083, .T. ) ;
#5304 = EDGE_CURVE ( 'NONE', #3758, #2666, #2928, .T. ) ;
#5305 = VERTEX_POINT ( 'NONE', #3960 ) ;
#5306 = CARTESIAN_POINT ( 'NONE',  ( -0.08509054251462612461, 0.03752914984749869398, 0.000000000000000000 ) ) ;
#5307 = LINE ( 'NONE', #170, #5536 ) ;
#5308 = CARTESIAN_POINT ( 'NONE',  ( 0.1670303360112095903, 0.03226172586234721251, 0.000000000000000000 ) ) ;
#5309 = DIRECTION ( 'NONE',  ( 0.9763949643929319411, 0.000000000000000000, 0.2159927626290408520 ) ) ;
#5310 = CARTESIAN_POINT ( 'NONE',  ( -0.1957007843673969072, 0.06160120847874816369, 0.02999999999999999889 ) ) ;
#5311 = CARTESIAN_POINT ( 'NONE',  ( 1.629999999999999893, 1.100000000000000089, 0.7799999999999996936 ) ) ;
#5312 = SURFACE_STYLE_FILL_AREA ( #940 ) ;
#5313 = CARTESIAN_POINT ( 'NONE',  ( -0.2021328542496374225, 0.1542301282000790308, 0.02999999999999999889 ) ) ;
#5314 = LINE ( 'NONE', #3209, #4853 ) ;
#5315 = CARTESIAN_POINT ( 'NONE',  ( 0.3306784201292300440, 0.07068420514262034604, 0.02999999999999999889 ) ) ;
#5316 = ORIENTED_EDGE ( 'NONE', *, *, #5629, .T. ) ;
#5317 = CARTESIAN_POINT ( 'NONE',  ( -0.1836841782220884345, 0.1861768537527224709, 0.000000000000000000 ) ) ;
#5318 = CARTESIAN_POINT ( 'NONE',  ( -0.1137481642349951749, 0.2160843596252971510, 0.000000000000000000 ) ) ;
#5319 = DIRECTION ( 'NONE',  ( -0.000000000000000000, 1.000000000000000000, -0.000000000000000000 ) ) ;
#5320 = EDGE_LOOP ( 'NONE', ( #5453, #2270, #4804, #5815 ) ) ;
#5321 = CARTESIAN_POINT ( 'NONE',  ( 0.3082148358599344773, 0.06926645208648531116, 0.02999999999999999889 ) ) ;
#5322 = CARTESIAN_POINT ( 'NONE',  ( 0.2420937779192636197, 0.03257629895776990858, 0.02999999999999999889 ) ) ;
#5323 = AXIS2_PLACEMENT_3D ( 'NONE', #737, #1249, #203 ) ;
#5324 = COLOUR_RGB ( '',0.7960784313725489669, 0.8235294117647058432, 0.9372549019607843146 ) ;
#5325 = DIRECTION ( 'NONE',  ( -1.000000000000000000, -1.548860246407863583E-16, 0.000000000000000000 ) ) ;
#5326 = CARTESIAN_POINT ( 'NONE',  ( 0.3048762250230772075, 0.1689298721686677551, 0.02999999999999999889 ) ) ;
#5327 = CARTESIAN_POINT ( 'NONE',  ( 1.579999999999998517, 0.4000000000000000777, 0.9499999999999999556 ) ) ;
#5328 =( GEOMETRIC_REPRESENTATION_CONTEXT ( 3 ) GLOBAL_UNCERTAINTY_ASSIGNED_CONTEXT ( ( #1381 ) ) GLOBAL_UNIT_ASSIGNED_CONTEXT ( ( #4947, #3570, #5023 ) ) REPRESENTATION_CONTEXT ( 'NONE', 'WORKASPACE' ) );
#5329 =( GEOMETRIC_REPRESENTATION_CONTEXT ( 3 ) GLOBAL_UNCERTAINTY_ASSIGNED_CONTEXT ( ( #3898 ) ) GLOBAL_UNIT_ASSIGNED_CONTEXT ( ( #4656, #1692, #3114 ) ) REPRESENTATION_CONTEXT ( 'NONE', 'WORKASPACE' ) );
#5330 = VECTOR ( 'NONE', #4957, 1000.000000000000000 ) ;
#5331 = CARTESIAN_POINT ( 'NONE',  ( -0.1923997793554146352, 0.1744818064270687863, 0.000000000000000000 ) ) ;
#5332 = ORIENTED_EDGE ( 'NONE', *, *, #4449, .T. ) ;
#5333 = CARTESIAN_POINT ( 'NONE',  ( 0.3404302908187072374, 0.1181781883090371604, 0.02999999999999999889 ) ) ;
#5334 = MECHANICAL_DESIGN_GEOMETRIC_PRESENTATION_REPRESENTATION (  '', ( #2094 ), #2685 ) ;
#5335 =( GEOMETRIC_REPRESENTATION_CONTEXT ( 3 ) GLOBAL_UNCERTAINTY_ASSIGNED_CONTEXT ( ( #905 ) ) GLOBAL_UNIT_ASSIGNED_CONTEXT ( ( #2387, #5360, #28 ) ) REPRESENTATION_CONTEXT ( 'NONE', 'WORKASPACE' ) );
#5336 = CARTESIAN_POINT ( 'NONE',  ( -0.2081808914083538020, 0.1071487464482826224, 0.02999999999999999889 ) ) ;
#5338 = EDGE_CURVE ( 'NONE', #603, #4689, #1608, .T. ) ;
#5337 = ORIENTED_EDGE ( 'NONE', *, *, #315, .T. ) ;
#5339 = CARTESIAN_POINT ( 'NONE',  ( -0.4041610553351390189, 0.01701632933467818118, 0.000000000000000000 ) ) ;
#5340 = FILL_AREA_STYLE ('',( #5847 ) ) ;
#5341 = SURFACE_STYLE_USAGE ( .BOTH. , #5400 ) ;
#5342 = VERTEX_POINT ( 'NONE', #934 ) ;
#5343 = DIRECTION ( 'NONE',  ( 0.000000000000000000, -1.000000000000000000, 0.000000000000000000 ) ) ;
#5344 = DIRECTION ( 'NONE',  ( 1.000000000000000000, 0.000000000000000000, 0.000000000000000000 ) ) ;
#5345 = CARTESIAN_POINT ( 'NONE',  ( 1.000000000000000000, 1.100000000000000089, -0.05000000000000012074 ) ) ;
#5346 = CARTESIAN_POINT ( 'NONE',  ( -0.1627727113924324898, 0.02777583755812907881, 0.02999999999999999889 ) ) ;
#5347 = CARTESIAN_POINT ( 'NONE',  ( 0.1455584959469123640, 0.05383523959108844903, 0.02999999999999999889 ) ) ;
#5348 = COLOUR_RGB ( '',0.7960784313725489669, 0.8235294117647058432, 0.9372549019607843146 ) ;
#5349 = UNCERTAINTY_MEASURE_WITH_UNIT (LENGTH_MEASURE( 1.000000000000000082E-05 ), #3110, 'distance_accuracy_value', 'NONE');
#5350 = EDGE_CURVE ( 'NONE', #4593, #1813, #3790, .T. ) ;
#5351 = FACE_OUTER_BOUND ( 'NONE', #2455, .T. ) ;
#5352 = PLANE ( 'NONE',  #21 ) ;
#5353 = LINE ( 'NONE', #3262, #4883 ) ;
#5354 =( NAMED_UNIT ( * ) PLANE_ANGLE_UNIT ( ) SI_UNIT ( $, .RADIAN. ) );
#5355 = DIRECTION ( 'NONE',  ( -1.000000000000000000, 0.000000000000000000, 0.000000000000000000 ) ) ;
#5356 = CARTESIAN_POINT ( 'NONE',  ( -0.1324855623138160299, 0.04027903630127983164, 0.000000000000000000 ) ) ;
#5357 = CARTESIAN_POINT ( 'NONE',  ( -0.08456970918129286252, 0.2170163293346782096, 0.02999999999999999889 ) ) ;
#5358 = PRESENTATION_STYLE_ASSIGNMENT (( #3164 ) ) ;
#5359 = LINE ( 'NONE', #4440, #2973 ) ;
#5360 =( NAMED_UNIT ( * ) PLANE_ANGLE_UNIT ( ) SI_UNIT ( $, .RADIAN. ) );
#5361 = ADVANCED_FACE ( 'NONE', ( #5723 ), #1998, .T. ) ;
#5362 = VECTOR ( 'NONE', #3146, 1000.000000000000000 ) ;
#5363 = CARTESIAN_POINT ( 'NONE',  ( 0.1493441179552866260, 0.04895074483694807771, 0.000000000000000000 ) ) ;
#5364 = VERTEX_POINT ( 'NONE', #3425 ) ;
#5365 = CARTESIAN_POINT ( 'NONE',  ( 0.2516705242915028840, 0.2001043726000121536, 0.000000000000000000 ) ) ;
#5366 = CARTESIAN_POINT ( 'NONE',  ( -0.1148525477611395673, 0.01708872302870471233, 0.02999999999999999889 ) ) ;
#5367 = VERTEX_POINT ( 'NONE', #1445 ) ;
#5368 = CARTESIAN_POINT ( 'NONE',  ( 0.1670303360112095903, 0.03226172586234721251, 0.02999999999999999889 ) ) ;
#5369 = VERTEX_POINT ( 'NONE', #3021 ) ;
#5370 = MECHANICAL_DESIGN_GEOMETRIC_PRESENTATION_REPRESENTATION (  '', ( #6250 ), #516 ) ;
#5371 = ORIENTED_EDGE ( 'NONE', *, *, #1428, .F. ) ;
#5372 = VERTEX_POINT ( 'NONE', #2500 ) ;
#5373 = AXIS2_PLACEMENT_3D ( 'NONE', #5042, #657, #4053 ) ;
#5374 = VECTOR ( 'NONE', #244, 1000.000000000000227 ) ;
#5375 = EDGE_CURVE ( 'NONE', #4678, #5342, #4407, .T. ) ;
#5376 = ORIENTED_EDGE ( 'NONE', *, *, #2570, .T. ) ;
#5377 = LINE ( 'NONE', #205, #5929 ) ;
#5378 =( LENGTH_UNIT ( ) NAMED_UNIT ( * ) SI_UNIT ( .MILLI., .METRE. ) );
#5379 = ORIENTED_EDGE ( 'NONE', *, *, #5298, .T. ) ;
#5380 = VECTOR ( 'NONE', #1026, 1000.000000000000000 ) ;
#5381 = CARTESIAN_POINT ( 'NONE',  ( -0.1038573520255890448, 0.03780986297283379233, 0.02999999999999999889 ) ) ;
#5382 = DIRECTION ( 'NONE',  ( 0.000000000000000000, 1.000000000000000000, 0.000000000000000000 ) ) ;
#5383 = EDGE_CURVE ( 'NONE', #1074, #463, #5555, .T. ) ;
#5384 = DIRECTION ( 'NONE',  ( -0.000000000000000000, 1.000000000000000000, -0.000000000000000000 ) ) ;
#5385 = LINE ( 'NONE', #5189, #3615 ) ;
#5386 = AXIS2_PLACEMENT_3D ( 'NONE', #3255, #5281, #3720 ) ;
#5387 = LINE ( 'NONE', #4192, #6326 ) ;
#5388 = CIRCLE ( 'NONE', #6014, 0.1700000000000000122 ) ;
#5389 =( NAMED_UNIT ( * ) PLANE_ANGLE_UNIT ( ) SI_UNIT ( $, .RADIAN. ) );
#5390 = CARTESIAN_POINT ( 'NONE',  ( 0.2789971337106374460, 0.1903565751119266902, 0.02999999999999999889 ) ) ;
#5391 = ORIENTED_EDGE ( 'NONE', *, *, #3865, .T. ) ;
#5392 = CARTESIAN_POINT ( 'NONE',  ( -0.1232058786005325868, 0.01763460489689425148, 0.02999999999999999889 ) ) ;
#5393 = CARTESIAN_POINT ( 'NONE',  ( -0.1476952740313746404, 0.04453077267264398537, 0.02999999999999999889 ) ) ;
#5394 = COLOUR_RGB ( '',1.000000000000000000, 1.000000000000000000, 1.000000000000000000 ) ;
#5395 = DIRECTION ( 'NONE',  ( -0.000000000000000000, -0.000000000000000000, 1.000000000000000000 ) ) ;
#5396 = UNCERTAINTY_MEASURE_WITH_UNIT (LENGTH_MEASURE( 1.000000000000000082E-05 ), #3000, 'distance_accuracy_value', 'NONE');
#5397 = ORIENTED_EDGE ( 'NONE', *, *, #5972, .T. ) ;
#5398 =( LENGTH_UNIT ( ) NAMED_UNIT ( * ) SI_UNIT ( .MILLI., .METRE. ) );
#5399 = ADVANCED_FACE ( 'NONE', ( #4718 ), #2998, .T. ) ;
#5400 = SURFACE_SIDE_STYLE ('',( #544 ) ) ;
#5401 = FACE_OUTER_BOUND ( 'NONE', #922, .T. ) ;
#5402 = CARTESIAN_POINT ( 'NONE',  ( 0.2328181113315277440, 0.2221445344628833196, 0.000000000000000000 ) ) ;
#5403 = CARTESIAN_POINT ( 'NONE',  ( 0.3342427584594107604, 0.07945105821566765536, 0.02999999999999999889 ) ) ;
#5404 = CARTESIAN_POINT ( 'NONE',  ( -0.08838930655691272509, 0.03754332678315971950, 0.000000000000000000 ) ) ;
#5405 = ORIENTED_EDGE ( 'NONE', *, *, #1862, .F. ) ;
#5406 = CARTESIAN_POINT ( 'NONE',  ( -0.08808222279308364211, 0.2169910396206230496, 0.02999999999999999889 ) ) ;
#5407 = SURFACE_SIDE_STYLE ('',( #4235 ) ) ;
#5408 = ORIENTED_EDGE ( 'NONE', *, *, #4052, .F. ) ;
#5409 = STYLED_ITEM ( 'NONE', ( #3139 ), #3775 ) ;
#5410 = CARTESIAN_POINT ( 'NONE',  ( 0.3218134589105571819, 0.1284288858371257780, 0.000000000000000000 ) ) ;
#5411 =( NAMED_UNIT ( * ) SI_UNIT ( $, .STERADIAN. ) SOLID_ANGLE_UNIT ( ) );
#5412 = LINE ( 'NONE', #4445, #3248 ) ;
#5413 = CARTESIAN_POINT ( 'NONE',  ( -1.579999999999998517, 1.100000000000000089, 0.9499999999999999556 ) ) ;
#5414 = CARTESIAN_POINT ( 'NONE',  ( 0.1942325572396191302, 0.01799940272596699253, 0.02999999999999999889 ) ) ;
#5415 = ORIENTED_EDGE ( 'NONE', *, *, #2932, .T. ) ;
#5416 = AXIS2_PLACEMENT_3D ( 'NONE', #4499, #2540, #127 ) ;
#5417 = ORIENTED_EDGE ( 'NONE', *, *, #4052, .T. ) ;
#5418 = EDGE_CURVE ( 'NONE', #4678, #832, #1245, .T. ) ;
#5419 = CARTESIAN_POINT ( 'NONE',  ( -0.3313645809761646688, 0.2170163293346781819, 0.000000000000000000 ) ) ;
#5420 = DIRECTION ( 'NONE',  ( -0.000000000000000000, -0.000000000000000000, -1.000000000000000000 ) ) ;
#5421 = ORIENTED_EDGE ( 'NONE', *, *, #1653, .T. ) ;
#5422 = LINE ( 'NONE', #5692, #5971 ) ;
#5423 = CARTESIAN_POINT ( 'NONE',  ( -1.549999999999999822, 1.100000000000000089, 0.8299999999999999600 ) ) ;
#5424 = MECHANICAL_DESIGN_GEOMETRIC_PRESENTATION_REPRESENTATION (  '', ( #932 ), #1254 ) ;
#5425 = EDGE_CURVE ( 'NONE', #6314, #4083, #3639, .T. ) ;
#5426 = CARTESIAN_POINT ( 'NONE',  ( -1.629999999999999893, 0.4000000000000000777, 0.7799999999999996936 ) ) ;
#5427 = CARTESIAN_POINT ( 'NONE',  ( -0.1384014468042234769, 0.01964624461590239873, 1.355252715606880543E-17 ) ) ;
#5428 = STYLED_ITEM ( 'NONE', ( #2497 ), #164 ) ;
#5429 = VECTOR ( 'NONE', #6042, 1000.000000000000000 ) ;
#5430 = CARTESIAN_POINT ( 'NONE',  ( 1.580000000000000071, 0.4000000000000000777, 0.1199999999999999123 ) ) ;
#5431 = CARTESIAN_POINT ( 'NONE',  ( 0.3222679023953973765, 0.1080560714063061589, 0.000000000000000000 ) ) ;
#5432 = VECTOR ( 'NONE', #2799, 1000.000000000000000 ) ;
#5433 = PRODUCT_CONTEXT ( 'NONE', #1413, 'mechanical' ) ;
#5434 = CARTESIAN_POINT ( 'NONE',  ( -0.1895277425015867989, 0.1282088326864312955, 0.02999999999999999889 ) ) ;
#5435 = UNCERTAINTY_MEASURE_WITH_UNIT (LENGTH_MEASURE( 1.000000000000000082E-05 ), #5105, 'distance_accuracy_value', 'NONE');
#5436 = CARTESIAN_POINT ( 'NONE',  ( 1.549999999999999822, -1.399999999999999911, 0.8299999999999999600 ) ) ;
#5437 = DIRECTION ( 'NONE',  ( -1.000000000000000000, -1.548860246407863583E-16, 0.000000000000000000 ) ) ;
#5438 = CARTESIAN_POINT ( 'NONE',  ( 0.2303062493071022787, 0.01191383614149920875, 0.02999999999999999889 ) ) ;
#5439 = VECTOR ( 'NONE', #3330, 1000.000000000000000 ) ;
#5440 = LINE ( 'NONE', #4216, #1359 ) ;
#5441 = EDGE_CURVE ( 'NONE', #3601, #166, #2779, .T. ) ;
#5442 = CARTESIAN_POINT ( 'NONE',  ( -0.06213381174539531898, 0.1965035088218576864, 0.02999999999999999889 ) ) ;
#5443 = CARTESIAN_POINT ( 'NONE',  ( -0.2082517169004348689, 0.1120202201024708966, 0.02999999999999999889 ) ) ;
#5444 = PLANE ( 'NONE',  #4719 ) ;
#5445 = SURFACE_STYLE_USAGE ( .BOTH. , #1024 ) ;
#5446 = ORIENTED_EDGE ( 'NONE', *, *, #1616, .F. ) ;
#5447 = CARTESIAN_POINT ( 'NONE',  ( -0.1574197897239364152, 0.02518038867137109560, 1.355252715606880543E-17 ) ) ;
#5448 = VECTOR ( 'NONE', #2236, 1000.000000000000000 ) ;
#5449 = FILL_AREA_STYLE_COLOUR ( '', #5773 ) ;
#5450 = PRESENTATION_LAYER_ASSIGNMENT (  '', '', ( #2584 ) ) ;
#5451 = B_SPLINE_CURVE_WITH_KNOTS ( 'NONE', 3,
 ( #2381, #1905, #2542, #645, #1629, #3621, #2255, #2768, #5135, #862, #5796, #5564, #2865, #50, #2940, #2761, #3091, #5804, #5552 ),
 .UNSPECIFIED., .F., .F.,
 ( 4, 1, 1, 1, 1, 1, 1, 1, 1, 1, 1, 1, 1, 1, 1, 1, 4 ),
 ( 0.000000000000000000, 0.06854753670890290085, 0.1356829456230481679, 0.2012149895263285471, 0.2656822347546963226, 0.3292668348172591575, 0.3923954278443284038, 0.4550697616521435229, 0.5171268500645062050, 0.5787900352866527376, 0.6397398633435416038, 0.7001915036663085568, 0.7598062425966701783, 0.8196283192750081215, 0.8793547910462763406, 0.9395116077646616937, 1.000000000000000000 ),
 .UNSPECIFIED. ) ;
#5452 = ORIENTED_EDGE ( 'NONE', *, *, #5926, .F. ) ;
#5453 = ORIENTED_EDGE ( 'NONE', *, *, #3789, .F. ) ;
#5454 = ORIENTED_EDGE ( 'NONE', *, *, #1941, .T. ) ;
#5456 = STYLED_ITEM ( 'NONE', ( #3850 ), #1085 ) ;
#5455 = LINE ( 'NONE', #4299, #916 ) ;
#5457 = ORIENTED_EDGE ( 'NONE', *, *, #4107, .F. ) ;
#5458 = VECTOR ( 'NONE', #313, 1000.000000000000114 ) ;
#5459 = CARTESIAN_POINT ( 'NONE',  ( -0.1396820147306183924, 0.1902301293504068402, 0.02999999999999999889 ) ) ;
#5460 = SURFACE_STYLE_USAGE ( .BOTH. , #3929 ) ;
#5461 = CARTESIAN_POINT ( 'NONE',  ( -0.1742027419311885372, 0.06407670243337998395, 0.02999999999999999889 ) ) ;
#5462 = VERTEX_POINT ( 'NONE', #57 ) ;
#5463 = FILL_AREA_STYLE_COLOUR ( '', #199 ) ;
#5464 = EDGE_CURVE ( 'NONE', #347, #5369, #3408, .T. ) ;
#5465 = CARTESIAN_POINT ( 'NONE',  ( 1.579999999999999627, 1.100000000000000089, 0.8299999999999999600 ) ) ;
#5466 = CARTESIAN_POINT ( 'NONE',  ( -0.2339286835402671350, 0.01701632933467818118, 0.000000000000000000 ) ) ;
#5467 = FACE_OUTER_BOUND ( 'NONE', #1670, .T. ) ;
#5468 = CARTESIAN_POINT ( 'NONE',  ( 0.1455584959469123363, 0.05383523959108844209, 0.02999999999999999889 ) ) ;
#5469 = ADVANCED_FACE ( 'NONE', ( #1323 ), #4065, .F. ) ;
#5470 = ORIENTED_EDGE ( 'NONE', *, *, #4899, .T. ) ;
#5471 = CARTESIAN_POINT ( 'NONE',  ( 0.3190934209457346182, 0.09141085515936245298, 0.000000000000000000 ) ) ;
#5472 = CARTESIAN_POINT ( 'NONE',  ( 0.2573683223611390458, 0.1988400684158149467, 0.000000000000000000 ) ) ;
#5473 = CARTESIAN_POINT ( 'NONE',  ( 0.5776535529154035453, 1.399999999999999911, 0.000000000000000000 ) ) ;
#5474 = CARTESIAN_POINT ( 'NONE',  ( 0.2325777267161431294, 0.01188812420647305385, 0.02999999999999999889 ) ) ;
#5475 = UNCERTAINTY_MEASURE_WITH_UNIT (LENGTH_MEASURE( 1.000000000000000082E-05 ), #1147, 'distance_accuracy_value', 'NONE');
#5476 = VERTEX_POINT ( 'NONE', #5465 ) ;
#5477 = EDGE_CURVE ( 'NONE', #4876, #5176, #4561, .T. ) ;
#5478 = ORIENTED_EDGE ( 'NONE', *, *, #720, .F. ) ;
#5479 = CARTESIAN_POINT ( 'NONE',  ( 1.579999999999999627, -1.100000000000000089, 0.8299999999999999600 ) ) ;
#5480 = DIRECTION ( 'NONE',  ( 0.000000000000000000, 0.000000000000000000, 1.000000000000000000 ) ) ;
#5481 =( GEOMETRIC_REPRESENTATION_CONTEXT ( 3 ) GLOBAL_UNCERTAINTY_ASSIGNED_CONTEXT ( ( #3133 ) ) GLOBAL_UNIT_ASSIGNED_CONTEXT ( ( #2057, #4557, #5545 ) ) REPRESENTATION_CONTEXT ( 'NONE', 'WORKASPACE' ) );
#5482 = SURFACE_STYLE_USAGE ( .BOTH. , #4478 ) ;
#5483 = ORIENTED_EDGE ( 'NONE', *, *, #2606, .T. ) ;
#5484 = DIRECTION ( 'NONE',  ( 0.000000000000000000, -1.000000000000000000, 0.000000000000000000 ) ) ;
#5485 = CARTESIAN_POINT ( 'NONE',  ( 0.3162239594065519577, 0.08367486417016700706, 0.000000000000000000 ) ) ;
#5486 = ORIENTED_EDGE ( 'NONE', *, *, #1485, .T. ) ;
#5487 = LINE ( 'NONE', #1565, #4349 ) ;
#5488 = SURFACE_SIDE_STYLE ('',( #5696 ) ) ;
#5489 = ORIENTED_EDGE ( 'NONE', *, *, #2110, .F. ) ;
#5490 = CARTESIAN_POINT ( 'NONE',  ( 0.4404302908187072152, 0.2170163293346781819, 0.02999999999999999889 ) ) ;
#5491 = CARTESIAN_POINT ( 'NONE',  ( 0.3224815728699892969, 0.1168160088218576781, 0.000000000000000000 ) ) ;
#5492 = CARTESIAN_POINT ( 'NONE',  ( 0.2513758804057555363, 0.01306652161862246683, 0.02999999999999999889 ) ) ;
#5493 = CARTESIAN_POINT ( 'NONE',  ( 0.2940579764070169744, 0.02839792088626420796, 0.02999999999999999889 ) ) ;
#5494 = B_SPLINE_SURFACE_WITH_KNOTS ( 'NONE', 3, 1, ( 
 ( #5626, #6108 ),
 ( #5144, #3670 ),
 ( #6142, #3713 ),
 ( #1756, #6125 ),
 ( #1272, #2729 ),
 ( #2172, #4160 ),
 ( #4183, #3140 ),
 ( #4207, #3163 ),
 ( #6190, #228 ),
 ( #1206, #4655 ),
 ( #5205, #2683 ),
 ( #246, #5649 ),
 ( #1251, #1229 ),
 ( #1690, #4703 ),
 ( #3229, #739 ) ),
 .UNSPECIFIED., .F., .F., .F.,
 ( 4, 1, 1, 1, 1, 1, 1, 1, 1, 1, 1, 1, 4 ),
 ( 2, 2 ),
 ( 0.000000000000000000, 0.06316325936347012837, 0.1254749410306405522, 0.1871212198160327189, 0.2482943461142985142, 0.3092948562551206537, 0.3698500660670926421, 0.4309733755473817429, 0.4924559896728166186, 0.6161479662918547540, 0.7408436984673626435, 0.8681826486700426893, 1.000000000000000000 ),
 ( 0.000000000000000000, 1.000000000000000000 ),
 .UNSPECIFIED. ) ;
#5495 = PRESENTATION_STYLE_ASSIGNMENT (( #5724 ) ) ;
#5496 = AXIS2_PLACEMENT_3D ( 'NONE', #5795, #3809, #1328 ) ;
#5497 = EDGE_CURVE ( 'NONE', #5936, #3989, #1197, .T. ) ;
#5498 = PLANE ( 'NONE',  #2631 ) ;
#5499 = FACE_OUTER_BOUND ( 'NONE', #3499, .T. ) ;
#5500 = EDGE_LOOP ( 'NONE', ( #3355, #1200, #1313, #3655, #3059, #391, #114, #5405 ) ) ;
#5501 = EDGE_CURVE ( 'NONE', #458, #1334, #482, .T. ) ;
#5502 = CARTESIAN_POINT ( 'NONE',  ( -0.1061642604633440956, 0.01701632933467818118, 0.02999999999999999889 ) ) ;
#5503 = VECTOR ( 'NONE', #4896, 1000.000000000000000 ) ;
#5504 = MECHANICAL_DESIGN_GEOMETRIC_PRESENTATION_REPRESENTATION (  '', ( #5173 ), #1171 ) ;
#5505 = EDGE_CURVE ( 'NONE', #6104, #710, #2850, .T. ) ;
#5506 = CIRCLE ( 'NONE', #5886, 0.1699999999999999845 ) ;
#5507 = CARTESIAN_POINT ( 'NONE',  ( -1.750000000000000000, -1.100000000000000089, 0.1200000000000011890 ) ) ;
#5508 = SURFACE_STYLE_USAGE ( .BOTH. , #5488 ) ;
#5509 = LINE ( 'NONE', #17, #1198 ) ;
#5510 = CARTESIAN_POINT ( 'NONE',  ( -1.749999999999999778, -1.100000000000000089, 0.7799999999999988054 ) ) ;
#5511 = DIRECTION ( 'NONE',  ( -0.000000000000000000, -0.000000000000000000, -1.000000000000000000 ) ) ;
#5512 = ADVANCED_FACE ( 'NONE', ( #2219 ), #692, .T. ) ;
#5513 = ORIENTED_EDGE ( 'NONE', *, *, #104, .T. ) ;
#5514 = CARTESIAN_POINT ( 'NONE',  ( -0.1896121269468328541, 0.1015645899434683697, 0.02999999999999999889 ) ) ;
#5515 = EDGE_CURVE ( 'NONE', #555, #1889, #3712, .T. ) ;
#5516 = VECTOR ( 'NONE', #1959, 1000.000000000000114 ) ;
#5517 = DIRECTION ( 'NONE',  ( -1.000000000000000000, 0.000000000000000000, -0.000000000000000000 ) ) ;
#5518 = FILL_AREA_STYLE ('',( #3943 ) ) ;
#5519 = ORIENTED_EDGE ( 'NONE', *, *, #1039, .F. ) ;
#5520 = ORIENTED_EDGE ( 'NONE', *, *, #1125, .F. ) ;
#5521 = ORIENTED_EDGE ( 'NONE', *, *, #2397, .T. ) ;
#5522 = DIRECTION ( 'NONE',  ( 0.000000000000000000, 0.000000000000000000, -1.000000000000000000 ) ) ;
#5523 = LINE ( 'NONE', #5300, #3840 ) ;
#5524 = ORIENTED_EDGE ( 'NONE', *, *, #4850, .F. ) ;
#5525 = VECTOR ( 'NONE', #1143, 1000.000000000000000 ) ;
#5526 = DIRECTION ( 'NONE',  ( -0.000000000000000000, 1.000000000000000000, -0.000000000000000000 ) ) ;
#5527 = ORIENTED_EDGE ( 'NONE', *, *, #1780, .F. ) ;
#5528 = ORIENTED_EDGE ( 'NONE', *, *, #2986, .T. ) ;
#5529 = AXIS2_PLACEMENT_3D ( 'NONE', #4772, #4521, #5939 ) ;
#5530 = ORIENTED_EDGE ( 'NONE', *, *, #655, .F. ) ;
#5531 = DIRECTION ( 'NONE',  ( -0.000000000000000000, 1.000000000000000000, -0.000000000000000000 ) ) ;
#5532 = SURFACE_SIDE_STYLE ('',( #4509 ) ) ;
#5533 = AXIS2_PLACEMENT_3D ( 'NONE', #2021, #5484, #490 ) ;
#5534 = FACE_OUTER_BOUND ( 'NONE', #1523, .T. ) ;
#5535 = CARTESIAN_POINT ( 'NONE',  ( 0.2325777267161431294, 0.01188812420647305385, 0.000000000000000000 ) ) ;
#5536 = VECTOR ( 'NONE', #3061, 1000.000000000000000 ) ;
#5537 = CARTESIAN_POINT ( 'NONE',  ( 0.2844298481917654220, 0.02288515382555573671, 0.02999999999999999889 ) ) ;
#5538 = CARTESIAN_POINT ( 'NONE',  ( -0.1872189685392244562, 0.08952543156189141094, 0.02999999999999999889 ) ) ;
#5539 = VECTOR ( 'NONE', #6245, 1000.000000000000000 ) ;
#5540 = CYLINDRICAL_SURFACE ( 'NONE', #1388, 0.05000000000000002359 ) ;
#5541 = CARTESIAN_POINT ( 'NONE',  ( 0.2935640482879928737, 0.2054235635797306558, 0.000000000000000000 ) ) ;
#5542 = CARTESIAN_POINT ( 'NONE',  ( 1.579999999999998961, 0.4000000000000000777, -0.05000000000000007910 ) ) ;
#5543 = VERTEX_POINT ( 'NONE', #5614 ) ;
#5544 = EDGE_CURVE ( 'NONE', #5369, #5241, #29, .T. ) ;
#5545 =( NAMED_UNIT ( * ) SI_UNIT ( $, .STERADIAN. ) SOLID_ANGLE_UNIT ( ) );
#5546 = DIRECTION ( 'NONE',  ( -1.000000000000000000, -0.000000000000000000, -0.000000000000000000 ) ) ;
#5547 = ORIENTED_EDGE ( 'NONE', *, *, #2444, .F. ) ;
#5548 = CIRCLE ( 'NONE', #3893, 0.1699999999999999567 ) ;
#5549 =( NAMED_UNIT ( * ) PLANE_ANGLE_UNIT ( ) SI_UNIT ( $, .RADIAN. ) );
#5550 = UNCERTAINTY_MEASURE_WITH_UNIT (LENGTH_MEASURE( 1.000000000000000082E-05 ), #1783, 'distance_accuracy_value', 'NONE');
#5551 = ORIENTED_EDGE ( 'NONE', *, *, #5974, .T. ) ;
#5552 = CARTESIAN_POINT ( 'NONE',  ( 0.1455584959469123363, 0.1803176113859602525, 0.000000000000000000 ) ) ;
#5553 = EDGE_CURVE ( 'NONE', #983, #3280, #5548, .T. ) ;
#5554 = CARTESIAN_POINT ( 'NONE',  ( -1.579999999999998517, 0.4000000000000000777, 0.9499999999999999556 ) ) ;
#5555 = LINE ( 'NONE', #2984, #4942 ) ;
#5556 = CARTESIAN_POINT ( 'NONE',  ( 0.2940579764070169744, 0.02839792088626420796, 3.388131789017201356E-18 ) ) ;
#5557 = CARTESIAN_POINT ( 'NONE',  ( -0.1902301112016797358, 0.1079624917638373205, 0.02999999999999999889 ) ) ;
#5558 = ORIENTED_EDGE ( 'NONE', *, *, #5750, .F. ) ;
#5559 = CARTESIAN_POINT ( 'NONE',  ( -1.579999999999999627, -1.100000000000000089, 0.8299999999999999600 ) ) ;
#5560 = LINE ( 'NONE', #6231, #2623 ) ;
#5561 = DIRECTION ( 'NONE',  ( 0.000000000000000000, 0.000000000000000000, -1.000000000000000000 ) ) ;
#5562 = CARTESIAN_POINT ( 'NONE',  ( 1.580000000000000071, 1.100000000000000089, 0.7800000000000000266 ) ) ;
#5563 = ORIENTED_EDGE ( 'NONE', *, *, #2371, .F. ) ;
#5564 = CARTESIAN_POINT ( 'NONE',  ( 0.1717002683940842545, 0.2051389754724751713, 0.000000000000000000 ) ) ;
#5565 = ORIENTED_EDGE ( 'NONE', *, *, #5101, .F. ) ;
#5566 = CARTESIAN_POINT ( 'NONE',  ( -0.1384014468042234769, 0.01964624461590239873, 0.000000000000000000 ) ) ;
#5567 = CARTESIAN_POINT ( 'NONE',  ( -1.580000000000000071, 0.4000000000000000777, 0.06999999999999990952 ) ) ;
#5568 = ORIENTED_EDGE ( 'NONE', *, *, #1547, .F. ) ;
#5569 = B_SPLINE_CURVE_WITH_KNOTS ( 'NONE', 3,
 ( #6107, #6140, #263, #3161, #762, #226, #2682, #1271, #2728, #245, #4182, #4159, #4206, #1228, #3138 ),
 .UNSPECIFIED., .F., .F.,
 ( 4, 1, 1, 1, 1, 1, 1, 1, 1, 1, 1, 1, 4 ),
 ( 0.000000000000000000, 0.06316325936347012837, 0.1254749410306405522, 0.1871212198160327189, 0.2482943461142985142, 0.3092948562551206537, 0.3698500660670926421, 0.4309733755473817429, 0.4924559896728166186, 0.6161479662918547540, 0.7408436984673626435, 0.8681826486700426893, 1.000000000000000000 ),
 .UNSPECIFIED. ) ;
#5570 = CARTESIAN_POINT ( 'NONE',  ( -1.550000000000000044, 0.3999999999999999667, 0.8299999999999999600 ) ) ;
#5571 = LINE ( 'NONE', #5479, #2157 ) ;
#5572 = CARTESIAN_POINT ( 'NONE',  ( 1.579999999999999627, -1.100000000000000089, 0.8299999999999999600 ) ) ;
#5573 =( GEOMETRIC_REPRESENTATION_CONTEXT ( 3 ) GLOBAL_UNCERTAINTY_ASSIGNED_CONTEXT ( ( #6031 ) ) GLOBAL_UNIT_ASSIGNED_CONTEXT ( ( #2701, #2214, #4698 ) ) REPRESENTATION_CONTEXT ( 'NONE', 'WORKASPACE' ) );
#5574 = FILL_AREA_STYLE_COLOUR ( '', #3614 ) ;
#5575 = CARTESIAN_POINT ( 'NONE',  ( -0.07964205440881502729, 0.1964931668604011361, 0.02999999999999999889 ) ) ;
#5576 = PLANE ( 'NONE',  #2127 ) ;
#5577 = VECTOR ( 'NONE', #2327, 1000.000000000000000 ) ;
#5578 = AXIS2_PLACEMENT_3D ( 'NONE', #1118, #191, #1598 ) ;
#5579 = VECTOR ( 'NONE', #3715, 1000.000000000000000 ) ;
#5580 = EDGE_CURVE ( 'NONE', #454, #3325, #2612, .T. ) ;
#5581 = PLANE ( 'NONE',  #5373 ) ;
#5582 = DIRECTION ( 'NONE',  ( -0.000000000000000000, 1.000000000000000000, -0.000000000000000000 ) ) ;
#5583 = FACE_OUTER_BOUND ( 'NONE', #5769, .T. ) ;
#5584 = CARTESIAN_POINT ( 'NONE',  ( -0.06213381174539531898, 0.03752914984749869398, 0.02999999999999999889 ) ) ;
#5585 = EDGE_CURVE ( 'NONE', #487, #2431, #2536, .T. ) ;
#5586 = DIRECTION ( 'NONE',  ( 0.000000000000000000, 0.000000000000000000, 1.000000000000000000 ) ) ;
#5587 = CARTESIAN_POINT ( 'NONE',  ( -0.1091165897473780344, 0.01704092912236109328, -0.000000000000000000 ) ) ;
#5588 = ORIENTED_EDGE ( 'NONE', *, *, #518, .F. ) ;
#5589 = CARTESIAN_POINT ( 'NONE',  ( -0.008287657899241539228, 0.1349650472833961445, 0.02999999999999999889 ) ) ;
#5590 = PRESENTATION_LAYER_ASSIGNMENT (  '', '', ( #4932 ) ) ;
#5591 = PRESENTATION_STYLE_ASSIGNMENT (( #3635 ) ) ;
#5592 = PRESENTATION_STYLE_ASSIGNMENT (( #3547 ) ) ;
#5593 = CARTESIAN_POINT ( 'NONE',  ( 1.550000000000000266, -0.3999999999999999667, 0.9499999999999999556 ) ) ;
#5594 = EDGE_LOOP ( 'NONE', ( #497, #5391, #301, #3794 ) ) ;
#5595 = LINE ( 'NONE', #2989, #3450 ) ;
#5596 = CARTESIAN_POINT ( 'NONE',  ( 0.2844298481917654220, 0.02288515382555573671, 0.000000000000000000 ) ) ;
#5597 =( NAMED_UNIT ( * ) SI_UNIT ( $, .STERADIAN. ) SOLID_ANGLE_UNIT ( ) );
#5598 = CARTESIAN_POINT ( 'NONE',  ( 0.2740853887350387375, 0.01851822986657801137, 3.388131789017201356E-18 ) ) ;
#5599 = VERTEX_POINT ( 'NONE', #6099 ) ;
#5600 = VERTEX_POINT ( 'NONE', #1750 ) ;
#5601 = ORIENTED_EDGE ( 'NONE', *, *, #5258, .T. ) ;
#5602 = FACE_OUTER_BOUND ( 'NONE', #2629, .T. ) ;
#5603 = ORIENTED_EDGE ( 'NONE', *, *, #2618, .F. ) ;
#5604 = CARTESIAN_POINT ( 'NONE',  ( 1.406210549184707448, -1.399999999999999911, 0.1799999999999999933 ) ) ;
#5605 = VECTOR ( 'NONE', #1344, 1000.000000000000000 ) ;
#5606 =( NAMED_UNIT ( * ) SI_UNIT ( $, .STERADIAN. ) SOLID_ANGLE_UNIT ( ) );
#5607 = STYLED_ITEM ( 'NONE', ( #1606 ), #3052 ) ;
#5608 = CARTESIAN_POINT ( 'NONE',  ( 0.2326979190238354644, 0.03240094471929357012, 0.000000000000000000 ) ) ;
#5609 = DIRECTION ( 'NONE',  ( 0.000000000000000000, 0.000000000000000000, 1.000000000000000000 ) ) ;
#5610 = CYLINDRICAL_SURFACE ( 'NONE', #507, 0.04999999999999995420 ) ;
#5611 = VERTEX_POINT ( 'NONE', #708 ) ;
#5612 = SURFACE_SIDE_STYLE ('',( #240 ) ) ;
#5613 = FACE_OUTER_BOUND ( 'NONE', #6336, .T. ) ;
#5614 = CARTESIAN_POINT ( 'NONE',  ( -1.629999999999999893, 0.4000000000000000777, 0.7799999999999996936 ) ) ;
#5615 = ADVANCED_FACE ( 'NONE', ( #5876 ), #303, .T. ) ;
#5616 = CARTESIAN_POINT ( 'NONE',  ( 1.449859023382403800, -1.329006013093301686, 1.670000000000000151 ) ) ;
#5617 = STYLED_ITEM ( 'NONE', ( #457 ), #4199 ) ;
#5618 = B_SPLINE_CURVE_WITH_KNOTS ( 'NONE', 3,
 ( #5035, #2596, #2068, #4571, #738, #2150, #1755, #3200, #3184, #3228, #3694, #2171, #3711, #2659, #5143, #5119, #5204, #5164, #5648 ),
 .UNSPECIFIED., .F., .F.,
 ( 4, 1, 1, 1, 1, 1, 1, 1, 1, 1, 1, 1, 1, 1, 1, 1, 4 ),
 ( 0.000000000000000000, 0.07015117599727850595, 0.1378126061901915334, 0.2032262471813940652, 0.2671740552944736335, 0.3300240034081791118, 0.3917942717866856883, 0.4530843989971406471, 0.5143339076458771641, 0.5749999928182689679, 0.6348654826222126513, 0.6941163151896416750, 0.7534416217804384974, 0.8131258003036114790, 0.8740796856370747214, 0.9360070132744073845, 1.000000000000000000 ),
 .UNSPECIFIED. ) ;
#5619 = CARTESIAN_POINT ( 'NONE',  ( 1.579999999999999627, 0.4000000000000000777, 0.8299999999999999600 ) ) ;
#5620 = AXIS2_PLACEMENT_3D ( 'NONE', #3608, #4189, #2689 ) ;
#5621 = DIRECTION ( 'NONE',  ( 1.000000000000000000, 0.000000000000000000, 0.000000000000000000 ) ) ;
#5622 = PRESENTATION_STYLE_ASSIGNMENT (( #2139 ) ) ;
#5623 = EDGE_CURVE ( 'NONE', #4613, #5801, #3162, .T. ) ;
#5624 =( NAMED_UNIT ( * ) SI_UNIT ( $, .STERADIAN. ) SOLID_ANGLE_UNIT ( ) );
#5625 = CARTESIAN_POINT ( 'NONE',  ( 0.2935640482879928737, 0.2054235635797306558, 0.02999999999999999889 ) ) ;
#5626 = CARTESIAN_POINT ( 'NONE',  ( 0.1612636241520405689, 0.1682983806167294705, 0.02999999999999999889 ) ) ;
#5627 = FILL_AREA_STYLE_COLOUR ( '', #4525 ) ;
#5628 = EDGE_LOOP ( 'NONE', ( #5917, #5880 ) ) ;
#5629 = EDGE_CURVE ( 'NONE', #5853, #4146, #2064, .T. ) ;
#5630 = CARTESIAN_POINT ( 'NONE',  ( -1.549999999999999822, -1.400000000000000355, 0.8299999999999999600 ) ) ;
#5631 = UNCERTAINTY_MEASURE_WITH_UNIT (LENGTH_MEASURE( 1.000000000000000082E-05 ), #2018, 'distance_accuracy_value', 'NONE');
#5632 = DIRECTION ( 'NONE',  ( 0.000000000000000000, -1.000000000000000000, 0.000000000000000000 ) ) ;
#5633 = EDGE_CURVE ( 'NONE', #2748, #4451, #3237, .T. ) ;
#5634 = DIRECTION ( 'NONE',  ( 0.000000000000000000, 0.000000000000000000, 1.000000000000000000 ) ) ;
#5635 = FILL_AREA_STYLE ('',( #6178 ) ) ;
#5636 = ORIENTED_EDGE ( 'NONE', *, *, #223, .F. ) ;
#5637 =( GEOMETRIC_REPRESENTATION_CONTEXT ( 3 ) GLOBAL_UNCERTAINTY_ASSIGNED_CONTEXT ( ( #3496 ) ) GLOBAL_UNIT_ASSIGNED_CONTEXT ( ( #664, #6055, #5638 ) ) REPRESENTATION_CONTEXT ( 'NONE', 'WORKASPACE' ) );
#5638 =( NAMED_UNIT ( * ) SI_UNIT ( $, .STERADIAN. ) SOLID_ANGLE_UNIT ( ) );
#5639 =( NAMED_UNIT ( * ) PLANE_ANGLE_UNIT ( ) SI_UNIT ( $, .RADIAN. ) );
#5640 = SURFACE_STYLE_FILL_AREA ( #751 ) ;
#5641 = CARTESIAN_POINT ( 'NONE',  ( -0.1677436098358698890, 0.03075110088486468843, 0.000000000000000000 ) ) ;
#5642 = DIRECTION ( 'NONE',  ( -0.000000000000000000, -0.000000000000000000, -1.000000000000000000 ) ) ;
#5643 = ORIENTED_EDGE ( 'NONE', *, *, #4117, .T. ) ;
#5644 = FACE_OUTER_BOUND ( 'NONE', #1935, .T. ) ;
#5645 = CARTESIAN_POINT ( 'NONE',  ( 0.2328181113315277440, 0.2221445344628833196, 0.02999999999999999889 ) ) ;
#5646 = ORIENTED_EDGE ( 'NONE', *, *, #3027, .T. ) ;
#5647 = CARTESIAN_POINT ( 'NONE',  ( -0.2936642604633441511, 0.1016317139500628047, 0.02999999999999999889 ) ) ;
#5648 = CARTESIAN_POINT ( 'NONE',  ( -0.1376546450787286824, 0.1908945344628833474, 0.000000000000000000 ) ) ;
#5649 = CARTESIAN_POINT ( 'NONE',  ( 0.2126605205620721306, 0.1996890977669887601, 0.000000000000000000 ) ) ;
#5650 = ADVANCED_FACE ( 'NONE', ( #624 ), #1077, .F. ) ;
#5651 = CARTESIAN_POINT ( 'NONE',  ( -1.749999999999999778, -1.100000000000000089, 0.7799999999999988054 ) ) ;
#5652 = ORIENTED_EDGE ( 'NONE', *, *, #5169, .T. ) ;
#5653 = ORIENTED_EDGE ( 'NONE', *, *, #416, .T. ) ;
#5654 = DIRECTION ( 'NONE',  ( 1.285153437213423508E-16, 0.000000000000000000, 1.000000000000000000 ) ) ;
#5655 = DIRECTION ( 'NONE',  ( 1.000000000000000000, 0.000000000000000000, 0.000000000000000000 ) ) ;
#5656 =( LENGTH_UNIT ( ) NAMED_UNIT ( * ) SI_UNIT ( .MILLI., .METRE. ) );
#5657 =( GEOMETRIC_REPRESENTATION_CONTEXT ( 3 ) GLOBAL_UNCERTAINTY_ASSIGNED_CONTEXT ( ( #473 ) ) GLOBAL_UNIT_ASSIGNED_CONTEXT ( ( #850, #3838, #4320 ) ) REPRESENTATION_CONTEXT ( 'NONE', 'WORKASPACE' ) );
#5658 = SURFACE_STYLE_USAGE ( .BOTH. , #1240 ) ;
#5659 = ORIENTED_EDGE ( 'NONE', *, *, #2974, .T. ) ;
#5660 = STYLED_ITEM ( 'NONE', ( #1847 ), #5650 ) ;
#5661 =( GEOMETRIC_REPRESENTATION_CONTEXT ( 3 ) GLOBAL_UNCERTAINTY_ASSIGNED_CONTEXT ( ( #2421 ) ) GLOBAL_UNIT_ASSIGNED_CONTEXT ( ( #6311, #946, #1849 ) ) REPRESENTATION_CONTEXT ( 'NONE', 'WORKASPACE' ) );
#5662 = FACE_OUTER_BOUND ( 'NONE', #5141, .T. ) ;
#5663 = FACE_OUTER_BOUND ( 'NONE', #2325, .T. ) ;
#5664 = VECTOR ( 'NONE', #178, 1000.000000000000000 ) ;
#5665 = LINE ( 'NONE', #6267, #3032 ) ;
#5666 = CARTESIAN_POINT ( 'NONE',  ( 1.406210549184707448, 1.335642303222658533, 0.1799999999999999933 ) ) ;
#5667 = CARTESIAN_POINT ( 'NONE',  ( 1.549999999999999822, 1.399999999999999911, 0.8299999999999999600 ) ) ;
#5668 = FACE_OUTER_BOUND ( 'NONE', #4376, .T. ) ;
#5669 = STYLED_ITEM ( 'NONE', ( #1937 ), #1993 ) ;
#5670 = STYLED_ITEM ( 'NONE', ( #3622 ), #6378 ) ;
#5671 = SURFACE_STYLE_FILL_AREA ( #5841 ) ;
#5672 = VECTOR ( 'NONE', #2227, 1000.000000000000000 ) ;
#5673 = EDGE_CURVE ( 'NONE', #2626, #986, #786, .T. ) ;
#5674 = CARTESIAN_POINT ( 'NONE',  ( -0.1742027419311885372, 0.06407670243337998395, 0.02999999999999999889 ) ) ;
#5675 = COLOUR_RGB ( '',1.000000000000000000, 1.000000000000000000, 1.000000000000000000 ) ;
#5676 = CARTESIAN_POINT ( 'NONE',  ( 1.550000000000000266, -1.399999999999999911, 0.9499999999999999556 ) ) ;
#5677 = UNCERTAINTY_MEASURE_WITH_UNIT (LENGTH_MEASURE( 1.000000000000000082E-05 ), #330, 'distance_accuracy_value', 'NONE');
#5678 = DIRECTION ( 'NONE',  ( 0.000000000000000000, -1.000000000000000000, 0.000000000000000000 ) ) ;
#5679 = CARTESIAN_POINT ( 'NONE',  ( 1.431778013715337750, 1.316187654346258507, 1.800000000000000044 ) ) ;
#5680 = PRESENTATION_STYLE_ASSIGNMENT (( #182 ) ) ;
#5681 = CARTESIAN_POINT ( 'NONE',  ( -0.04418509379667742709, 0.01701632933467818118, 0.02999999999999999889 ) ) ;
#5682 = VECTOR ( 'NONE', #3062, 1000.000000000000000 ) ;
#5683 = ADVANCED_FACE ( 'NONE', ( #5401 ), #3285, .F. ) ;
#5684 = VERTEX_POINT ( 'NONE', #1769 ) ;
#5685 = ORIENTED_EDGE ( 'NONE', *, *, #6305, .T. ) ;
#5686 = EDGE_LOOP ( 'NONE', ( #5483, #3913, #4221, #3054, #4491, #3206 ) ) ;
#5687 = ORIENTED_EDGE ( 'NONE', *, *, #6304, .F. ) ;
#5688 = LINE ( 'NONE', #1183, #3914 ) ;
#5689 = EDGE_CURVE ( 'NONE', #1687, #5462, #168, .T. ) ;
#5690 = CARTESIAN_POINT ( 'NONE',  ( -1.579999999999999627, 1.100000000000000089, 0.8299999999999999600 ) ) ;
#5691 = ORIENTED_EDGE ( 'NONE', *, *, #5967, .F. ) ;
#5692 = CARTESIAN_POINT ( 'NONE',  ( 1.549999999999999822, -1.100000000000000089, 0.9499999999999999556 ) ) ;
#5693 = ORIENTED_EDGE ( 'NONE', *, *, #1055, .T. ) ;
#5694 = DIRECTION ( 'NONE',  ( 0.000000000000000000, 0.000000000000000000, 1.000000000000000000 ) ) ;
#5695 = CARTESIAN_POINT ( 'NONE',  ( 0.3285941895984677008, 0.1677825171699356965, 0.02999999999999999889 ) ) ;
#5696 = SURFACE_STYLE_FILL_AREA ( #4484 ) ;
#5697 = EDGE_LOOP ( 'NONE', ( #103, #381, #2741, #4383 ) ) ;
#5698 = CARTESIAN_POINT ( 'NONE',  ( 0.1773126985740620387, 0.02565642783045759406, 0.02999999999999999889 ) ) ;
#5699 = VECTOR ( 'NONE', #3945, 1000.000000000000000 ) ;
#5700 = CARTESIAN_POINT ( 'NONE',  ( 0.1574677016386398509, 0.1939756874605046699, 0.000000000000000000 ) ) ;
#5701 =( NAMED_UNIT ( * ) PLANE_ANGLE_UNIT ( ) SI_UNIT ( $, .RADIAN. ) );
#5702 = CARTESIAN_POINT ( 'NONE',  ( -0.1869388715565518388, 0.1409207667389356933, 0.02999999999999999889 ) ) ;
#5703 = AXIS2_PLACEMENT_3D ( 'NONE', #4344, #2947, #48 ) ;
#5704 = FILL_AREA_STYLE_COLOUR ( '', #2635 ) ;
#5705 =( LENGTH_UNIT ( ) NAMED_UNIT ( * ) SI_UNIT ( .MILLI., .METRE. ) );
#5706 = ORIENTED_EDGE ( 'NONE', *, *, #1335, .F. ) ;
#5707 = MECHANICAL_DESIGN_GEOMETRIC_PRESENTATION_REPRESENTATION (  '', ( #3176 ), #3725 ) ;
#5708 = FACE_OUTER_BOUND ( 'NONE', #2511, .T. ) ;
#5709 = CARTESIAN_POINT ( 'NONE',  ( 1.749999999999999778, 1.400000000000000355, 0.9499999999999999556 ) ) ;
#5710 = ORIENTED_EDGE ( 'NONE', *, *, #1936, .T. ) ;
#5711 =( GEOMETRIC_REPRESENTATION_CONTEXT ( 3 ) GLOBAL_UNCERTAINTY_ASSIGNED_CONTEXT ( ( #1051 ) ) GLOBAL_UNIT_ASSIGNED_CONTEXT ( ( #6183, #1264, #4714 ) ) REPRESENTATION_CONTEXT ( 'NONE', 'WORKASPACE' ) );
#5712 = DIRECTION ( 'NONE',  ( 0.000000000000000000, 1.000000000000000000, 0.000000000000000000 ) ) ;
#5713 = EDGE_CURVE ( 'NONE', #3478, #2894, #3873, .T. ) ;
#5714 = DIRECTION ( 'NONE',  ( 0.000000000000000000, 1.000000000000000000, 0.000000000000000000 ) ) ;
#5715 = SURFACE_STYLE_FILL_AREA ( #4267 ) ;
#5716 = ADVANCED_FACE ( 'NONE', ( #6182 ), #776, .F. ) ;
#5717 = CARTESIAN_POINT ( 'NONE',  ( 0.1824415751741750857, 0.2111893963269408925, 0.000000000000000000 ) ) ;
#5718 = UNCERTAINTY_MEASURE_WITH_UNIT (LENGTH_MEASURE( 1.000000000000000082E-05 ), #6004, 'distance_accuracy_value', 'NONE');
#5719 = EDGE_LOOP ( 'NONE', ( #4341, #4907, #1292, #3911 ) ) ;
#5720 = EDGE_CURVE ( 'NONE', #5168, #3249, #550, .T. ) ;
#5721 = CARTESIAN_POINT ( 'NONE',  ( -0.1902301112016797358, 0.1079624917638373205, 0.02999999999999999889 ) ) ;
#5722 = CARTESIAN_POINT ( 'NONE',  ( -0.1494053499891331294, 0.1864647148304039437, 0.000000000000000000 ) ) ;
#5723 = FACE_OUTER_BOUND ( 'NONE', #4766, .T. ) ;
#5724 = SURFACE_STYLE_USAGE ( .BOTH. , #2248 ) ;
#5725 = CARTESIAN_POINT ( 'NONE',  ( 0.000000000000000000, 0.000000000000000000, 1.670000000000000151 ) ) ;
#5726 = DIRECTION ( 'NONE',  ( 0.000000000000000000, -0.000000000000000000, 1.000000000000000000 ) ) ;
#5727 = ORIENTED_EDGE ( 'NONE', *, *, #2859, .T. ) ;
#5728 = DIRECTION ( 'NONE',  ( 0.000000000000000000, 0.000000000000000000, 1.000000000000000000 ) ) ;
#5729 = FACE_OUTER_BOUND ( 'NONE', #4249, .T. ) ;
#5730 = EDGE_LOOP ( 'NONE', ( #3724, #1622, #3453, #3563 ) ) ;
#5731 = ORIENTED_EDGE ( 'NONE', *, *, #2475, .F. ) ;
#5732 = CARTESIAN_POINT ( 'NONE',  ( -1.000000000000000222, -1.100000000000000089, 0.06999999999999986788 ) ) ;
#5733 = DIRECTION ( 'NONE',  ( -1.000000000000000000, -1.548860246407863583E-16, -0.000000000000000000 ) ) ;
#5734 = CARTESIAN_POINT ( 'NONE',  ( -1.580000000000000071, -0.4000000000000000222, 0.1199999999999998707 ) ) ;
#5735 = EDGE_LOOP ( 'NONE', ( #462, #2708, #5760, #917 ) ) ;
#5736 = CARTESIAN_POINT ( 'NONE',  ( 0.2365886088725149272, 0.2220523437192570282, 0.02999999999999999889 ) ) ;
#5737 =( NAMED_UNIT ( * ) PLANE_ANGLE_UNIT ( ) SI_UNIT ( $, .RADIAN. ) );
#5738 = DIRECTION ( 'NONE',  ( -0.000000000000000000, 1.000000000000000000, -0.000000000000000000 ) ) ;
#5739 = AXIS2_PLACEMENT_3D ( 'NONE', #6028, #2012, #1621 ) ;
#5740 = ORIENTED_EDGE ( 'NONE', *, *, #2726, .T. ) ;
#5741 = CARTESIAN_POINT ( 'NONE',  ( -0.1902301112016797358, 0.1079624917638373205, 0.000000000000000000 ) ) ;
#5742 = FACE_OUTER_BOUND ( 'NONE', #4112, .T. ) ;
#5743 = DIRECTION ( 'NONE',  ( -0.000000000000000000, 1.000000000000000000, -0.000000000000000000 ) ) ;
#5744 = CARTESIAN_POINT ( 'NONE',  ( -1.750000000000000000, 0.4000000000000000777, 0.1200000000000011890 ) ) ;
#5745 = FILL_AREA_STYLE ('',( #5790 ) ) ;
#5746 = VECTOR ( 'NONE', #373, 1000.000000000000000 ) ;
#5747 = DIRECTION ( 'NONE',  ( -1.000000000000000000, 0.000000000000000000, 0.000000000000000000 ) ) ;
#5748 = ADVANCED_FACE ( 'NONE', ( #5708 ), #3311, .T. ) ;
#5749 = AXIS2_PLACEMENT_3D ( 'NONE', #4504, #3010, #3495 ) ;
#5750 = EDGE_CURVE ( 'NONE', #2396, #380, #3321, .T. ) ;
#5751 = CARTESIAN_POINT ( 'NONE',  ( 1.750000000000000000, -1.100000000000000089, 0.1200000000000011890 ) ) ;
#5752 = CARTESIAN_POINT ( 'NONE',  ( 0.1636826084135955262, 0.06307879717046335766, 0.02999999999999999889 ) ) ;
#5753 = CARTESIAN_POINT ( 'NONE',  ( -0.2082876578992415295, 0.1144922908731397238, 1.355252715606880543E-17 ) ) ;
#5754 = FILL_AREA_STYLE_COLOUR ( '', #2195 ) ;
#5755 = CARTESIAN_POINT ( 'NONE',  ( -1.629999999999999893, -1.100000000000000089, 0.1200000000000002176 ) ) ;
#5756 = DIRECTION ( 'NONE',  ( -0.000000000000000000, -0.000000000000000000, -1.000000000000000000 ) ) ;
#5757 = CARTESIAN_POINT ( 'NONE',  ( 0.1769606294518705214, 0.2083055825322639720, 0.02999999999999999889 ) ) ;
#5758 = MECHANICAL_DESIGN_GEOMETRIC_PRESENTATION_REPRESENTATION (  '', ( #1386 ), #3443 ) ;
#5759 = EDGE_CURVE ( 'NONE', #4580, #730, #6173, .T. ) ;
#5760 = ORIENTED_EDGE ( 'NONE', *, *, #6165, .T. ) ;
#5761 = PRESENTATION_LAYER_ASSIGNMENT (  '', '', ( #5428 ) ) ;
#5762 = DIRECTION ( 'NONE',  ( -0.000000000000000000, 1.000000000000000000, -0.000000000000000000 ) ) ;
#5763 = CARTESIAN_POINT ( 'NONE',  ( 0.3030367480105515265, 0.06261407697154003360, 0.000000000000000000 ) ) ;
#5764 = DIRECTION ( 'NONE',  ( -3.285461128743965351E-16, 0.000000000000000000, -1.000000000000000000 ) ) ;
#5765 = ORIENTED_EDGE ( 'NONE', *, *, #4094, .F. ) ;
#5766 = CARTESIAN_POINT ( 'NONE',  ( -0.1923997793554146352, 0.1744818064270687863, 0.02999999999999999889 ) ) ;
#5767 = ORIENTED_EDGE ( 'NONE', *, *, #2235, .F. ) ;
#5768 = DIRECTION ( 'NONE',  ( -0.000000000000000000, 1.000000000000000000, -0.000000000000000000 ) ) ;
#5769 = EDGE_LOOP ( 'NONE', ( #1704, #1421, #1991, #1609 ) ) ;
#5770 = COLOUR_RGB ( '',0.7960784313725489669, 0.8235294117647058432, 0.9372549019607843146 ) ;
#5771 = ORIENTED_EDGE ( 'NONE', *, *, #1779, .F. ) ;
#5772 = DIRECTION ( 'NONE',  ( 1.000000000000000000, 0.000000000000000000, 0.000000000000000000 ) ) ;
#5773 = COLOUR_RGB ( '',0.7960784313725489669, 0.8235294117647058432, 0.9372549019607843146 ) ;
#5774 = PLANE ( 'NONE',  #427 ) ;
#5775 = LINE ( 'NONE', #5510, #389 ) ;
#5776 = ORIENTED_EDGE ( 'NONE', *, *, #3111, .F. ) ;
#5777 = EDGE_CURVE ( 'NONE', #4068, #4626, #2382, .T. ) ;
#5778 = VECTOR ( 'NONE', #3034, 1000.000000000000000 ) ;
#5779 = PLANE ( 'NONE',  #5032 ) ;
#5780 = CARTESIAN_POINT ( 'NONE',  ( -0.1549207294480473562, 0.2071795223174372202, 0.000000000000000000 ) ) ;
#5781 = CARTESIAN_POINT ( 'NONE',  ( -0.2081808914083538020, 0.1071487464482826224, 1.355252715606880543E-17 ) ) ;
#5782 = DIRECTION ( 'NONE',  ( -0.000000000000000000, 1.000000000000000000, -0.000000000000000000 ) ) ;
#5783 = CARTESIAN_POINT ( 'NONE',  ( -0.3745937476428313206, 0.08111889343724229540, 0.02999999999999999889 ) ) ;
#5784 = CARTESIAN_POINT ( 'NONE',  ( 0.1455584959469123363, 0.1803176113859602525, 0.02999999999999999889 ) ) ;
#5785 = CARTESIAN_POINT ( 'NONE',  ( 0.2063140581526035910, 0.2194375458720644878, 0.000000000000000000 ) ) ;
#5786 = PRESENTATION_STYLE_ASSIGNMENT (( #5341 ) ) ;
#5787 = CARTESIAN_POINT ( 'NONE',  ( -1.629999999999999893, -0.4000000000000000222, 0.1200000000000002176 ) ) ;
#5788 = DIRECTION ( 'NONE',  ( -0.000000000000000000, 1.000000000000000000, -0.000000000000000000 ) ) ;
#5789 = MECHANICAL_DESIGN_GEOMETRIC_PRESENTATION_REPRESENTATION (  '', ( #3349 ), #5657 ) ;
#5790 = FILL_AREA_STYLE_COLOUR ( '', #1883 ) ;
#5791 = ORIENTED_EDGE ( 'NONE', *, *, #3735, .T. ) ;
#5792 = CARTESIAN_POINT ( 'NONE',  ( -1.579999999999999627, 0.4000000000000000777, 0.06999999999999986788 ) ) ;
#5793 = STYLED_ITEM ( 'NONE', ( #5358 ), #709 ) ;
#5794 = LINE ( 'NONE', #5681, #6335 ) ;
#5795 = CARTESIAN_POINT ( 'NONE',  ( -0.008287657899241539228, 0.1349650472833961445, 0.02999999999999999889 ) ) ;
#5796 = CARTESIAN_POINT ( 'NONE',  ( 0.1769606294518705214, 0.2083055825322639720, 0.000000000000000000 ) ) ;
#5797 = VERTEX_POINT ( 'NONE', #177 ) ;
#5798 =( NAMED_UNIT ( * ) SI_UNIT ( $, .STERADIAN. ) SOLID_ANGLE_UNIT ( ) );
#5799 = CARTESIAN_POINT ( 'NONE',  ( -0.1786551555514840905, 0.1912658300742073048, 0.000000000000000000 ) ) ;
#5800 = FILL_AREA_STYLE ('',( #2681 ) ) ;
#5801 = VERTEX_POINT ( 'NONE', #949 ) ;
#5802 = EDGE_CURVE ( 'NONE', #3042, #6179, #3041, .T. ) ;
#5803 = CARTESIAN_POINT ( 'NONE',  ( 0.1636826084135955262, 0.06307879717046335766, 0.02999999999999999889 ) ) ;
#5804 = CARTESIAN_POINT ( 'NONE',  ( 0.1467833729705873558, 0.1819336100867936235, -0.000000000000000000 ) ) ;
#5805 = DIRECTION ( 'NONE',  ( -1.000000000000000000, 0.000000000000000000, 0.000000000000000000 ) ) ;
#5806 = DIRECTION ( 'NONE',  ( 0.000000000000000000, 1.000000000000000000, 0.000000000000000000 ) ) ;
#5807 = LINE ( 'NONE', #82, #2783 ) ;
#5808 = ORIENTED_EDGE ( 'NONE', *, *, #4017, .T. ) ;
#5809 = FILL_AREA_STYLE ('',( #4793 ) ) ;
#5810 = CARTESIAN_POINT ( 'NONE',  ( 0.3210079975908001204, 0.09955489366109232519, 0.000000000000000000 ) ) ;
#5811 = SURFACE_STYLE_USAGE ( .BOTH. , #2903 ) ;
#5812 = CARTESIAN_POINT ( 'NONE',  ( 0.2932178323788557361, 0.1807388669368058809, 0.000000000000000000 ) ) ;
#5813 = CARTESIAN_POINT ( 'NONE',  ( 0.1045328549212713176, 0.2170163293346781819, 0.000000000000000000 ) ) ;
#5814 = DIRECTION ( 'NONE',  ( -0.000000000000000000, 1.000000000000000000, -0.000000000000000000 ) ) ;
#5815 = ORIENTED_EDGE ( 'NONE', *, *, #2354, .T. ) ;
#5816 = EDGE_LOOP ( 'NONE', ( #2044, #5558, #3594, #4058 ) ) ;
#5817 = CARTESIAN_POINT ( 'NONE',  ( -0.2081667174329029923, 0.1229487235568305081, 0.02999999999999999889 ) ) ;
#5818 = CARTESIAN_POINT ( 'NONE',  ( 0.3170946078099046161, 0.04935215368305598954, 0.02999999999999999889 ) ) ;
#5819 = CARTESIAN_POINT ( 'NONE',  ( -0.2073683751546098186, 0.1312161058078938347, 0.000000000000000000 ) ) ;
#5820 = CARTESIAN_POINT ( 'NONE',  ( -0.1127338421517737332, 0.1951723682526928239, 0.02999999999999999889 ) ) ;
#5821 = ORIENTED_EDGE ( 'NONE', *, *, #4556, .T. ) ;
#5822 = CARTESIAN_POINT ( 'NONE',  ( -0.1197431180749621848, 0.03874797813351738701, 0.000000000000000000 ) ) ;
#5823 = CARTESIAN_POINT ( 'NONE',  ( -0.1462621221020835305, 0.2103896976407123864, 0.02999999999999999889 ) ) ;
#5824 = CARTESIAN_POINT ( 'NONE',  ( -0.09473403789478840320, 0.03757059422236132262, 0.02999999999999999889 ) ) ;
#5825 = AXIS2_PLACEMENT_3D ( 'NONE', #5562, #1100, #6013 ) ;
#5826 = VECTOR ( 'NONE', #2026, 1000.000000000000000 ) ;
#5827 = LINE ( 'NONE', #5589, #2724 ) ;
#5828 = CARTESIAN_POINT ( 'NONE',  ( -0.1854316203897287685, 0.08388490821025287869, 0.000000000000000000 ) ) ;
#5829 = CARTESIAN_POINT ( 'NONE',  ( 0.2358669550684054927, 0.03246008821096201674, 0.02999999999999999889 ) ) ;
#5830 = CARTESIAN_POINT ( 'NONE',  ( -0.04418509379667742709, 0.01701632933467818118, 0.000000000000000000 ) ) ;
#5831 = COLOUR_RGB ( '',0.7960784313725489669, 0.8235294117647058432, 0.9372549019607843146 ) ;
#5832 = DIRECTION ( 'NONE',  ( 1.000000000000000000, 0.000000000000000000, 0.000000000000000000 ) ) ;
#5833 = CARTESIAN_POINT ( 'NONE',  ( -0.08456970918129284864, 0.2170163293346781819, 0.02999999999999999889 ) ) ;
#5834 = FACE_OUTER_BOUND ( 'NONE', #2977, .T. ) ;
#5835 = SURFACE_STYLE_FILL_AREA ( #4125 ) ;
#5836 = STYLED_ITEM ( 'NONE', ( #5680 ), #4401 ) ;
#5837 = UNCERTAINTY_MEASURE_WITH_UNIT (LENGTH_MEASURE( 1.000000000000000082E-05 ), #171, 'distance_accuracy_value', 'NONE');
#5838 = SURFACE_SIDE_STYLE ('',( #276 ) ) ;
#5839 = LINE ( 'NONE', #4134, #1047 ) ;
#5840 = EDGE_CURVE ( 'NONE', #2211, #6194, #860, .T. ) ;
#5841 = FILL_AREA_STYLE ('',( #3938 ) ) ;
#5842 = PRESENTATION_STYLE_ASSIGNMENT (( #4922 ) ) ;
#5843 = ORIENTED_EDGE ( 'NONE', *, *, #4570, .T. ) ;
#5844 = ORIENTED_EDGE ( 'NONE', *, *, #759, .T. ) ;
#5845 = CARTESIAN_POINT ( 'NONE',  ( -0.2051894723367625184, 0.08628245119141637887, 0.02999999999999999889 ) ) ;
#5846 = VERTEX_POINT ( 'NONE', #3916 ) ;
#5847 = FILL_AREA_STYLE_COLOUR ( '', #2114 ) ;
#5848 = EDGE_CURVE ( 'NONE', #2781, #4135, #1545, .T. ) ;
#5849 = PRESENTATION_STYLE_ASSIGNMENT (( #4482 ) ) ;
#5850 = ORIENTED_EDGE ( 'NONE', *, *, #1916, .F. ) ;
#5851 = AXIS2_PLACEMENT_3D ( 'NONE', #3516, #2488, #3970 ) ;
#5852 = STYLED_ITEM ( 'NONE', ( #504 ), #128 ) ;
#5853 = VERTEX_POINT ( 'NONE', #4900 ) ;
#5854 = VECTOR ( 'NONE', #889, 1000.000000000000000 ) ;
#5855 = VERTEX_POINT ( 'NONE', #2673 ) ;
#5856 = VECTOR ( 'NONE', #5743, 1000.000000000000000 ) ;
#5857 = VERTEX_POINT ( 'NONE', #5177 ) ;
#5858 =( LENGTH_UNIT ( ) NAMED_UNIT ( * ) SI_UNIT ( .MILLI., .METRE. ) );
#5859 = CARTESIAN_POINT ( 'NONE',  ( 0.2840130886246553521, 0.1874064354123089193, 0.02999999999999999889 ) ) ;
#5860 = CARTESIAN_POINT ( 'NONE',  ( -0.1452388157711278771, 0.02116458151853222586, 0.02999999999999999889 ) ) ;
#5861 = DIRECTION ( 'NONE',  ( -0.000000000000000000, -0.000000000000000000, -1.000000000000000000 ) ) ;
#5862 = SURFACE_STYLE_FILL_AREA ( #5340 ) ;
#5863 = EDGE_CURVE ( 'NONE', #298, #3722, #5871, .T. ) ;
#5864 = LINE ( 'NONE', #4730, #1909 ) ;
#5865 = ADVANCED_FACE ( 'NONE', ( #1232 ), #4623, .T. ) ;
#5866 = DIRECTION ( 'NONE',  ( 0.000000000000000000, -0.000000000000000000, -1.000000000000000000 ) ) ;
#5867 = ORIENTED_EDGE ( 'NONE', *, *, #4511, .F. ) ;
#5868 = CARTESIAN_POINT ( 'NONE',  ( -0.1903389399505236446, 0.1145323549757038262, 0.000000000000000000 ) ) ;
#5869 = CARTESIAN_POINT ( 'NONE',  ( -0.1408115449004925246, 0.04219608831103235230, 0.000000000000000000 ) ) ;
#5870 = CARTESIAN_POINT ( 'NONE',  ( -0.1425210112112701988, 0.2116265805118687782, 0.02999999999999999889 ) ) ;
#5871 = LINE ( 'NONE', #5419, #408 ) ;
#5872 = CARTESIAN_POINT ( 'NONE',  ( -0.1408115449004925246, 0.04219608831103235230, 0.02999999999999999889 ) ) ;
#5873 = ORIENTED_EDGE ( 'NONE', *, *, #2519, .T. ) ;
#5874 = APPLICATION_PROTOCOL_DEFINITION ( 'draft international standard', 'automotive_design', 1998, #1413 ) ;
#5875 = STYLED_ITEM ( 'NONE', ( #5849 ), #4268 ) ;
#5876 = FACE_OUTER_BOUND ( 'NONE', #2434, .T. ) ;
#5877 = SURFACE_SIDE_STYLE ('',( #4115 ) ) ;
#5878 = CARTESIAN_POINT ( 'NONE',  ( 1.750000000000000000, -1.100000000000000089, 0.1200000000000011890 ) ) ;
#5879 = CARTESIAN_POINT ( 'NONE',  ( 0.2002228758398475750, 0.01610655189553657218, 0.02999999999999999889 ) ) ;
#5880 = ORIENTED_EDGE ( 'NONE', *, *, #3936, .F. ) ;
#5881 = STYLED_ITEM ( 'NONE', ( #5097 ), #5255 ) ;
#5882 = PRESENTATION_LAYER_ASSIGNMENT (  '', '', ( #1569 ) ) ;
#5883 = PLANE ( 'NONE',  #3168 ) ;
#5884 = EDGE_LOOP ( 'NONE', ( #224, #2541, #5025, #2740 ) ) ;
#5885 = DIRECTION ( 'NONE',  ( 0.7941277684358859501, -0.6077508431907271413, 0.000000000000000000 ) ) ;
#5886 = AXIS2_PLACEMENT_3D ( 'NONE', #6077, #5246, #1170 ) ;
#5887 = EDGE_CURVE ( 'NONE', #1694, #3942, #3397, .T. ) ;
#5888 = DIRECTION ( 'NONE',  ( 0.000000000000000000, 0.000000000000000000, -1.000000000000000000 ) ) ;
#5889 = CARTESIAN_POINT ( 'NONE',  ( -0.1408115449004925246, 0.04219608831103235230, 0.02999999999999999889 ) ) ;
#5890 = ORIENTED_EDGE ( 'NONE', *, *, #4961, .F. ) ;
#5891 = VERTEX_POINT ( 'NONE', #1668 ) ;
#5892 = LINE ( 'NONE', #1785, #4574 ) ;
#5893 = ORIENTED_EDGE ( 'NONE', *, *, #4508, .F. ) ;
#5894 = ADVANCED_FACE ( 'NONE', ( #2688 ), #1719, .F. ) ;
#5895 = CARTESIAN_POINT ( 'NONE',  ( 0.2399355800268253569, 0.2015626774714116831, 0.000000000000000000 ) ) ;
#5896 = CARTESIAN_POINT ( 'NONE',  ( -0.06213381174539531898, 0.03752914984749869398, 0.02999999999999999889 ) ) ;
#5897 = CARTESIAN_POINT ( 'NONE',  ( 0.1622807479203701442, 0.03604198103976671841, 0.000000000000000000 ) ) ;
#5898 = ORIENTED_EDGE ( 'NONE', *, *, #1731, .F. ) ;
#5899 = VECTOR ( 'NONE', #715, 1000.000000000000000 ) ;
#5900 = EDGE_CURVE ( 'NONE', #3756, #487, #6102, .T. ) ;
#5901 = CARTESIAN_POINT ( 'NONE',  ( -0.1061642604633440956, 0.01701632933467818118, 0.02999999999999999889 ) ) ;
#5902 = DIRECTION ( 'NONE',  ( 1.000000000000000000, 0.000000000000000000, 0.000000000000000000 ) ) ;
#5903 = SURFACE_STYLE_USAGE ( .BOTH. , #2375 ) ;
#5904 = LINE ( 'NONE', #4810, #442 ) ;
#5905 = SURFACE_SIDE_STYLE ('',( #1631 ) ) ;
#5906 = CARTESIAN_POINT ( 'NONE',  ( -0.1422620168736004886, 0.04261729087313972236, 0.000000000000000000 ) ) ;
#5907 = COLOUR_RGB ( '',0.7960784313725489669, 0.8235294117647058432, 0.9372549019607843146 ) ;
#5908 = CARTESIAN_POINT ( 'NONE',  ( -0.008287657899241539228, 0.1965035088218576864, 0.02999999999999999889 ) ) ;
#5909 = VECTOR ( 'NONE', #6248, 1000.000000000000000 ) ;
#5910 = FILL_AREA_STYLE_COLOUR ( '', #148 ) ;
#5911 = AXIS2_PLACEMENT_3D ( 'NONE', #2658, #5163, #2727 ) ;
#5912 = CARTESIAN_POINT ( 'NONE',  ( 0.2905407345562455168, 0.05082226708316644331, 0.000000000000000000 ) ) ;
#5913 = DIRECTION ( 'NONE',  ( 0.6077508431907273634, 0.7941277684358859501, -0.000000000000000000 ) ) ;
#5914 = UNCERTAINTY_MEASURE_WITH_UNIT (LENGTH_MEASURE( 1.000000000000000082E-05 ), #790, 'distance_accuracy_value', 'NONE');
#5915 = CARTESIAN_POINT ( 'NONE',  ( 0.3081439627525271452, 0.1644811765391102354, 0.000000000000000000 ) ) ;
#5916 =( LENGTH_UNIT ( ) NAMED_UNIT ( * ) SI_UNIT ( .MILLI., .METRE. ) );
#5917 = ORIENTED_EDGE ( 'NONE', *, *, #5720, .F. ) ;
#5918 = CARTESIAN_POINT ( 'NONE',  ( 0.2258238823856318356, 0.01196457418828299375, 0.000000000000000000 ) ) ;
#5919 = ORIENTED_EDGE ( 'NONE', *, *, #5673, .F. ) ;
#5920 = LINE ( 'NONE', #4867, #6228 ) ;
#5921 = CARTESIAN_POINT ( 'NONE',  ( 0.3224585245159880542, 0.1187807148536018653, 0.02999999999999999889 ) ) ;
#5922 = SURFACE_SIDE_STYLE ('',( #813 ) ) ;
#5923 = ORIENTED_EDGE ( 'NONE', *, *, #6352, .F. ) ;
#5924 = PRESENTATION_LAYER_ASSIGNMENT (  '', '', ( #3519 ) ) ;
#5925 = LINE ( 'NONE', #3650, #3603 ) ;
#5926 = EDGE_CURVE ( 'NONE', #3177, #4837, #130, .T. ) ;
#5927 = ORIENTED_EDGE ( 'NONE', *, *, #4969, .F. ) ;
#5928 = FILL_AREA_STYLE_COLOUR ( '', #1155 ) ;
#5929 = VECTOR ( 'NONE', #3185, 1000.000000000000000 ) ;
#5930 = DIRECTION ( 'NONE',  ( 0.000000000000000000, 0.000000000000000000, -1.000000000000000000 ) ) ;
#5931 = ORIENTED_EDGE ( 'NONE', *, *, #4632, .T. ) ;
#5932 = PRESENTATION_STYLE_ASSIGNMENT (( #5978 ) ) ;
#5933 = CARTESIAN_POINT ( 'NONE',  ( 0.3370292003539612224, 0.08859548034369424396, 0.02999999999999999889 ) ) ;
#5934 = CARTESIAN_POINT ( 'NONE',  ( -0.09473403789478840320, 0.03757059422236132262, 0.02999999999999999889 ) ) ;
#5935 = EDGE_CURVE ( 'NONE', #2190, #2004, #5794, .T. ) ;
#5936 = VERTEX_POINT ( 'NONE', #3104 ) ;
#5937 =( NAMED_UNIT ( * ) PLANE_ANGLE_UNIT ( ) SI_UNIT ( $, .RADIAN. ) );
#5938 = FACE_OUTER_BOUND ( 'NONE', #1557, .T. ) ;
#5939 = DIRECTION ( 'NONE',  ( -1.000000000000000000, 0.000000000000000000, 0.000000000000000000 ) ) ;
#5940 = COLOUR_RGB ( '',0.7960784313725489669, 0.8235294117647058432, 0.9372549019607843146 ) ;
#5941 = APPLICATION_PROTOCOL_DEFINITION ( 'draft international standard', 'automotive_design', 1998, #2464 ) ;
#5942 = CARTESIAN_POINT ( 'NONE',  ( -0.1884693679016228307, 0.1346934412878726395, 0.02999999999999999889 ) ) ;
#5943 = CARTESIAN_POINT ( 'NONE',  ( -1.579999999999999849, -0.4000000000000000222, 0.7800000000000000266 ) ) ;
#5944 = CARTESIAN_POINT ( 'NONE',  ( 0.1827615259400978132, 0.02276346071548096192, 0.000000000000000000 ) ) ;
#5945 = LINE ( 'NONE', #4147, #1682 ) ;
#5946 = CARTESIAN_POINT ( 'NONE',  ( 0.3209490210092163509, 0.1340397880056959645, 0.02999999999999999889 ) ) ;
#5947 = ORIENTED_EDGE ( 'NONE', *, *, #3868, .F. ) ;
#5948 = EDGE_CURVE ( 'NONE', #5367, #690, #3549, .T. ) ;
#5949 =( NAMED_UNIT ( * ) PLANE_ANGLE_UNIT ( ) SI_UNIT ( $, .RADIAN. ) );
#5950 = VECTOR ( 'NONE', #3703, 1000.000000000000000 ) ;
#5951 = SURFACE_STYLE_USAGE ( .BOTH. , #6338 ) ;
#5952 = DIRECTION ( 'NONE',  ( 1.000000000000000000, 0.000000000000000000, 0.000000000000000000 ) ) ;
#5953 = STYLED_ITEM ( 'NONE', ( #1395 ), #3033 ) ;
#5954 = CARTESIAN_POINT ( 'NONE',  ( -0.1148525477611395673, 0.01708872302870471233, 0.02999999999999999889 ) ) ;
#5955 = ORIENTED_EDGE ( 'NONE', *, *, #5544, .F. ) ;
#5956 =( NAMED_UNIT ( * ) PLANE_ANGLE_UNIT ( ) SI_UNIT ( $, .RADIAN. ) );
#5957 = B_SPLINE_CURVE_WITH_KNOTS ( 'NONE', 3,
 ( #5961, #2450, #30, #2487, #5983, #5472, #2991, #4916, #4992, #2467, #1537, #3459, #4937, #63, #3008, #511, #3474, #999, #4975, #3433, #2531, #4443, #2512, #5410, #10, #4007, #1945 ),
 .UNSPECIFIED., .F., .F.,
 ( 4, 1, 1, 1, 1, 1, 1, 1, 1, 1, 1, 1, 1, 1, 1, 1, 1, 1, 1, 1, 1, 1, 1, 1, 4 ),
 ( 0.000000000000000000, 0.04395490890619430796, 0.08750187479760485054, 0.1304626267314900612, 0.1727520205665170894, 0.2154030673796033524, 0.2576498297432396334, 0.3001527489572936580, 0.3431214895020866518, 0.3859251632064337745, 0.4276857274028018630, 0.4688179504865897518, 0.5094918001549955111, 0.5498830310733489046, 0.5899800229668862306, 0.6304052300068400116, 0.6708686260826383085, 0.7113839438381758251, 0.7516272580635844358, 0.7917755768651915105, 0.8324589188037425647, 0.8733190450172880759, 0.9145429556263491300, 0.9569235582098846171, 1.000000000000000000 ),
 .UNSPECIFIED. ) ;
#5958 = CARTESIAN_POINT ( 'NONE',  ( -1.549999999999999378, -1.335642303222658756, 0.1799999999999999933 ) ) ;
#5959 = ORIENTED_EDGE ( 'NONE', *, *, #4195, .F. ) ;
#5960 = STYLED_ITEM ( 'NONE', ( #4062 ), #4236 ) ;
#5961 = CARTESIAN_POINT ( 'NONE',  ( 0.2339399062033226118, 0.2016317139500628242, 0.000000000000000000 ) ) ;
#5962 = CARTESIAN_POINT ( 'NONE',  ( 0.3181133776105083411, 0.1448222981012356747, 0.02999999999999999889 ) ) ;
#5963 = FILL_AREA_STYLE_COLOUR ( '', #1573 ) ;
#5964 = CARTESIAN_POINT ( 'NONE',  ( -0.1665566894930475550, 0.05611065878333622997, 0.000000000000000000 ) ) ;
#5965 = MECHANICAL_DESIGN_GEOMETRIC_PRESENTATION_REPRESENTATION (  '', ( #3935 ), #6292 ) ;
#5966 = VERTEX_POINT ( 'NONE', #1221 ) ;
#5967 = EDGE_CURVE ( 'NONE', #5684, #2686, #3156, .T. ) ;
#5968 = B_SPLINE_SURFACE_WITH_KNOTS ( 'NONE', 3, 1, ( 
 ( #1336, #4786 ),
 ( #5818, #3791 ),
 ( #1857, #1385 ),
 ( #3770, #4354 ),
 ( #5315, #5248 ),
 ( #1837, #2851 ),
 ( #420, #1817 ),
 ( #845, #5269 ),
 ( #5229, #1361 ),
 ( #2259, #3336 ),
 ( #6230, #6273 ) ),
 .UNSPECIFIED., .F., .F., .F.,
 ( 4, 1, 1, 1, 1, 1, 1, 1, 4 ),
 ( 2, 2 ),
 ( 0.000000000000000000, 0.1243285095938499452, 0.2471560163611867811, 0.3687797492913395536, 0.4907338624016478468, 0.6136137718478437142, 0.7389575757222154317, 0.8673105751912625339, 1.000000000000000000 ),
 ( 0.000000000000000000, 1.000000000000000000 ),
 .UNSPECIFIED. ) ;
#5969 =( NAMED_UNIT ( * ) SI_UNIT ( $, .STERADIAN. ) SOLID_ANGLE_UNIT ( ) );
#5970 = ORIENTED_EDGE ( 'NONE', *, *, #5209, .F. ) ;
#5971 = VECTOR ( 'NONE', #308, 1000.000000000000000 ) ;
#5972 = EDGE_CURVE ( 'NONE', #5364, #2560, #2138, .T. ) ;
#5973 = FILL_AREA_STYLE ('',( #1527 ) ) ;
#5974 = EDGE_CURVE ( 'NONE', #6312, #291, #2060, .T. ) ;
#5975 = CARTESIAN_POINT ( 'NONE',  ( -0.2082876578992415295, 0.1144922908731397238, 0.000000000000000000 ) ) ;
#5976 = FILL_AREA_STYLE_COLOUR ( '', #6122 ) ;
#5977 = PRESENTATION_STYLE_ASSIGNMENT (( #1605 ) ) ;
#5978 = SURFACE_STYLE_USAGE ( .BOTH. , #3985 ) ;
#5979 = CARTESIAN_POINT ( 'NONE',  ( 0.2326979190238354644, 0.03240094471929357012, 0.000000000000000000 ) ) ;
#5980 = LINE ( 'NONE', #1919, #3106 ) ;
#5981 = ORIENTED_EDGE ( 'NONE', *, *, #5497, .F. ) ;
#5982 = DIRECTION ( 'NONE',  ( -1.000000000000000000, 0.000000000000000000, 0.000000000000000000 ) ) ;
#5983 = CARTESIAN_POINT ( 'NONE',  ( 0.2516705242915028840, 0.2001043726000121536, 0.000000000000000000 ) ) ;
#5984 = CARTESIAN_POINT ( 'NONE',  ( 0.3196961914759959833, 0.1394993746253097022, 0.02999999999999999889 ) ) ;
#5985 = SURFACE_SIDE_STYLE ('',( #121 ) ) ;
#5986 = CARTESIAN_POINT ( 'NONE',  ( -0.06213381174539531898, 0.03752914984749869398, 0.02999999999999999889 ) ) ;
#5987 = COLOUR_RGB ( '',0.7960784313725489669, 0.8235294117647058432, 0.9372549019607843146 ) ;
#5988 = FACE_OUTER_BOUND ( 'NONE', #45, .T. ) ;
#5989 = COLOUR_RGB ( '',0.7960784313725489669, 0.8235294117647058432, 0.9372549019607843146 ) ;
#5990 = CARTESIAN_POINT ( 'NONE',  ( -1.549999999999999822, -1.399999999999999911, 1.800000000000000044 ) ) ;
#5991 = FACE_OUTER_BOUND ( 'NONE', #879, .T. ) ;
#5992 = CARTESIAN_POINT ( 'NONE',  ( 0.5776535529154035453, -1.317820171807394303, 0.000000000000000000 ) ) ;
#5993 = CARTESIAN_POINT ( 'NONE',  ( -1.579999999999999627, -1.100000000000000089, 0.06999999999999986788 ) ) ;
#5994 = DIRECTION ( 'NONE',  ( -0.000000000000000000, 0.000000000000000000, -1.000000000000000000 ) ) ;
#5995 = SURFACE_STYLE_FILL_AREA ( #5077 ) ;
#5996 = ORIENTED_EDGE ( 'NONE', *, *, #2179, .F. ) ;
#5997 = CARTESIAN_POINT ( 'NONE',  ( -0.2339286835402671350, 0.01701632933467818118, 0.02999999999999999889 ) ) ;
#5998 = ORIENTED_EDGE ( 'NONE', *, *, #6261, .T. ) ;
#5999 = VERTEX_POINT ( 'NONE', #2457 ) ;
#6001 =( GEOMETRIC_REPRESENTATION_CONTEXT ( 3 ) GLOBAL_UNCERTAINTY_ASSIGNED_CONTEXT ( ( #1207 ) ) GLOBAL_UNIT_ASSIGNED_CONTEXT ( ( #4196, #3785, #1261 ) ) REPRESENTATION_CONTEXT ( 'NONE', 'WORKASPACE' ) );
#6000 = VECTOR ( 'NONE', #3272, 1000.000000000000000 ) ;
#6002 = ORIENTED_EDGE ( 'NONE', *, *, #3531, .F. ) ;
#6003 = CARTESIAN_POINT ( 'NONE',  ( -0.1849885356225280386, 0.1469029582918090771, 0.02999999999999999889 ) ) ;
#6004 =( LENGTH_UNIT ( ) NAMED_UNIT ( * ) SI_UNIT ( .MILLI., .METRE. ) );
#6005 = CARTESIAN_POINT ( 'NONE',  ( 0.3150697138956303212, 0.04686408574493459989, 0.02999999999999999889 ) ) ;
#6006 = DIRECTION ( 'NONE',  ( -0.000000000000000000, 1.000000000000000000, -0.000000000000000000 ) ) ;
#6007 = ORIENTED_EDGE ( 'NONE', *, *, #2053, .T. ) ;
#6008 = PRESENTATION_STYLE_ASSIGNMENT (( #2357 ) ) ;
#6009 = ORIENTED_EDGE ( 'NONE', *, *, #3900, .T. ) ;
#6010 = VECTOR ( 'NONE', #25, 1000.000000000000000 ) ;
#6011 =( NAMED_UNIT ( * ) PLANE_ANGLE_UNIT ( ) SI_UNIT ( $, .RADIAN. ) );
#6012 = PRESENTATION_LAYER_ASSIGNMENT (  '', '', ( #5669 ) ) ;
#6013 = DIRECTION ( 'NONE',  ( 0.000000000000000000, 0.000000000000000000, 1.000000000000000000 ) ) ;
#6014 = AXIS2_PLACEMENT_3D ( 'NONE', #3303, #2898, #4935 ) ;
#6015 = EDGE_CURVE ( 'NONE', #1050, #1296, #4545, .T. ) ;
#6016 = ADVANCED_FACE ( 'NONE', ( #6257 ), #519, .F. ) ;
#6017 = ORIENTED_EDGE ( 'NONE', *, *, #80, .F. ) ;
#6018 = DIRECTION ( 'NONE',  ( 0.000000000000000000, 0.000000000000000000, 1.000000000000000000 ) ) ;
#6019 = VECTOR ( 'NONE', #2230, 1000.000000000000000 ) ;
#6020 = DIRECTION ( 'NONE',  ( -0.000000000000000000, 0.000000000000000000, -1.000000000000000000 ) ) ;
#6021 = EDGE_CURVE ( 'NONE', #3756, #3203, #5235, .T. ) ;
#6022 = CARTESIAN_POINT ( 'NONE',  ( -0.1046745016320214661, 0.1957487866150913747, 0.02999999999999999889 ) ) ;
#6023 = CARTESIAN_POINT ( 'NONE',  ( 0.3030181480944614258, 0.03493691016021218537, 0.02999999999999999889 ) ) ;
#6024 = DIRECTION ( 'NONE',  ( 0.000000000000000000, -0.000000000000000000, -1.000000000000000000 ) ) ;
#6025 = ORIENTED_EDGE ( 'NONE', *, *, #2777, .F. ) ;
#6026 = CARTESIAN_POINT ( 'NONE',  ( 0.3285941895984677008, 0.1677825171699356965, 0.000000000000000000 ) ) ;
#6027 =( LENGTH_UNIT ( ) NAMED_UNIT ( * ) SI_UNIT ( .MILLI., .METRE. ) );
#6028 = CARTESIAN_POINT ( 'NONE',  ( -1.550000000000000266, -1.399999999999999911, 0.9499999999999999556 ) ) ;
#6029 = ORIENTED_EDGE ( 'NONE', *, *, #5974, .F. ) ;
#6030 = CARTESIAN_POINT ( 'NONE',  ( 0.3306784201292300440, 0.07068420514262034604, 0.000000000000000000 ) ) ;
#6031 = UNCERTAINTY_MEASURE_WITH_UNIT (LENGTH_MEASURE( 1.000000000000000082E-05 ), #2701, 'distance_accuracy_value', 'NONE');
#6032 = MECHANICAL_DESIGN_GEOMETRIC_PRESENTATION_REPRESENTATION (  '', ( #1371 ), #6363 ) ;
#6033 = DIRECTION ( 'NONE',  ( 0.000000000000000000, -1.000000000000000000, 0.000000000000000000 ) ) ;
#6034 = CARTESIAN_POINT ( 'NONE',  ( 0.3635072138956303434, 0.01701632933467818118, 0.02999999999999999889 ) ) ;
#6035 = ORIENTED_EDGE ( 'NONE', *, *, #3769, .T. ) ;
#6036 = DIRECTION ( 'NONE',  ( -1.000000000000000000, -0.000000000000000000, -0.000000000000000000 ) ) ;
#6037 = ORIENTED_EDGE ( 'NONE', *, *, #4107, .T. ) ;
#6038 = SURFACE_STYLE_USAGE ( .BOTH. , #5532 ) ;
#6039 = MECHANICAL_DESIGN_GEOMETRIC_PRESENTATION_REPRESENTATION (  '', ( #3932 ), #1931 ) ;
#6040 = VERTEX_POINT ( 'NONE', #1620 ) ;
#6041 = CARTESIAN_POINT ( 'NONE',  ( 0.3112910624704624540, 0.04258288988906891448, 0.000000000000000000 ) ) ;
#6042 = DIRECTION ( 'NONE',  ( 1.000000000000000000, -0.000000000000000000, -1.285153437213423508E-16 ) ) ;
#6043 =( NAMED_UNIT ( * ) SI_UNIT ( $, .STERADIAN. ) SOLID_ANGLE_UNIT ( ) );
#6044 = ADVANCED_FACE ( 'NONE', ( #84 ), #5444, .F. ) ;
#6045 = MECHANICAL_DESIGN_GEOMETRIC_PRESENTATION_REPRESENTATION (  '', ( #2166 ), #1075 ) ;
#6047 = EDGE_CURVE ( 'NONE', #8, #5211, #1836, .T. ) ;
#6046 = ORIENTED_EDGE ( 'NONE', *, *, #1007, .F. ) ;
#6048 = VECTOR ( 'NONE', #2746, 1000.000000000000000 ) ;
#6049 = CARTESIAN_POINT ( 'NONE',  ( 0.2652905922757161639, 0.2181297430975046858, 0.000000000000000000 ) ) ;
#6050 = CARTESIAN_POINT ( 'NONE',  ( 0.1574677016386398509, 0.1939756874605046699, 0.02999999999999999889 ) ) ;
#6051 = FILL_AREA_STYLE_COLOUR ( '', #5394 ) ;
#6052 = CARTESIAN_POINT ( 'NONE',  ( -1.579999999999999627, 1.100000000000000089, 0.06999999999999986788 ) ) ;
#6053 = ORIENTED_EDGE ( 'NONE', *, *, #5802, .F. ) ;
#6054 = EDGE_CURVE ( 'NONE', #5999, #4278, #3933, .T. ) ;
#6055 =( NAMED_UNIT ( * ) PLANE_ANGLE_UNIT ( ) SI_UNIT ( $, .RADIAN. ) );
#6056 = CARTESIAN_POINT ( 'NONE',  ( -0.1769531744839433762, 0.03770244775316093644, 0.000000000000000000 ) ) ;
#6057 = CARTESIAN_POINT ( 'NONE',  ( 1.579999999999999849, 0.4000000000000000777, 0.7800000000000000266 ) ) ;
#6058 = PRESENTATION_STYLE_ASSIGNMENT (( #4019 ) ) ;
#6059 = AXIS2_PLACEMENT_3D ( 'NONE', #5943, #1969, #1032 ) ;
#6060 = VECTOR ( 'NONE', #5861, 1000.000000000000000 ) ;
#6061 = LINE ( 'NONE', #6063, #4208 ) ;
#6062 = COLOUR_RGB ( '',1.000000000000000000, 1.000000000000000000, 1.000000000000000000 ) ;
#6063 = CARTESIAN_POINT ( 'NONE',  ( -0.3745937476428313206, 0.08111889343724229540, 0.000000000000000000 ) ) ;
#6064 = CYLINDRICAL_SURFACE ( 'NONE', #1087, 0.1699999999999999567 ) ;
#6065 = CARTESIAN_POINT ( 'NONE',  ( -0.3651386194377030381, 0.1016317139500628047, 0.000000000000000000 ) ) ;
#6066 = CARTESIAN_POINT ( 'NONE',  ( 0.1612636241520405689, 0.06573427805262690993, 0.02999999999999999889 ) ) ;
#6067 = CARTESIAN_POINT ( 'NONE',  ( -0.1903389399505236446, 0.1145323549757038262, 0.02999999999999999889 ) ) ;
#6068 = VECTOR ( 'NONE', #1405, 1000.000000000000000 ) ;
#6069 = CARTESIAN_POINT ( 'NONE',  ( 0.2339399062033226118, 0.2016317139500628242, 0.000000000000000000 ) ) ;
#6070 = DIRECTION ( 'NONE',  ( -1.000000000000000000, 0.000000000000000000, -0.000000000000000000 ) ) ;
#6071 = CARTESIAN_POINT ( 'NONE',  ( 0.3635072138956303434, 0.01701632933467818118, 0.000000000000000000 ) ) ;
#6072 = ORIENTED_EDGE ( 'NONE', *, *, #2095, .T. ) ;
#6073 = ORIENTED_EDGE ( 'NONE', *, *, #4284, .T. ) ;
#6074 = VERTEX_POINT ( 'NONE', #5572 ) ;
#6075 = LINE ( 'NONE', #426, #4604 ) ;
#6076 = ADVANCED_FACE ( 'NONE', ( #5151, #24 ), #20, .T. ) ;
#6077 = CARTESIAN_POINT ( 'NONE',  ( 1.580000000000000071, -0.4000000000000000222, 0.1199999999999999123 ) ) ;
#6078 = ORIENTED_EDGE ( 'NONE', *, *, #6341, .F. ) ;
#6079 = ORIENTED_EDGE ( 'NONE', *, *, #1862, .T. ) ;
#6080 = COLOUR_RGB ( '',1.000000000000000000, 1.000000000000000000, 1.000000000000000000 ) ;
#6081 = EDGE_LOOP ( 'NONE', ( #4721, #863, #2520, #722 ) ) ;
#6082 = LINE ( 'NONE', #4287, #3297 ) ;
#6083 = ORIENTED_EDGE ( 'NONE', *, *, #5146, .F. ) ;
#6084 = B_SPLINE_CURVE_WITH_KNOTS ( 'NONE', 3,
 ( #2073, #632, #2643, #3631, #3144, #2575, #6026, #3060, #4599, #4553, #2117, #5541, #682, #2620, #6049, #3076, #147, #3582, #4080 ),
 .UNSPECIFIED., .F., .F.,
 ( 4, 1, 1, 1, 1, 1, 1, 1, 1, 1, 1, 1, 1, 1, 1, 1, 4 ),
 ( 0.000000000000000000, 0.06455784592971912372, 0.1270135315497586959, 0.1879548102020904554, 0.2480139127896340834, 0.3077476818488373289, 0.3682345146974853045, 0.4294698439426694603, 0.4927434367465848841, 0.5562577687060833442, 0.6182167855431437431, 0.6796554755875550136, 0.7412455456206292759, 0.8034152647056967966, 0.8668154615439923605, 0.9323283119492651316, 1.000000000000000000 ),
 .UNSPECIFIED. ) ;
#6085 = FACE_OUTER_BOUND ( 'NONE', #6145, .T. ) ;
#6086 = DIRECTION ( 'NONE',  ( -0.000000000000000000, 1.000000000000000000, -0.000000000000000000 ) ) ;
#6087 = EDGE_CURVE ( 'NONE', #3982, #463, #1067, .T. ) ;
#6088 = DIRECTION ( 'NONE',  ( 1.000000000000000000, 0.000000000000000000, -0.000000000000000000 ) ) ;
#6089 =( NAMED_UNIT ( * ) PLANE_ANGLE_UNIT ( ) SI_UNIT ( $, .RADIAN. ) );
#6090 = CARTESIAN_POINT ( 'NONE',  ( 0.3138055016128484254, 0.04543173865148977114, 3.388131789017201356E-18 ) ) ;
#6091 = SURFACE_SIDE_STYLE ('',( #4684 ) ) ;
#6092 = LINE ( 'NONE', #1680, #4997 ) ;
#6093 = VECTOR ( 'NONE', #1258, 1000.000000000000000 ) ;
#6094 = CARTESIAN_POINT ( 'NONE',  ( 0.08658413697255337715, 0.03752914984749869398, 0.02999999999999999889 ) ) ;
#6095 = EDGE_CURVE ( 'NONE', #1636, #2824, #160, .T. ) ;
#6096 = DIRECTION ( 'NONE',  ( -0.9079872537420919931, 0.4189977888269744155, 0.000000000000000000 ) ) ;
#6097 = DIRECTION ( 'NONE',  ( 1.000000000000000000, 1.548860246407863583E-16, -0.000000000000000000 ) ) ;
#6098 =( GEOMETRIC_REPRESENTATION_CONTEXT ( 3 ) GLOBAL_UNCERTAINTY_ASSIGNED_CONTEXT ( ( #943 ) ) GLOBAL_UNIT_ASSIGNED_CONTEXT ( ( #3637, #3613, #3172 ) ) REPRESENTATION_CONTEXT ( 'NONE', 'WORKASPACE' ) );
#6099 = CARTESIAN_POINT ( 'NONE',  ( -0.5776535529154035453, 1.317820171807394303, 0.000000000000000000 ) ) ;
#6100 = CARTESIAN_POINT ( 'NONE',  ( -1.749999999999999778, 0.4000000000000000777, 0.7799999999999988054 ) ) ;
#6101 = ORIENTED_EDGE ( 'NONE', *, *, #5759, .F. ) ;
#6102 = LINE ( 'NONE', #1237, #5157 ) ;
#6103 = DIRECTION ( 'NONE',  ( -0.000000000000000000, -1.000000000000000000, -0.000000000000000000 ) ) ;
#6104 = VERTEX_POINT ( 'NONE', #5423 ) ;
#6105 =( NAMED_UNIT ( * ) SI_UNIT ( $, .STERADIAN. ) SOLID_ANGLE_UNIT ( ) );
#6106 = EDGE_CURVE ( 'NONE', #2463, #2785, #2769, .T. ) ;
#6107 = CARTESIAN_POINT ( 'NONE',  ( 0.1612636241520405689, 0.1682983806167294705, 0.000000000000000000 ) ) ;
#6108 = CARTESIAN_POINT ( 'NONE',  ( 0.1612636241520405689, 0.1682983806167294705, 0.000000000000000000 ) ) ;
#6109 = ADVANCED_FACE ( 'NONE', ( #1475 ), #3656, .F. ) ;
#6110 = ORIENTED_EDGE ( 'NONE', *, *, #2522, .T. ) ;
#6111 = UNCERTAINTY_MEASURE_WITH_UNIT (LENGTH_MEASURE( 1.000000000000000082E-05 ), #188, 'distance_accuracy_value', 'NONE');
#6112 = CARTESIAN_POINT ( 'NONE',  ( 0.1622807479203701442, 0.03604198103976671841, 0.02999999999999999889 ) ) ;
#6113 = DIRECTION ( 'NONE',  ( 0.000000000000000000, 0.000000000000000000, 1.000000000000000000 ) ) ;
#6114 = VERTEX_POINT ( 'NONE', #4122 ) ;
#6115 = ORIENTED_EDGE ( 'NONE', *, *, #2371, .T. ) ;
#6116 =( LENGTH_UNIT ( ) NAMED_UNIT ( * ) SI_UNIT ( .MILLI., .METRE. ) );
#6117 =( GEOMETRIC_REPRESENTATION_CONTEXT ( 3 ) GLOBAL_UNCERTAINTY_ASSIGNED_CONTEXT ( ( #4300 ) ) GLOBAL_UNIT_ASSIGNED_CONTEXT ( ( #811, #4263, #2780 ) ) REPRESENTATION_CONTEXT ( 'NONE', 'WORKASPACE' ) );
#6118 =( LENGTH_UNIT ( ) NAMED_UNIT ( * ) SI_UNIT ( .MILLI., .METRE. ) );
#6119 = ORIENTED_EDGE ( 'NONE', *, *, #3706, .T. ) ;
#6120 = B_SPLINE_CURVE_WITH_KNOTS ( 'NONE', 3,
 ( #4951, #1049, #5431, #1011, #5471, #5485, #2462, #2485, #2965, #4501, #5912, #5007, #3947, #3004, #2046, #3510, #526, #1986, #5979 ),
 .UNSPECIFIED., .F., .F.,
 ( 4, 1, 1, 1, 1, 1, 1, 1, 1, 1, 1, 1, 1, 1, 1, 1, 4 ),
 ( 0.000000000000000000, 0.06432321657984212127, 0.1262901037035559781, 0.1867264692161329231, 0.2461464323353447503, 0.3055756426461387343, 0.3654293856180519384, 0.4263263089482600132, 0.4888399064006413997, 0.5517249718140473380, 0.6139185964661594275, 0.6754837657683966379, 0.7373338970992860952, 0.8002290443945266896, 0.8645022981233231318, 0.9310407391556975165, 1.000000000000000000 ),
 .UNSPECIFIED. ) ;
#6121 = CARTESIAN_POINT ( 'NONE',  ( 1.629999999999999893, -1.100000000000000089, 0.7799999999999996936 ) ) ;
#6122 = COLOUR_RGB ( '',0.7960784313725489669, 0.8235294117647058432, 0.9372549019607843146 ) ;
#6123 =( NAMED_UNIT ( * ) PLANE_ANGLE_UNIT ( ) SI_UNIT ( $, .RADIAN. ) );
#6124 = CARTESIAN_POINT ( 'NONE',  ( 0.3404302908187072374, 0.1181781883090371604, 0.02999999999999999889 ) ) ;
#6125 = CARTESIAN_POINT ( 'NONE',  ( 0.1681900548780425053, 0.1760105194755488822, 0.000000000000000000 ) ) ;
#6126 = FILL_AREA_STYLE ('',( #2203 ) ) ;
#6127 = VERTEX_POINT ( 'NONE', #6094 ) ;
#6128 = EDGE_CURVE ( 'NONE', #2824, #1737, #4622, .T. ) ;
#6129 = CARTESIAN_POINT ( 'NONE',  ( -0.1422620168736004886, 0.04261729087313972236, 0.02999999999999999889 ) ) ;
#6130 = CARTESIAN_POINT ( 'NONE',  ( -0.1903096092440094422, 0.1168714109927062317, 0.000000000000000000 ) ) ;
#6131 = DIRECTION ( 'NONE',  ( -1.807003620809174188E-15, -0.000000000000000000, 1.000000000000000000 ) ) ;
#6132 = VECTOR ( 'NONE', #5242, 1000.000000000000000 ) ;
#6133 = DIRECTION ( 'NONE',  ( 0.000000000000000000, 0.000000000000000000, 1.000000000000000000 ) ) ;
#6134 = DIRECTION ( 'NONE',  ( -0.000000000000000000, -1.000000000000000000, -0.000000000000000000 ) ) ;
#6135 = ADVANCED_FACE ( 'NONE', ( #4326 ), #1163, .T. ) ;
#6136 = LINE ( 'NONE', #2310, #3511 ) ;
#6137 = LINE ( 'NONE', #726, #5124 ) ;
#6138 = FILL_AREA_STYLE_COLOUR ( '', #4756 ) ;
#6139 =( LENGTH_UNIT ( ) NAMED_UNIT ( * ) SI_UNIT ( .MILLI., .METRE. ) );
#6140 = CARTESIAN_POINT ( 'NONE',  ( 0.1623839606295379434, 0.1696335788927941235, -0.000000000000000000 ) ) ;
#6141 = COLOUR_RGB ( '',1.000000000000000000, 1.000000000000000000, 1.000000000000000000 ) ;
#6142 = CARTESIAN_POINT ( 'NONE',  ( 0.1646095290195339067, 0.1722859740769842885, 0.02999999999999999889 ) ) ;
#6143 = SURFACE_STYLE_USAGE ( .BOTH. , #2641 ) ;
#6144 = EDGE_LOOP ( 'NONE', ( #3158, #4962, #6156, #2550, #1685, #321, #1283, #4140, #4454, #834, #4016, #2611 ) ) ;
#6145 = EDGE_LOOP ( 'NONE', ( #134, #3204, #1995, #4185 ) ) ;
#6146 = VERTEX_POINT ( 'NONE', #617 ) ;
#6147 = VERTEX_POINT ( 'NONE', #2556 ) ;
#6148 = CARTESIAN_POINT ( 'NONE',  ( -0.1577317363092074209, 0.04959361444047707956, 0.02999999999999999889 ) ) ;
#6149 = CYLINDRICAL_SURFACE ( 'NONE', #3473, 1.199999999999999956 ) ;
#6150 = DIRECTION ( 'NONE',  ( 1.000000000000000000, 0.000000000000000000, 0.000000000000000000 ) ) ;
#6151 = STYLED_ITEM ( 'NONE', ( #2680 ), #2900 ) ;
#6152 = PLANE ( 'NONE',  #2837 ) ;
#6153 = SURFACE_STYLE_USAGE ( .BOTH. , #4660 ) ;
#6154 = EDGE_LOOP ( 'NONE', ( #1582, #3554, #410, #1568 ) ) ;
#6155 = DIRECTION ( 'NONE',  ( -0.000000000000000000, 0.000000000000000000, 1.000000000000000000 ) ) ;
#6156 = ORIENTED_EDGE ( 'NONE', *, *, #3575, .T. ) ;
#6157 = CARTESIAN_POINT ( 'NONE',  ( 1.549999999999999822, -1.399999999999999911, 0.8299999999999999600 ) ) ;
#6158 = VECTOR ( 'NONE', #2321, 1000.000000000000227 ) ;
#6159 = DIRECTION ( 'NONE',  ( 0.000000000000000000, -0.000000000000000000, -1.000000000000000000 ) ) ;
#6160 = FACE_OUTER_BOUND ( 'NONE', #2890, .T. ) ;
#6161 = AXIS2_PLACEMENT_3D ( 'NONE', #4566, #669, #6018 ) ;
#6162 = DIRECTION ( 'NONE',  ( -0.000000000000000000, 1.000000000000000000, -0.000000000000000000 ) ) ;
#6163 = PRESENTATION_LAYER_ASSIGNMENT (  '', '', ( #2166 ) ) ;
#6164 = CARTESIAN_POINT ( 'NONE',  ( -0.04418509379667742709, 0.01701632933467818118, 0.02999999999999999889 ) ) ;
#6165 = EDGE_CURVE ( 'NONE', #1415, #5600, #5945, .T. ) ;
#6166 = CARTESIAN_POINT ( 'NONE',  ( -0.008287657899241539228, 0.1349650472833961445, 0.02999999999999999889 ) ) ;
#6167 = DIRECTION ( 'NONE',  ( 1.000000000000000000, 0.000000000000000000, -0.000000000000000000 ) ) ;
#6168 = DIRECTION ( 'NONE',  ( -1.000000000000000000, -0.000000000000000000, -0.000000000000000000 ) ) ;
#6169 = ADVANCED_FACE ( 'NONE', ( #5467 ), #5581, .F. ) ;
#6170 = DIRECTION ( 'NONE',  ( -1.000000000000000000, 0.000000000000000000, 0.000000000000000000 ) ) ;
#6171 = EDGE_LOOP ( 'NONE', ( #302, #3596, #6002, #796 ) ) ;
#6172 = EDGE_CURVE ( 'NONE', #5085, #4768, #6084, .T. ) ;
#6173 = LINE ( 'NONE', #2305, #4858 ) ;
#6174 = CARTESIAN_POINT ( 'NONE',  ( -0.1831543900130765401, 0.07854737619768645263, 0.02999999999999999889 ) ) ;
#6175 = DIRECTION ( 'NONE',  ( -1.000000000000000000, 0.000000000000000000, 0.000000000000000000 ) ) ;
#6176 = DIRECTION ( 'NONE',  ( -0.000000000000000000, 1.000000000000000000, -0.000000000000000000 ) ) ;
#6177 = PRESENTATION_LAYER_ASSIGNMENT (  '', '', ( #3 ) ) ;
#6178 = FILL_AREA_STYLE_COLOUR ( '', #3744 ) ;
#6179 = VERTEX_POINT ( 'NONE', #2054 ) ;
#6180 = PRESENTATION_LAYER_ASSIGNMENT (  '', '', ( #5852 ) ) ;
#6181 = FILL_AREA_STYLE ('',( #6220 ) ) ;
#6182 = FACE_OUTER_BOUND ( 'NONE', #599, .T. ) ;
#6183 =( LENGTH_UNIT ( ) NAMED_UNIT ( * ) SI_UNIT ( .MILLI., .METRE. ) );
#6184 = ORIENTED_EDGE ( 'NONE', *, *, #1346, .F. ) ;
#6185 = VECTOR ( 'NONE', #6033, 1000.000000000000000 ) ;
#6186 = CARTESIAN_POINT ( 'NONE',  ( 1.000000000000000222, -0.4000000000000000222, 0.06999999999999986788 ) ) ;
#6187 = ORIENTED_EDGE ( 'NONE', *, *, #6087, .T. ) ;
#6188 = SURFACE_SIDE_STYLE ('',( #2987 ) ) ;
#6189 = CARTESIAN_POINT ( 'NONE',  ( 0.3386811059465742457, 0.1392404929600386809, 0.02999999999999999889 ) ) ;
#6190 = CARTESIAN_POINT ( 'NONE',  ( 0.1885351250192765782, 0.1909398193425108636, 0.02999999999999999889 ) ) ;
#6191 = CARTESIAN_POINT ( 'NONE',  ( 0.4404302908187072152, 0.03752914984749869398, 0.02999999999999999889 ) ) ;
#6192 = UNCERTAINTY_MEASURE_WITH_UNIT (LENGTH_MEASURE( 1.000000000000000082E-05 ), #1667, 'distance_accuracy_value', 'NONE');
#6193 = VERTEX_POINT ( 'NONE', #5066 ) ;
#6194 = VERTEX_POINT ( 'NONE', #2092 ) ;
#6195 = DIRECTION ( 'NONE',  ( -0.000000000000000000, -0.000000000000000000, 1.000000000000000000 ) ) ;
#6196 = DIRECTION ( 'NONE',  ( 1.000000000000000000, 0.000000000000000000, 1.285153437213423508E-16 ) ) ;
#6197 = DIRECTION ( 'NONE',  ( 1.000000000000000000, 0.000000000000000000, -0.000000000000000000 ) ) ;
#6198 = DIRECTION ( 'NONE',  ( 0.000000000000000000, 0.000000000000000000, -1.000000000000000000 ) ) ;
#6199 = SURFACE_STYLE_FILL_AREA ( #5215 ) ;
#6200 = VERTEX_POINT ( 'NONE', #2603 ) ;
#6201 = FACE_OUTER_BOUND ( 'NONE', #5320, .T. ) ;
#6202 = STYLED_ITEM ( 'NONE', ( #3058 ), #4066 ) ;
#6203 = ADVANCED_FACE ( 'NONE', ( #5075 ), #169, .T. ) ;
#6204 = LINE ( 'NONE', #1561, #4888 ) ;
#6205 = STYLED_ITEM ( 'NONE', ( #3240 ), #5469 ) ;
#6206 = MECHANICAL_DESIGN_GEOMETRIC_PRESENTATION_REPRESENTATION (  '', ( #1569 ), #137 ) ;
#6207 = FILL_AREA_STYLE_COLOUR ( '', #5283 ) ;
#6208 = PRESENTATION_STYLE_ASSIGNMENT (( #904 ) ) ;
#6209 = DIRECTION ( 'NONE',  ( 0.000000000000000000, -0.000000000000000000, 1.000000000000000000 ) ) ;
#6210 = LINE ( 'NONE', #5113, #4041 ) ;
#6211 = CARTESIAN_POINT ( 'NONE',  ( -0.1480312476428312374, 0.2098047908731397182, 0.000000000000000000 ) ) ;
#6212 = CARTESIAN_POINT ( 'NONE',  ( -0.07619631174539540086, 0.1965035088218576864, 0.000000000000000000 ) ) ;
#6213 = LINE ( 'NONE', #2066, #3583 ) ;
#6214 = CARTESIAN_POINT ( 'NONE',  ( 0.1492264126845367911, 0.1851567491673044019, 0.000000000000000000 ) ) ;
#6215 = EDGE_CURVE ( 'NONE', #3478, #2560, #1467, .T. ) ;
#6216 = COLOUR_RGB ( '',0.7960784313725489669, 0.8235294117647058432, 0.9372549019607843146 ) ;
#6217 = CARTESIAN_POINT ( 'NONE',  ( 0.3224815728699892969, 0.1168160088218576781, 0.02999999999999999889 ) ) ;
#6218 = CARTESIAN_POINT ( 'NONE',  ( 0.3210079975908001204, 0.09955489366109232519, 0.02999999999999999889 ) ) ;
#6219 =( NAMED_UNIT ( * ) PLANE_ANGLE_UNIT ( ) SI_UNIT ( $, .RADIAN. ) );
#6220 = FILL_AREA_STYLE_COLOUR ( '', #736 ) ;
#6221 = SURFACE_STYLE_FILL_AREA ( #241 ) ;
#6222 = CARTESIAN_POINT ( 'NONE',  ( -0.3288004784120621138, 0.2170163293346781819, 0.02999999999999999889 ) ) ;
#6223 = ORIENTED_EDGE ( 'NONE', *, *, #2602, .F. ) ;
#6224 = ORIENTED_EDGE ( 'NONE', *, *, #6215, .T. ) ;
#6225 = PLANE ( 'NONE',  #718 ) ;
#6226 = LINE ( 'NONE', #27, #2273 ) ;
#6227 = ORIENTED_EDGE ( 'NONE', *, *, #1738, .T. ) ;
#6228 = VECTOR ( 'NONE', #1906, 1000.000000000000000 ) ;
#6229 = EDGE_CURVE ( 'NONE', #1411, #4985, #1144, .T. ) ;
#6230 = CARTESIAN_POINT ( 'NONE',  ( 0.3404302908187072374, 0.1181781883090371604, 0.02999999999999999889 ) ) ;
#6231 = CARTESIAN_POINT ( 'NONE',  ( 1.750000000000000000, 0.4000000000000000777, 0.1200000000000011890 ) ) ;
#6232 = ORIENTED_EDGE ( 'NONE', *, *, #3976, .F. ) ;
#6233 = LINE ( 'NONE', #6235, #758 ) ;
#6234 = ORIENTED_EDGE ( 'NONE', *, *, #2938, .F. ) ;
#6235 = CARTESIAN_POINT ( 'NONE',  ( -1.000000000000000000, 0.4000000000000000777, -0.05000000000000012074 ) ) ;
#6236 = SURFACE_SIDE_STYLE ('',( #4582 ) ) ;
#6237 = COLOUR_RGB ( '',1.000000000000000000, 1.000000000000000000, 1.000000000000000000 ) ;
#6238 = VERTEX_POINT ( 'NONE', #5630 ) ;
#6239 = CARTESIAN_POINT ( 'NONE',  ( 1.580000000000000071, -1.100000000000000089, 0.1199999999999999123 ) ) ;
#6240 = ADVANCED_FACE ( 'NONE', ( #19 ), #2177, .F. ) ;
#6241 = CARTESIAN_POINT ( 'NONE',  ( 0.2305201415060187664, 0.2221169837091195309, 0.02999999999999999889 ) ) ;
#6242 = CARTESIAN_POINT ( 'NONE',  ( -0.08509054251462612461, 0.03752914984749868010, 0.02999999999999999889 ) ) ;
#6243 = DIRECTION ( 'NONE',  ( 0.000000000000000000, 0.000000000000000000, -1.000000000000000000 ) ) ;
#6244 = AXIS2_PLACEMENT_3D ( 'NONE', #1708, #3669, #2217 ) ;
#6245 = DIRECTION ( 'NONE',  ( -0.000000000000000000, -0.000000000000000000, -1.000000000000000000 ) ) ;
#6246 = PLANE ( 'NONE',  #1513 ) ;
#6247 = LINE ( 'NONE', #5280, #5539 ) ;
#6248 = DIRECTION ( 'NONE',  ( -3.285461128743964857E-16, -0.000000000000000000, -1.000000000000000000 ) ) ;
#6249 = CARTESIAN_POINT ( 'NONE',  ( -1.579999999999999849, 0.4000000000000000777, 0.9499999999999999556 ) ) ;
#6250 = STYLED_ITEM ( 'NONE', ( #1723 ), #4715 ) ;
#6251 = ORIENTED_EDGE ( 'NONE', *, *, #53, .T. ) ;
#6252 = CARTESIAN_POINT ( 'NONE',  ( -0.1675683000499899045, 0.2001641278555729431, 0.000000000000000000 ) ) ;
#6253 = CARTESIAN_POINT ( 'NONE',  ( -0.07619631174539540086, 0.1965035088218576864, 0.000000000000000000 ) ) ;
#6254 = EDGE_CURVE ( 'NONE', #1074, #2013, #180, .T. ) ;
#6255 = CARTESIAN_POINT ( 'NONE',  ( -1.580000000000000071, -1.100000000000000089, 0.1199999999999998707 ) ) ;
#6256 = CARTESIAN_POINT ( 'NONE',  ( 0.2548858283256912882, 0.2204356394796730678, 0.000000000000000000 ) ) ;
#6257 = FACE_OUTER_BOUND ( 'NONE', #1059, .T. ) ;
#6258 = FILL_AREA_STYLE_COLOUR ( '', #4145 ) ;
#6259 = CARTESIAN_POINT ( 'NONE',  ( 0.1824415751741750857, 0.2111893963269408925, 0.02999999999999999889 ) ) ;
#6260 = VERTEX_POINT ( 'NONE', #2204 ) ;
#6261 = EDGE_CURVE ( 'NONE', #291, #5462, #158, .T. ) ;
#6262 = CARTESIAN_POINT ( 'NONE',  ( -0.1436713116357698217, 0.1889227657640480951, 0.02999999999999999889 ) ) ;
#6263 = LINE ( 'NONE', #22, #2539 ) ;
#6264 = DIRECTION ( 'NONE',  ( 1.000000000000000000, 0.000000000000000000, -3.285461128743965351E-16 ) ) ;
#6265 = PRESENTATION_LAYER_ASSIGNMENT (  '', '', ( #112 ) ) ;
#6266 = CARTESIAN_POINT ( 'NONE',  ( -0.2061579790574435134, 0.1391997552970636320, 0.02999999999999999889 ) ) ;
#6267 = CARTESIAN_POINT ( 'NONE',  ( 0.1612636241520405689, 0.1682983806167294705, 0.02999999999999999889 ) ) ;
#6268 = ORIENTED_EDGE ( 'NONE', *, *, #655, .T. ) ;
#6269 = CARTESIAN_POINT ( 'NONE',  ( 0.000000000000000000, 0.000000000000000000, 1.800000000000000044 ) ) ;
#6270 = VECTOR ( 'NONE', #5511, 1000.000000000000000 ) ;
#6271 = CARTESIAN_POINT ( 'NONE',  ( -0.2043838957694344705, 0.1468681197434490993, 0.02999999999999999889 ) ) ;
#6272 = ORIENTED_EDGE ( 'NONE', *, *, #3729, .F. ) ;
#6273 = CARTESIAN_POINT ( 'NONE',  ( 0.3404302908187072374, 0.1181781883090371604, 0.000000000000000000 ) ) ;
#6274 = EDGE_CURVE ( 'NONE', #3942, #2748, #1607, .T. ) ;
#6275 = CARTESIAN_POINT ( 'NONE',  ( 0.1846282948735586127, 0.04530340640330819679, 0.000000000000000000 ) ) ;
#6276 = ORIENTED_EDGE ( 'NONE', *, *, #1706, .F. ) ;
#6277 = DIRECTION ( 'NONE',  ( 0.000000000000000000, -0.000000000000000000, 1.000000000000000000 ) ) ;
#6278 = CARTESIAN_POINT ( 'NONE',  ( 0.2548858283256912882, 0.2204356394796730678, 0.02999999999999999889 ) ) ;
#6279 = CARTESIAN_POINT ( 'NONE',  ( 0.2192428186656078526, 0.2215306702172205044, 0.02999999999999999889 ) ) ;
#6280 = PRESENTATION_LAYER_ASSIGNMENT (  '', '', ( #5607 ) ) ;
#6281 = CARTESIAN_POINT ( 'NONE',  ( 0.2326979190238354644, 0.03240094471929357012, 0.02999999999999999889 ) ) ;
#6282 = CARTESIAN_POINT ( 'NONE',  ( -0.1598219665627239328, 0.1803304087177835802, 0.02999999999999999889 ) ) ;
#6283 = DIRECTION ( 'NONE',  ( 1.000000000000000000, 0.000000000000000000, 0.000000000000000000 ) ) ;
#6284 = CARTESIAN_POINT ( 'NONE',  ( 0.4404302908187072152, 0.2170163293346781819, 0.000000000000000000 ) ) ;
#6285 = CARTESIAN_POINT ( 'NONE',  ( 1.549999999999999822, 1.335642303222658533, 0.1799999999999999933 ) ) ;
#6286 = CARTESIAN_POINT ( 'NONE',  ( -1.549999999999999822, -1.100000000000000089, 0.8299999999999999600 ) ) ;
#6287 = ORIENTED_EDGE ( 'NONE', *, *, #488, .F. ) ;
#6288 = STYLED_ITEM ( 'NONE', ( #3222 ), #3617 ) ;
#6289 = CYLINDRICAL_SURFACE ( 'NONE', #4272, 0.04999999999999995420 ) ;
#6290 = LINE ( 'NONE', #6284, #2100 ) ;
#6291 = CARTESIAN_POINT ( 'NONE',  ( -0.2073683751546098186, 0.1312161058078938347, 0.000000000000000000 ) ) ;
#6292 =( GEOMETRIC_REPRESENTATION_CONTEXT ( 3 ) GLOBAL_UNCERTAINTY_ASSIGNED_CONTEXT ( ( #4014 ) ) GLOBAL_UNIT_ASSIGNED_CONTEXT ( ( #4166, #5701, #3717 ) ) REPRESENTATION_CONTEXT ( 'NONE', 'WORKASPACE' ) );
#6293 = EDGE_CURVE ( 'NONE', #2535, #1636, #2449, .T. ) ;
#6294 = CARTESIAN_POINT ( 'NONE',  ( -1.549999999999999822, 0.4000000000000000777, 0.8299999999999999600 ) ) ;
#6295 = CARTESIAN_POINT ( 'NONE',  ( 0.2326979190238354644, 0.03240094471929357012, 0.000000000000000000 ) ) ;
#6296 = CARTESIAN_POINT ( 'NONE',  ( -0.2034521858546364526, 0.07974941016938469351, 1.355252715606880543E-17 ) ) ;
#6297 = LINE ( 'NONE', #6294, #6068 ) ;
#6298 = LINE ( 'NONE', #211, #4210 ) ;
#6299 = DIRECTION ( 'NONE',  ( 0.000000000000000000, 0.000000000000000000, 1.000000000000000000 ) ) ;
#6300 = EDGE_CURVE ( 'NONE', #4613, #5797, #5864, .T. ) ;
#6301 = DIRECTION ( 'NONE',  ( 0.000000000000000000, -0.09853005703411681082, 0.9951340753189258370 ) ) ;
#6302 = DIRECTION ( 'NONE',  ( 0.000000000000000000, 0.000000000000000000, 1.000000000000000000 ) ) ;
#6303 = CARTESIAN_POINT ( 'NONE',  ( -1.629999999999999893, 0.4000000000000000777, 0.1200000000000002176 ) ) ;
#6304 = EDGE_CURVE ( 'NONE', #166, #3982, #2990, .T. ) ;
#6305 = EDGE_CURVE ( 'NONE', #690, #5966, #3309, .T. ) ;
#6306 = LINE ( 'NONE', #5507, #5448 ) ;
#6307 = CARTESIAN_POINT ( 'NONE',  ( 0.3162239594065519577, 0.08367486417016700706, 0.000000000000000000 ) ) ;
#6308 = CARTESIAN_POINT ( 'NONE',  ( 0.1468223879401191478, 0.05220447090975625232, -0.000000000000000000 ) ) ;
#6309 = CARTESIAN_POINT ( 'NONE',  ( -0.1811821868524746415, 0.04173476651852754682, 0.02999999999999999889 ) ) ;
#6310 = ORIENTED_EDGE ( 'NONE', *, *, #2859, .F. ) ;
#6311 =( LENGTH_UNIT ( ) NAMED_UNIT ( * ) SI_UNIT ( .MILLI., .METRE. ) );
#6312 = VERTEX_POINT ( 'NONE', #3759 ) ;
#6313 = FACE_OUTER_BOUND ( 'NONE', #1492, .T. ) ;
#6314 = VERTEX_POINT ( 'NONE', #5787 ) ;
#6315 = CARTESIAN_POINT ( 'NONE',  ( -0.2021328542496374225, 0.1542301282000790308, 0.000000000000000000 ) ) ;
#6316 = EDGE_LOOP ( 'NONE', ( #5867, #5636, #3525, #1901 ) ) ;
#6317 = ORIENTED_EDGE ( 'NONE', *, *, #631, .T. ) ;
#6318 = VECTOR ( 'NONE', #1164, 1000.000000000000000 ) ;
#6319 = FILL_AREA_STYLE_COLOUR ( '', #1658 ) ;
#6320 = FACE_OUTER_BOUND ( 'NONE', #2591, .T. ) ;
#6321 = CARTESIAN_POINT ( 'NONE',  ( 0.1684238245413893220, 0.05787404698433836620, 0.02999999999999999889 ) ) ;
#6322 = UNCERTAINTY_MEASURE_WITH_UNIT (LENGTH_MEASURE( 1.000000000000000082E-05 ), #4175, 'distance_accuracy_value', 'NONE');
#6323 = CARTESIAN_POINT ( 'NONE',  ( -0.1359774367146333873, 0.1913583303412443315, 0.02999999999999999889 ) ) ;
#6324 = DIRECTION ( 'NONE',  ( -0.000000000000000000, 1.000000000000000000, -0.000000000000000000 ) ) ;
#6325 = CARTESIAN_POINT ( 'NONE',  ( -0.1359774367146333873, 0.1913583303412443315, -0.000000000000000000 ) ) ;
#6326 = VECTOR ( 'NONE', #1715, 1000.000000000000000 ) ;
#6327 = CARTESIAN_POINT ( 'NONE',  ( -0.1872189685392244562, 0.08952543156189141094, 0.000000000000000000 ) ) ;
#6328 =( GEOMETRIC_REPRESENTATION_CONTEXT ( 3 ) GLOBAL_UNCERTAINTY_ASSIGNED_CONTEXT ( ( #4685 ) ) GLOBAL_UNIT_ASSIGNED_CONTEXT ( ( #6027, #6011, #3118 ) ) REPRESENTATION_CONTEXT ( 'NONE', 'WORKASPACE' ) );
#6329 = CARTESIAN_POINT ( 'NONE',  ( 0.1720630395737613172, 0.02881590693230726488, 0.000000000000000000 ) ) ;
#6330 = CARTESIAN_POINT ( 'NONE',  ( 0.2684354858242756769, 0.1953316093871750869, 0.02999999999999999889 ) ) ;
#6331 = ORIENTED_EDGE ( 'NONE', *, *, #3324, .T. ) ;
#6332 = DIRECTION ( 'NONE',  ( -0.000000000000000000, 0.000000000000000000, -1.000000000000000000 ) ) ;
#6333 = AXIS2_PLACEMENT_3D ( 'NONE', #1720, #816, #6159 ) ;
#6334 = MECHANICAL_DESIGN_GEOMETRIC_PRESENTATION_REPRESENTATION (  '', ( #5456 ), #479 ) ;
#6335 = VECTOR ( 'NONE', #691, 1000.000000000000000 ) ;
#6336 = EDGE_LOOP ( 'NONE', ( #1291, #2223, #2404, #888, #3683, #5408 ) ) ;
#6337 = SURFACE_STYLE_USAGE ( .BOTH. , #5838 ) ;
#6338 = SURFACE_SIDE_STYLE ('',( #5671 ) ) ;
#6339 = CARTESIAN_POINT ( 'NONE',  ( -0.1957007843673969072, 0.06160120847874816369, 0.02999999999999999889 ) ) ;
#6340 = ORIENTED_EDGE ( 'NONE', *, *, #1780, .T. ) ;
#6341 = EDGE_CURVE ( 'NONE', #6179, #3455, #668, .T. ) ;
#6342 = CARTESIAN_POINT ( 'NONE',  ( -0.1324855623138160299, 0.04027903630127983164, 0.02999999999999999889 ) ) ;
#6343 = VECTOR ( 'NONE', #600, 1000.000000000000000 ) ;
#6344 = ORIENTED_EDGE ( 'NONE', *, *, #1666, .T. ) ;
#6345 = ORIENTED_EDGE ( 'NONE', *, *, #1390, .T. ) ;
#6346 = CARTESIAN_POINT ( 'NONE',  ( 0.2835265681794501558, 0.04586509099680551038, 0.02999999999999999889 ) ) ;
#6347 =( NAMED_UNIT ( * ) PLANE_ANGLE_UNIT ( ) SI_UNIT ( $, .RADIAN. ) );
#6348 = CARTESIAN_POINT ( 'NONE',  ( -1.579999999999999849, 1.100000000000000089, 0.7800000000000000266 ) ) ;
#6349 = CARTESIAN_POINT ( 'NONE',  ( -0.1986750631421097257, 0.06739649281637533074, 0.02999999999999999889 ) ) ;
#6350 = VERTEX_POINT ( 'NONE', #6242 ) ;
#6351 = ORIENTED_EDGE ( 'NONE', *, *, #5383, .T. ) ;
#6352 = EDGE_CURVE ( 'NONE', #463, #5295, #3966, .T. ) ;
#6353 = CARTESIAN_POINT ( 'NONE',  ( 0.4583790087674252112, 0.01701632933467818118, 0.02999999999999999889 ) ) ;
#6354 = ORIENTED_EDGE ( 'NONE', *, *, #4925, .F. ) ;
#6355 = FACE_OUTER_BOUND ( 'NONE', #1080, .T. ) ;
#6356 = ORIENTED_EDGE ( 'NONE', *, *, #2699, .T. ) ;
#6357 = CARTESIAN_POINT ( 'NONE',  ( -0.08456970918129284864, 0.2170163293346781819, 0.000000000000000000 ) ) ;
#6358 = VECTOR ( 'NONE', #3153, 1000.000000000000000 ) ;
#6359 = CARTESIAN_POINT ( 'NONE',  ( -0.1811821868524746415, 0.04173476651852754682, 1.355252715606880543E-17 ) ) ;
#6360 = ORIENTED_EDGE ( 'NONE', *, *, #5689, .F. ) ;
#6361 = DIRECTION ( 'NONE',  ( 0.000000000000000000, 1.000000000000000000, 0.000000000000000000 ) ) ;
#6362 = CARTESIAN_POINT ( 'NONE',  ( 1.579999999999998517, -1.100000000000000089, 0.9499999999999999556 ) ) ;
#6363 =( GEOMETRIC_REPRESENTATION_CONTEXT ( 3 ) GLOBAL_UNCERTAINTY_ASSIGNED_CONTEXT ( ( #1705 ) ) GLOBAL_UNIT_ASSIGNED_CONTEXT ( ( #869, #3795, #2314 ) ) REPRESENTATION_CONTEXT ( 'NONE', 'WORKASPACE' ) );
#6364 = VECTOR ( 'NONE', #3476, 1000.000000000000000 ) ;
#6365 = LINE ( 'NONE', #3664, #4661 ) ;
#6366 = LINE ( 'NONE', #5833, #6060 ) ;
#6367 = CARTESIAN_POINT ( 'NONE',  ( 0.2512064633621257093, 0.03379013784586235719, 0.02999999999999999889 ) ) ;
#6368 =( NAMED_UNIT ( * ) SI_UNIT ( $, .STERADIAN. ) SOLID_ANGLE_UNIT ( ) );
#6369 = LINE ( 'NONE', #851, #585 ) ;
#6370 = CARTESIAN_POINT ( 'NONE',  ( 0.2684354858242756769, 0.1953316093871750869, 0.000000000000000000 ) ) ;
#6371 = DIRECTION ( 'NONE',  ( 1.000000000000000000, 0.000000000000000000, 1.285153437213423508E-16 ) ) ;
#6372 = CARTESIAN_POINT ( 'NONE',  ( 0.1942325572396191302, 0.01799940272596699253, 0.000000000000000000 ) ) ;
#6373 = FACE_OUTER_BOUND ( 'NONE', #782, .T. ) ;
#6374 =( GEOMETRIC_REPRESENTATION_CONTEXT ( 3 ) GLOBAL_UNCERTAINTY_ASSIGNED_CONTEXT ( ( #1119 ) ) GLOBAL_UNIT_ASSIGNED_CONTEXT ( ( #1137, #4541, #3086 ) ) REPRESENTATION_CONTEXT ( 'NONE', 'WORKASPACE' ) );
#6375 =( LENGTH_UNIT ( ) NAMED_UNIT ( * ) SI_UNIT ( .MILLI., .METRE. ) );
#6376 = VECTOR ( 'NONE', #908, 1000.000000000000000 ) ;
#6377 = EDGE_CURVE ( 'NONE', #2460, #4716, #3142, .T. ) ;
#6378 = ADVANCED_FACE ( 'NONE', ( #1834 ), #5540, .F. ) ;
#6379 = SURFACE_STYLE_USAGE ( .BOTH. , #4393 ) ;
#6380 = ORIENTED_EDGE ( 'NONE', *, *, #4187, .T. ) ;
#6381 = CARTESIAN_POINT ( 'NONE',  ( 1.579999999999998517, 0.4000000000000000777, 0.9499999999999999556 ) ) ;
#6382 = ORIENTED_EDGE ( 'NONE', *, *, #6021, .T. ) ;
#6383 = CARTESIAN_POINT ( 'NONE',  ( -0.5776535529154035453, 1.399999999999999911, 0.000000000000000000 ) ) ;
#6384 = EDGE_CURVE ( 'NONE', #1759, #794, #5388, .T. ) ;
#6385 = ORIENTED_EDGE ( 'NONE', *, *, #1039, .T. ) ;
#6386 = VECTOR ( 'NONE', #1734, 1000.000000000000000 ) ;
ENDSEC;
END-ISO-10303-21;
